GInOut,esbCntcDt,forEmpTeu,forEmp_10,forEmp_20,forEmp_40,forEmp_99,korEmpTeu,korEmp_10,korEmp_20,korEmp_40,korEmp_99,mm,ocCt,prtAtCode,yyyy
2,2018-06-27 14:41:37.000,14354.00,8,6196,3854,199,1636.00,0,606,515,0,09,1,030,2005
3,2018-06-27 14:41:37.000,0.00,0,0,0,0,2.00,0,2,0,0,09,1,030,2005
4,2018-06-27 14:41:37.000,2.00,0,2,0,0,0.00,0,0,0,0,09,1,030,2005
1,2018-06-27 14:41:37.000,0.00,0,0,0,0,892.00,0,182,355,0,09,2,030,2005
2,2018-06-27 14:41:37.000,0.00,0,0,0,0,147.00,0,73,37,0,09,2,030,2005
3,2018-06-27 14:41:37.000,0.00,0,0,0,0,0.00,0,0,0,0,09,2,030,2005
4,2018-06-27 14:41:37.000,0.00,0,0,0,0,0.00,0,0,0,0,09,2,030,2005
1,2018-06-27 14:41:37.000,3541.00,0,857,1342,0,623.00,0,573,25,0,10,1,030,2005
2,2018-06-27 14:41:37.000,16727.00,12,7585,4352,195,2109.00,0,619,745,0,10,1,030,2005
3,2018-06-27 14:41:37.000,0.00,0,0,0,0,0.00,0,0,0,0,10,1,030,2005
4,2018-06-27 14:41:37.000,0.00,0,0,0,0,0.00,0,0,0,0,10,1,030,2005
1,2018-06-27 14:41:37.000,0.00,0,0,0,0,1054.00,0,42,506,0,10,2,030,2005
2,2018-06-27 14:41:37.000,0.00,0,0,0,0,166.00,0,68,49,0,10,2,030,2005
1,2018-06-27 14:41:37.000,4279.00,0,1135,1572,0,217.00,0,117,50,0,11,1,030,2005
2,2018-06-27 14:41:37.000,20817.00,7,10292,5171,82,2754.00,0,1196,779,0,11,1,030,2005
3,2018-06-27 14:41:37.000,0.00,0,0,0,0,0.00,0,0,0,0,11,1,030,2005
4,2018-06-27 14:41:37.000,0.00,0,0,0,0,0.00,0,0,0,0,11,1,030,2005
1,2018-06-27 14:41:37.000,0.00,0,0,0,0,330.00,0,2,164,0,11,2,030,2005
2,2018-06-27 14:41:37.000,0.00,0,0,0,0,339.00,0,177,81,0,11,2,030,2005
3,2018-06-27 14:41:37.000,0.00,0,0,0,0,0.00,0,0,0,0,11,2,030,2005
4,2018-06-27 14:41:37.000,0.00,0,0,0,0,0.00,0,0,0,0,11,2,030,2005
3,2018-06-27 14:41:37.000,0.00,0,0,0,0,0.00,0,0,0,0,10,2,030,2005
4,2018-06-27 14:41:37.000,0.00,0,0,0,0,0.00,0,0,0,0,10,2,030,2005
1,2018-06-27 14:41:37.000,2910.00,0,714,1098,0,422.00,0,234,94,0,12,1,030,2005
2,2018-06-27 14:41:37.000,16446.00,9,8233,4066,37,2260.00,0,866,697,0,12,1,030,2005
3,2018-06-27 14:41:37.000,0.00,0,0,0,0,0.00,0,0,0,0,12,1,030,2005
4,2018-06-27 14:41:37.000,0.00,0,0,0,0,0.00,0,0,0,0,12,1,030,2005
1,2018-06-27 14:41:37.000,0.00,0,0,0,0,1151.00,0,11,570,0,03,2,030,2005
2,2018-06-27 14:41:37.000,0.00,0,0,0,0,130.00,0,60,35,0,03,2,030,2005
3,2018-06-27 14:41:37.000,0.00,0,0,0,0,0.00,0,0,0,0,03,2,030,2005
4,2018-06-27 14:41:37.000,0.00,0,0,0,0,0.00,0,0,0,0,03,2,030,2005
1,2018-06-27 14:41:37.000,1936.00,0,1526,205,0,319.00,0,259,30,0,04,1,030,2005
2,2018-06-27 14:41:37.000,12423.00,54,5395,3141,317,1147.00,0,392,355,20,04,1,030,2005
3,2018-06-27 14:41:37.000,0.00,0,0,0,0,0.00,0,0,0,0,04,1,030,2005
4,2018-06-27 14:41:37.000,0.00,0,0,0,0,0.00,0,0,0,0,04,1,030,2005
1,2018-06-27 14:41:37.000,0.00,0,0,0,0,301.00,0,135,83,0,04,2,030,2005
2,2018-06-27 14:41:37.000,0.00,0,0,0,0,292.00,0,24,134,0,04,2,030,2005
3,2018-06-27 14:41:37.000,0.00,0,0,0,0,0.00,0,0,0,0,04,2,030,2005
4,2018-06-27 14:41:37.000,0.00,0,0,0,0,0.00,0,0,0,0,04,2,030,2005
1,2018-06-27 14:41:37.000,2946.00,0,1326,802,7,558.00,0,542,8,0,05,1,030,2005
2,2018-06-27 14:41:37.000,11828.00,42,5240,3096,165,1145.00,0,227,459,0,05,1,030,2005
3,2018-06-27 14:41:37.000,0.00,0,0,0,0,0.00,0,0,0,0,05,1,030,2005
4,2018-06-27 14:41:37.000,0.00,0,0,0,0,0.00,0,0,0,0,05,1,030,2005
1,2018-06-27 14:41:37.000,0.00,0,0,0,0,548.00,0,224,162,0,05,2,030,2005
2,2018-06-27 14:41:37.000,0.00,0,0,0,0,127.00,0,15,56,0,05,2,030,2005
3,2018-06-27 14:41:37.000,0.00,0,0,0,0,0.00,0,0,0,0,05,2,030,2005
4,2018-06-27 14:41:37.000,0.00,0,0,0,0,0.00,0,0,0,0,05,2,030,2005
1,2018-06-27 14:41:37.000,2983.00,0,1265,859,0,306.00,0,306,0,0,06,1,030,2005
2,2018-06-27 14:41:37.000,8982.00,10,4272,1874,424,1307.00,0,357,475,0,06,1,030,2005
3,2018-06-27 14:41:37.000,0.00,0,0,0,0,0.00,0,0,0,0,06,1,030,2005
4,2018-06-27 14:41:37.000,0.00,0,0,0,0,0.00,0,0,0,0,06,1,030,2005
1,2018-06-27 14:41:37.000,0.00,0,0,0,0,653.00,0,131,261,0,06,2,030,2005
2,2018-06-27 14:41:37.000,0.00,0,0,0,0,175.00,0,13,81,0,06,2,030,2005
3,2018-06-27 14:41:37.000,0.00,0,0,0,0,0.00,0,0,0,0,06,2,030,2005
1,2018-06-27 14:41:37.000,1540.00,0,1250,145,0,271.00,0,271,0,0,01,1,030,2005
2,2018-06-27 14:41:37.000,9809.00,39,4223,2546,208,909.00,0,49,430,0,01,1,030,2005
3,2018-06-27 14:41:37.000,0.00,0,0,0,0,0.00,0,0,0,0,01,1,030,2005
4,2018-06-27 14:41:37.000,0.00,0,0,0,0,0.00,0,0,0,0,01,1,030,2005
1,2018-06-27 14:41:37.000,0.00,0,0,0,0,1554.00,0,268,643,0,01,2,030,2005
2,2018-06-27 14:41:37.000,0.00,0,0,0,0,88.00,0,72,8,0,01,2,030,2005
3,2018-06-27 14:41:37.000,0.00,0,0,0,0,0.00,0,0,0,0,01,2,030,2005
4,2018-06-27 14:41:37.000,0.00,0,0,0,0,0.00,0,0,0,0,01,2,030,2005
1,2018-06-27 14:41:37.000,2140.00,0,1138,501,0,381.00,0,281,50,0,02,1,030,2005
2,2018-06-27 14:41:37.000,7659.00,35,3729,1747,185,459.00,0,51,204,0,02,1,030,2005
1,2018-06-27 14:41:37.000,0.00,0,0,0,0,894.00,0,204,345,0,12,2,030,2005
2,2018-06-27 14:41:37.000,0.00,0,0,0,0,129.00,0,22,51,2,12,2,030,2005
3,2018-06-27 14:41:37.000,0.00,0,0,0,0,0.00,0,0,0,0,12,2,030,2005
4,2018-06-27 14:41:37.000,0.00,0,0,0,0,0.00,0,0,0,0,12,2,030,2005
4,2018-06-27 14:41:37.000,0.00,0,0,0,0,0.00,0,0,0,0,06,2,030,2005
1,2018-06-27 14:41:37.000,4691.00,0,1873,1409,0,499.00,0,487,6,0,07,1,030,2005
2,2018-06-27 14:41:37.000,8993.00,5,4036,2236,214,1094.00,0,266,414,0,07,1,030,2005
3,2018-06-27 14:41:37.000,0.00,0,0,0,0,0.00,0,0,0,0,07,1,030,2005
4,2018-06-27 14:41:37.000,0.00,0,0,0,0,0.00,0,0,0,0,07,1,030,2005
1,2018-06-27 14:41:37.000,0.00,0,0,0,0,524.00,0,330,97,0,07,2,030,2005
2,2018-06-27 14:41:37.000,0.00,0,0,0,0,66.00,0,54,6,0,07,2,030,2005
3,2018-06-27 14:41:37.000,0.00,0,0,0,0,0.00,0,0,0,0,07,2,030,2005
4,2018-06-27 14:41:37.000,0.00,0,0,0,0,0.00,0,0,0,0,07,2,030,2005
1,2018-06-27 14:41:37.000,5589.00,0,1457,2066,0,751.00,0,663,44,0,08,1,030,2005
2,2018-06-27 14:41:37.000,12208.00,12,4719,3455,251,1686.00,0,381,650,2,08,1,030,2005
3,2018-06-27 14:41:37.000,0.00,0,0,0,0,0.00,0,0,0,0,08,1,030,2005
4,2018-06-27 14:41:37.000,0.00,0,0,0,0,0.00,0,0,0,0,08,1,030,2005
1,2018-06-27 14:41:37.000,0.00,0,0,0,0,405.00,0,125,140,0,08,2,030,2005
2,2018-06-27 14:41:37.000,0.00,0,0,0,0,23.00,0,13,5,0,08,2,030,2005
3,2018-06-27 14:41:37.000,0.00,0,0,0,0,0.00,0,0,0,0,08,2,030,2005
4,2018-06-27 14:41:37.000,0.00,0,0,0,0,0.00,0,0,0,0,08,2,030,2005
1,2018-06-27 14:41:37.000,3639.00,0,1003,1317,1,314.00,0,286,14,0,09,1,030,2005
3,2018-06-27 14:41:37.000,0.00,0,0,0,0,0.00,0,0,0,0,02,1,030,2005
4,2018-06-27 14:41:37.000,0.00,0,0,0,0,0.00,0,0,0,0,02,1,030,2005
1,2018-06-27 14:41:37.000,0.00,0,0,0,0,854.00,0,86,384,0,02,2,030,2005
2,2018-06-27 14:41:37.000,0.00,0,0,0,0,18.00,0,12,3,0,02,2,030,2005
3,2018-06-27 14:41:37.000,0.00,0,0,0,0,0.00,0,0,0,0,02,2,030,2005
4,2018-06-27 14:41:37.000,0.00,0,0,0,0,0.00,0,0,0,0,02,2,030,2005
1,2018-06-27 14:41:37.000,2639.00,0,1991,324,0,656.00,0,628,14,0,03,1,030,2005
2,2018-06-27 14:41:37.000,7673.00,49,3393,1828,264,988.00,0,16,486,0,03,1,030,2005
3,2018-06-27 14:41:37.000,0.00,0,0,0,0,0.00,0,0,0,0,03,1,030,2005
4,2018-06-27 14:41:37.000,0.00,0,0,0,0,0.00,0,0,0,0,03,1,030,2005
1,2018-06-27 14:41:37.000,2952.00,0,826,1063,0,66.00,0,62,2,0,09,1,030,2006
2,2018-06-27 14:41:37.000,23108.00,13,8958,6977,84,1653.00,0,631,511,0,09,1,030,2006
3,2018-06-27 14:41:37.000,100.00,0,100,0,0,0.00,0,0,0,0,09,1,030,2006
4,2018-06-27 14:41:37.000,0.00,0,0,0,0,2.00,0,0,1,0,09,1,030,2006
1,2018-06-27 14:41:37.000,0.00,0,0,0,0,39.00,0,39,0,0,09,2,030,2006
2,2018-06-27 14:41:37.000,0.00,0,0,0,0,45.00,0,27,9,0,09,2,030,2006
3,2018-06-27 14:41:37.000,0.00,0,0,0,0,0.00,0,0,0,0,09,2,030,2006
4,2018-06-27 14:41:37.000,0.00,0,0,0,0,0.00,0,0,0,0,09,2,030,2006
1,2018-06-27 14:41:37.000,1570.00,0,636,467,0,141.00,0,141,0,0,01,1,030,2006
2,2018-06-27 14:41:37.000,13338.00,19,6220,3431,112,2099.00,0,787,656,0,01,1,030,2006
3,2018-06-27 14:41:37.000,2.00,0,0,1,0,0.00,0,0,0,0,01,1,030,2006
4,2018-06-27 14:41:37.000,0.00,0,0,0,0,0.00,0,0,0,0,01,1,030,2006
1,2018-06-27 14:41:37.000,0.00,0,0,0,0,706.00,0,284,211,0,01,2,030,2006
2,2018-06-27 14:41:37.000,0.00,0,0,0,0,154.00,0,102,26,0,01,2,030,2006
3,2018-06-27 14:41:37.000,0.00,0,0,0,0,0.00,0,0,0,0,01,2,030,2006
4,2018-06-27 14:41:37.000,0.00,0,0,0,0,0.00,0,0,0,0,01,2,030,2006
1,2018-06-27 14:41:37.000,2491.00,1,1272,609,0,170.00,0,148,11,0,02,1,030,2006
2,2018-06-27 14:41:37.000,8539.00,7,4126,2144,55,1645.00,0,713,466,0,02,1,030,2006
3,2018-06-27 14:41:37.000,0.00,0,0,0,0,0.00,0,0,0,0,02,1,030,2006
4,2018-06-27 14:41:37.000,0.00,0,0,0,0,0.00,0,0,0,0,02,1,030,2006
1,2018-06-27 14:41:37.000,0.00,0,0,0,0,653.00,0,33,310,0,02,2,030,2006
2,2018-06-27 14:41:37.000,0.00,0,0,0,0,77.00,0,5,36,0,02,2,030,2006
3,2018-06-27 14:41:37.000,0.00,0,0,0,0,0.00,0,0,0,0,02,2,030,2006
4,2018-06-27 14:41:37.000,0.00,0,0,0,0,0.00,0,0,0,0,02,2,030,2006
1,2018-06-27 14:41:37.000,3218.00,0,1298,960,0,711.00,0,711,0,0,03,1,030,2006
2,2018-06-27 14:41:37.000,14289.00,17,6947,3597,65,1268.00,0,370,449,0,03,1,030,2006
4,2018-06-27 14:41:37.000,100.00,0,100,0,0,0.00,0,0,0,0,06,1,030,2006
1,2018-06-27 14:41:37.000,0.00,0,0,0,0,126.00,0,126,0,0,06,2,030,2006
2,2018-06-27 14:41:37.000,0.00,0,0,0,0,150.00,0,23,32,28,06,2,030,2006
3,2018-06-27 14:41:37.000,0.00,0,0,0,0,0.00,0,0,0,0,06,2,030,2006
4,2018-06-27 14:41:37.000,0.00,0,0,0,0,0.00,0,0,0,0,06,2,030,2006
1,2018-06-27 14:41:37.000,2863.00,0,767,1048,0,149.00,0,147,1,0,07,1,030,2006
2,2018-06-27 14:41:37.000,18626.00,16,6998,5656,136,2361.00,0,467,947,0,07,1,030,2006
3,2018-06-27 14:41:37.000,0.00,0,0,0,0,2.00,0,2,0,0,07,1,030,2006
4,2018-06-27 14:41:37.000,0.00,0,0,0,0,0.00,0,0,0,0,07,1,030,2006
1,2018-06-27 14:41:37.000,0.00,0,0,0,0,1.00,0,1,0,0,07,2,030,2006
2,2018-06-27 14:41:37.000,0.00,0,0,0,0,34.00,0,22,6,0,07,2,030,2006
3,2018-06-27 14:41:37.000,0.00,0,0,0,0,0.00,0,0,0,0,07,2,030,2006
4,2018-06-27 14:41:37.000,0.00,0,0,0,0,0.00,0,0,0,0,07,2,030,2006
1,2018-06-27 14:41:37.000,2772.00,0,636,1068,0,102.00,0,100,1,0,08,1,030,2006
2,2018-06-27 14:41:37.000,18026.00,13,7400,5194,103,1740.00,0,794,439,30,08,1,030,2006
3,2018-06-27 14:41:37.000,50.00,0,10,20,0,0.00,0,0,0,0,08,1,030,2006
4,2018-06-27 14:41:37.000,50.00,0,10,20,0,50.00,0,50,0,0,08,1,030,2006
1,2018-06-27 14:41:37.000,0.00,0,0,0,0,153.00,0,119,17,0,08,2,030,2006
2,2018-06-27 14:41:37.000,0.00,0,0,0,0,27.00,0,27,0,0,08,2,030,2006
3,2018-06-27 14:41:37.000,0.00,0,0,0,0,0.00,0,0,0,0,08,2,030,2006
4,2018-06-27 14:41:37.000,0.00,0,0,0,0,0.00,0,0,0,0,08,2,030,2006
1,2018-06-27 14:41:37.000,2865.00,0,875,995,0,645.00,0,1,322,0,12,1,030,2006
2,2018-06-27 14:41:37.000,27861.00,14,11374,8209,28,3990.00,0,1510,1240,0,12,1,030,2006
3,2018-06-27 14:41:37.000,2.00,0,0,1,0,0.00,0,0,0,0,12,1,030,2006
4,2018-06-27 14:41:37.000,0.00,0,0,0,0,0.00,0,0,0,0,12,1,030,2006
1,2018-06-27 14:41:37.000,0.00,0,0,0,0,0.00,0,0,0,0,12,2,030,2006
2,2018-06-27 14:41:37.000,0.00,0,0,0,0,67.00,0,41,13,0,12,2,030,2006
3,2018-06-27 14:41:37.000,0.00,0,0,0,0,0.00,0,0,0,0,03,1,030,2006
4,2018-06-27 14:41:37.000,0.00,0,0,0,0,0.00,0,0,0,0,03,1,030,2006
1,2018-06-27 14:41:37.000,0.00,0,0,0,0,886.00,0,256,315,0,03,2,030,2006
2,2018-06-27 14:41:37.000,0.00,0,0,0,0,556.00,0,11,233,35,03,2,030,2006
3,2018-06-27 14:41:37.000,0.00,0,0,0,0,0.00,0,0,0,0,03,2,030,2006
4,2018-06-27 14:41:37.000,0.00,0,0,0,0,0.00,0,0,0,0,03,2,030,2006
1,2018-06-27 14:41:37.000,2394.00,0,728,833,0,7.00,0,3,2,0,10,1,030,2006
2,2018-06-27 14:41:37.000,24132.00,31,9622,7232,13,2057.00,0,593,732,0,10,1,030,2006
3,2018-06-27 14:41:37.000,10.00,0,10,0,0,0.00,0,0,0,0,10,1,030,2006
4,2018-06-27 14:41:37.000,70.00,0,70,0,0,0.00,0,0,0,0,10,1,030,2006
1,2018-06-27 14:41:37.000,0.00,0,0,0,0,32.00,0,32,0,0,10,2,030,2006
2,2018-06-27 14:41:37.000,0.00,0,0,0,0,42.00,0,28,7,0,10,2,030,2006
3,2018-06-27 14:41:37.000,0.00,0,0,0,0,0.00,0,0,0,0,10,2,030,2006
4,2018-06-27 14:41:37.000,0.00,0,0,0,0,0.00,0,0,0,0,10,2,030,2006
1,2018-06-27 14:41:37.000,2402.00,0,660,871,0,774.00,0,30,372,0,11,1,030,2006
2,2018-06-27 14:41:37.000,28062.00,23,11261,8339,49,3647.00,0,1475,1086,0,11,1,030,2006
3,2018-06-27 14:41:37.000,50.00,0,50,0,0,0.00,0,0,0,0,11,1,030,2006
4,2018-06-27 14:41:37.000,50.00,0,50,0,0,0.00,0,0,0,0,11,1,030,2006
1,2018-06-27 14:41:37.000,0.00,0,0,0,0,74.00,0,60,7,0,11,2,030,2006
2,2018-06-27 14:41:37.000,0.00,0,0,0,0,225.00,0,29,98,0,11,2,030,2006
3,2018-06-27 14:41:37.000,0.00,0,0,0,0,0.00,0,0,0,0,11,2,030,2006
4,2018-06-27 14:41:37.000,0.00,0,0,0,0,0.00,0,0,0,0,11,2,030,2006
3,2018-06-27 14:41:37.000,0.00,0,0,0,0,0.00,0,0,0,0,12,2,030,2006
4,2018-06-27 14:41:37.000,0.00,0,0,0,0,0.00,0,0,0,0,12,2,030,2006
1,2018-06-27 14:41:37.000,2737.00,0,537,1100,0,402.00,0,400,1,0,04,1,030,2006
2,2018-06-27 14:41:37.000,18934.00,13,9296,4785,30,1846.00,0,840,503,0,04,1,030,2006
3,2018-06-27 14:41:37.000,0.00,0,0,0,0,0.00,0,0,0,0,04,1,030,2006
4,2018-06-27 14:41:37.000,0.00,0,0,0,0,0.00,0,0,0,0,04,1,030,2006
1,2018-06-27 14:41:37.000,0.00,0,0,0,0,130.00,0,2,64,0,04,2,030,2006
2,2018-06-27 14:41:37.000,0.00,0,0,0,0,135.00,0,19,58,0,04,2,030,2006
3,2018-06-27 14:41:37.000,0.00,0,0,0,0,0.00,0,0,0,0,04,2,030,2006
4,2018-06-27 14:41:37.000,0.00,0,0,0,0,0.00,0,0,0,0,04,2,030,2006
1,2018-06-27 14:41:37.000,3295.00,0,859,1218,0,149.00,0,123,13,0,05,1,030,2006
2,2018-06-27 14:41:37.000,19916.00,16,9076,5209,187,1986.00,0,472,757,0,05,1,030,2006
3,2018-06-27 14:41:37.000,0.00,0,0,0,0,0.00,0,0,0,0,05,1,030,2006
4,2018-06-27 14:41:37.000,0.00,0,0,0,0,0.00,0,0,0,0,05,1,030,2006
1,2018-06-27 14:41:37.000,0.00,0,0,0,0,36.00,0,6,15,0,05,2,030,2006
2,2018-06-27 14:41:37.000,0.00,0,0,0,0,107.00,0,23,42,0,05,2,030,2006
3,2018-06-27 14:41:37.000,0.00,0,0,0,0,0.00,0,0,0,0,05,2,030,2006
4,2018-06-27 14:41:37.000,0.00,0,0,0,0,0.00,0,0,0,0,05,2,030,2006
1,2018-06-27 14:41:37.000,6281.00,0,1077,2601,0,7.00,0,7,0,0,06,1,030,2006
2,2018-06-27 14:41:37.000,18524.00,10,8184,5138,28,2660.00,0,656,968,30,06,1,030,2006
3,2018-06-27 14:41:37.000,100.00,0,100,0,0,0.00,0,0,0,0,06,1,030,2006
2,2018-06-27 14:41:37.000,0.00,0,0,0,0,0.00,0,0,0,0,10,2,030,2007
3,2018-06-27 14:41:37.000,0.00,0,0,0,0,0.00,0,0,0,0,10,2,030,2007
4,2018-06-27 14:41:37.000,0.00,0,0,0,0,0.00,0,0,0,0,10,2,030,2007
1,2018-06-27 14:41:37.000,3559.00,0,525,1517,0,744.00,0,26,359,0,11,1,030,2007
2,2018-06-27 14:41:37.000,34906.00,24,14391,10143,96,3563.00,0,1091,1236,0,11,1,030,2007
3,2018-06-27 14:41:37.000,0.00,0,0,0,0,0.00,0,0,0,0,11,1,030,2007
4,2018-06-27 14:41:37.000,0.00,0,0,0,0,0.00,0,0,0,0,11,1,030,2007
1,2018-06-27 14:41:37.000,0.00,0,0,0,0,626.00,0,440,93,0,11,2,030,2007
2,2018-06-27 14:41:37.000,0.00,0,0,0,0,24.00,0,10,7,0,11,2,030,2007
3,2018-06-27 14:41:37.000,0.00,0,0,0,0,0.00,0,0,0,0,11,2,030,2007
4,2018-06-27 14:41:37.000,0.00,0,0,0,0,0.00,0,0,0,0,11,2,030,2007
1,2018-06-27 14:41:37.000,3079.00,0,305,1387,0,139.00,0,15,62,0,07,1,030,2007
2,2018-06-27 14:41:37.000,27345.00,37,10945,8075,102,3809.00,0,1812,975,21,07,1,030,2007
3,2018-06-27 14:41:37.000,0.00,0,0,0,0,0.00,0,0,0,0,07,1,030,2007
4,2018-06-27 14:41:37.000,103.00,0,65,19,0,0.00,0,0,0,0,07,1,030,2007
1,2018-06-27 14:41:37.000,0.00,0,0,0,0,661.00,0,61,300,0,07,2,030,2007
2,2018-06-27 14:41:37.000,0.00,0,0,0,0,397.00,0,45,97,70,07,2,030,2007
3,2018-06-27 14:41:37.000,0.00,0,0,0,0,0.00,0,0,0,0,07,2,030,2007
4,2018-06-27 14:41:37.000,0.00,0,0,0,0,0.00,0,0,0,0,07,2,030,2007
1,2018-06-27 14:41:37.000,2924.00,0,307,1306,0,864.00,0,0,432,0,12,1,030,2007
2,2018-06-27 14:41:37.000,34737.00,18,14718,9878,113,2885.00,0,869,1008,0,12,1,030,2007
3,2018-06-27 14:41:37.000,0.00,0,0,0,0,0.00,0,0,0,0,12,1,030,2007
4,2018-06-27 14:41:37.000,29.00,0,29,0,0,0.00,0,0,0,0,12,1,030,2007
1,2018-06-27 14:41:37.000,0.00,0,0,0,0,847.00,0,573,137,0,12,2,030,2007
2,2018-06-27 14:41:37.000,0.00,0,0,0,0,10.00,0,10,0,0,12,2,030,2007
3,2018-06-27 14:41:37.000,0.00,0,0,0,0,0.00,0,0,0,0,12,2,030,2007
4,2018-06-27 14:41:37.000,0.00,0,0,0,0,0.00,0,0,0,0,12,2,030,2007
1,2018-06-27 14:41:37.000,5623.00,0,945,2339,0,98.00,0,98,0,0,06,1,030,2007
2,2018-06-27 14:41:37.000,29990.00,18,11993,8768,200,2960.00,0,1150,905,0,06,1,030,2007
3,2018-06-27 14:41:37.000,254.00,0,214,20,0,0.00,0,0,0,0,06,1,030,2007
4,2018-06-27 14:41:37.000,169.00,0,149,10,0,0.00,0,0,0,0,06,1,030,2007
1,2018-06-27 14:41:37.000,0.00,0,0,0,0,145.00,0,1,72,0,06,2,030,2007
2,2018-06-27 14:41:37.000,0.00,0,0,0,0,59.00,0,31,14,0,06,2,030,2007
3,2018-06-27 14:41:37.000,0.00,0,0,0,0,0.00,0,0,0,0,06,2,030,2007
4,2018-06-27 14:41:37.000,0.00,0,0,0,0,0.00,0,0,0,0,06,2,030,2007
1,2018-06-27 14:41:37.000,4166.00,0,716,1725,0,18.00,0,10,4,0,05,1,030,2007
2,2018-06-27 14:41:37.000,32165.00,14,13862,8909,212,2963.00,0,927,1018,0,05,1,030,2007
1,2018-06-27 14:41:37.000,4664.00,0,258,2203,0,212.00,0,0,106,0,09,1,030,2007
2,2018-06-27 14:41:37.000,25315.00,14,9103,7947,137,1858.00,0,796,531,0,09,1,030,2007
3,2018-06-27 14:41:37.000,0.00,0,0,0,0,0.00,0,0,0,0,09,1,030,2007
4,2018-06-27 14:41:37.000,0.00,0,0,0,0,0.00,0,0,0,0,09,1,030,2007
1,2018-06-27 14:41:37.000,0.00,0,0,0,0,165.00,0,125,20,0,09,2,030,2007
2,2018-06-27 14:41:37.000,0.00,0,0,0,0,0.00,0,0,0,0,09,2,030,2007
3,2018-06-27 14:41:37.000,0.00,0,0,0,0,0.00,0,0,0,0,09,2,030,2007
4,2018-06-27 14:41:37.000,0.00,0,0,0,0,0.00,0,0,0,0,09,2,030,2007
1,2018-06-27 14:41:37.000,4294.00,0,470,1912,0,597.00,0,91,253,0,04,1,030,2007
2,2018-06-27 14:41:37.000,24572.00,19,12182,6040,133,4081.00,0,1573,1254,0,04,1,030,2007
3,2018-06-27 14:41:37.000,0.00,0,0,0,0,18.00,0,0,9,0,04,1,030,2007
4,2018-06-27 14:41:37.000,0.00,0,0,0,0,0.00,0,0,0,0,04,1,030,2007
1,2018-06-27 14:41:37.000,0.00,0,0,0,0,237.00,0,103,67,0,04,2,030,2007
2,2018-06-27 14:41:37.000,0.00,0,0,0,0,20.00,0,16,2,0,04,2,030,2007
3,2018-06-27 14:41:37.000,0.00,0,0,0,0,0.00,0,0,0,0,04,2,030,2007
4,2018-06-27 14:41:37.000,0.00,0,0,0,0,0.00,0,0,0,0,04,2,030,2007
1,2018-06-27 14:41:37.000,4321.00,0,815,1753,0,576.00,0,232,172,0,03,1,030,2007
2,2018-06-27 14:41:37.000,20010.00,5,8324,5622,195,3257.00,9,914,1168,1,03,1,030,2007
3,2018-06-27 14:41:37.000,0.00,0,0,0,0,0.00,0,0,0,0,03,1,030,2007
4,2018-06-27 14:41:37.000,0.00,0,0,0,0,0.00,0,0,0,0,03,1,030,2007
1,2018-06-27 14:41:37.000,0.00,0,0,0,0,234.00,0,54,90,0,03,2,030,2007
2,2018-06-27 14:41:37.000,0.00,0,0,0,0,207.00,0,7,100,0,03,2,030,2007
3,2018-06-27 14:41:37.000,0.00,0,0,0,0,0.00,0,0,0,0,03,2,030,2007
4,2018-06-27 14:41:37.000,0.00,0,0,0,0,0.00,0,0,0,0,03,2,030,2007
3,2018-06-27 14:41:37.000,0.00,0,0,0,0,0.00,0,0,0,0,05,1,030,2007
4,2018-06-27 14:41:37.000,0.00,0,0,0,0,0.00,0,0,0,0,05,1,030,2007
1,2018-06-27 14:41:37.000,0.00,0,0,0,0,290.00,0,14,138,0,05,2,030,2007
2,2018-06-27 14:41:37.000,0.00,0,0,0,0,37.00,0,31,3,0,05,2,030,2007
3,2018-06-27 14:41:37.000,0.00,0,0,0,0,0.00,0,0,0,0,05,2,030,2007
4,2018-06-27 14:41:37.000,0.00,0,0,0,0,0.00,0,0,0,0,05,2,030,2007
1,2018-06-27 14:41:37.000,3742.00,0,870,1436,0,490.00,0,4,243,0,08,1,030,2007
2,2018-06-27 14:41:37.000,26755.00,19,9937,8211,171,2419.00,0,831,794,0,08,1,030,2007
3,2018-06-27 14:41:37.000,0.00,0,0,0,0,0.00,0,0,0,0,08,1,030,2007
4,2018-06-27 14:41:37.000,0.00,0,0,0,0,0.00,0,0,0,0,08,1,030,2007
1,2018-06-27 14:41:37.000,0.00,0,0,0,0,586.00,0,250,168,0,08,2,030,2007
2,2018-06-27 14:41:37.000,0.00,0,0,0,0,153.00,0,21,32,30,08,2,030,2007
3,2018-06-27 14:41:37.000,0.00,0,0,0,0,0.00,0,0,0,0,08,2,030,2007
4,2018-06-27 14:41:37.000,0.00,0,0,0,0,0.00,0,0,0,0,08,2,030,2007
1,2018-06-27 14:41:37.000,3319.00,0,765,1277,0,465.00,0,97,184,0,02,1,030,2007
2,2018-06-27 14:41:37.000,20006.00,19,8332,5650,161,4478.00,0,1182,1648,0,02,1,030,2007
3,2018-06-27 14:41:37.000,8.00,0,8,0,0,0.00,0,0,0,0,02,1,030,2007
4,2018-06-27 14:41:37.000,8.00,0,8,0,0,0.00,0,0,0,0,02,1,030,2007
1,2018-06-27 14:41:37.000,0.00,0,0,0,0,0.00,0,0,0,0,02,2,030,2007
2,2018-06-27 14:41:37.000,0.00,0,0,0,0,11.00,0,9,1,0,02,2,030,2007
3,2018-06-27 14:41:37.000,0.00,0,0,0,0,0.00,0,0,0,0,02,2,030,2007
4,2018-06-27 14:41:37.000,0.00,0,0,0,0,0.00,0,0,0,0,02,2,030,2007
1,2018-06-27 14:41:37.000,3483.00,0,457,1513,0,811.00,0,1,405,0,10,1,030,2007
2,2018-06-27 14:41:37.000,31327.00,24,12550,9322,54,2932.00,0,1048,942,0,10,1,030,2007
3,2018-06-27 14:41:37.000,0.00,0,0,0,0,132.00,0,0,66,0,10,1,030,2007
4,2018-06-27 14:41:37.000,133.00,0,1,66,0,0.00,0,0,0,0,10,1,030,2007
1,2018-06-27 14:41:37.000,0.00,0,0,0,0,126.00,0,124,1,0,10,2,030,2007
1,2018-06-27 14:41:37.000,4263.00,10,1152,1553,0,719.00,0,13,353,0,01,1,030,2007
2,2018-06-27 14:41:37.000,22305.00,21,7912,7055,120,4565.00,0,1423,1571,0,01,1,030,2007
3,2018-06-27 14:41:37.000,85.00,0,85,0,0,0.00,0,0,0,0,01,1,030,2007
4,2018-06-27 14:41:37.000,85.00,0,85,0,0,2.00,0,0,1,0,01,1,030,2007
1,2018-06-27 14:41:37.000,0.00,0,0,0,0,161.00,0,139,11,0,01,2,030,2007
2,2018-06-27 14:41:37.000,0.00,0,0,0,0,9.00,0,9,0,0,01,2,030,2007
3,2018-06-27 14:41:37.000,0.00,0,0,0,0,0.00,0,0,0,0,01,2,030,2007
4,2018-06-27 14:41:37.000,0.00,0,0,0,0,0.00,0,0,0,0,01,2,030,2007
2,2018-06-27 14:41:37.000,28293.00,11,13016,7543,82,1858.00,0,720,569,0,04,1,030,2008
3,2018-06-27 14:41:37.000,2.00,0,2,0,0,0.00,0,0,0,0,04,1,030,2008
4,2018-06-27 14:41:37.000,2.00,0,2,0,0,0.00,0,0,0,0,04,1,030,2008
1,2018-06-27 14:41:37.000,0.00,0,0,0,0,301.00,0,301,0,0,04,2,030,2008
2,2018-06-27 14:41:37.000,0.00,0,0,0,0,5.00,0,5,0,0,04,2,030,2008
3,2018-06-27 14:41:37.000,0.00,0,0,0,0,0.00,0,0,0,0,04,2,030,2008
4,2018-06-27 14:41:37.000,0.00,0,0,0,0,0.00,0,0,0,0,04,2,030,2008
1,2018-06-27 14:41:37.000,3522.00,0,268,1627,0,276.00,0,2,137,0,05,1,030,2008
2,2018-06-27 14:41:37.000,31114.00,10,15128,7560,382,2303.00,0,1245,529,0,05,1,030,2008
3,2018-06-27 14:41:37.000,0.00,0,0,0,0,0.00,0,0,0,0,05,1,030,2008
4,2018-06-27 14:41:37.000,0.00,0,0,0,0,0.00,0,0,0,0,05,1,030,2008
1,2018-06-27 14:41:37.000,0.00,0,0,0,0,194.00,0,182,6,0,05,2,030,2008
2,2018-06-27 14:41:37.000,0.00,0,0,0,0,65.00,0,61,2,0,05,2,030,2008
3,2018-06-27 14:41:37.000,0.00,0,0,0,0,0.00,0,0,0,0,05,2,030,2008
4,2018-06-27 14:41:37.000,0.00,0,0,0,0,0.00,0,0,0,0,05,2,030,2008
4,2018-06-27 14:41:37.000,50.00,0,50,0,0,0.00,0,0,0,0,08,1,030,2008
1,2018-06-27 14:41:37.000,0.00,0,0,0,0,194.00,0,88,53,0,08,2,030,2008
2,2018-06-27 14:41:37.000,0.00,0,0,0,0,57.00,0,55,1,0,08,2,030,2008
3,2018-06-27 14:41:37.000,0.00,0,0,0,0,0.00,0,0,0,0,08,2,030,2008
4,2018-06-27 14:41:37.000,0.00,0,0,0,0,0.00,0,0,0,0,08,2,030,2008
1,2018-06-27 14:41:37.000,5073.00,0,287,2393,0,431.00,0,85,173,0,10,1,030,2008
2,2018-06-27 14:41:37.000,31930.00,8,11566,10077,91,1903.00,0,805,549,0,10,1,030,2008
3,2018-06-27 14:41:37.000,11.00,0,5,3,0,0.00,0,0,0,0,10,1,030,2008
4,2018-06-27 14:41:37.000,0.00,0,0,0,0,0.00,0,0,0,0,10,1,030,2008
1,2018-06-27 14:41:37.000,0.00,0,0,0,0,40.00,0,0,20,0,10,2,030,2008
2,2018-06-27 14:41:37.000,0.00,0,0,0,0,98.00,0,50,24,0,10,2,030,2008
3,2018-06-27 14:41:37.000,0.00,0,0,0,0,0.00,0,0,0,0,10,2,030,2008
4,2018-06-27 14:41:37.000,0.00,0,0,0,0,0.00,0,0,0,0,10,2,030,2008
1,2018-06-27 14:41:37.000,1960.00,0,138,911,0,906.00,0,84,411,0,09,1,030,2008
2,2018-06-27 14:41:37.000,32149.00,11,13387,9332,41,2557.00,0,1235,644,15,09,1,030,2008
3,2018-06-27 14:41:37.000,6.00,0,2,2,0,0.00,0,0,0,0,09,1,030,2008
4,2018-06-27 14:41:37.000,0.00,0,0,0,0,0.00,0,0,0,0,09,1,030,2008
1,2018-06-27 14:41:37.000,0.00,0,0,0,0,36.00,0,36,0,0,09,2,030,2008
2,2018-06-27 14:41:37.000,0.00,0,0,0,0,44.00,0,42,1,0,09,2,030,2008
3,2018-06-27 14:41:37.000,0.00,0,0,0,0,0.00,0,0,0,0,09,2,030,2008
1,2018-06-27 14:41:37.000,4947.00,0,233,2357,0,1172.00,0,6,583,0,03,1,030,2008
4,2018-06-27 14:41:37.000,0.00,0,0,0,0,0.00,0,0,0,0,09,2,030,2008
2,2018-06-27 14:41:37.000,24387.00,14,10634,6701,153,2380.00,0,1358,511,0,03,1,030,2008
3,2018-06-27 14:41:37.000,0.00,0,0,0,0,0.00,0,0,0,0,03,1,030,2008
4,2018-06-27 14:41:37.000,0.00,0,0,0,0,0.00,0,0,0,0,03,1,030,2008
1,2018-06-27 14:41:37.000,0.00,0,0,0,0,24.00,0,16,4,0,03,2,030,2008
2,2018-06-27 14:41:37.000,0.00,0,0,0,0,3.00,0,1,1,0,03,2,030,2008
1,2018-06-27 14:41:37.000,2537.00,0,362,1087,0,752.00,0,2,375,0,01,1,030,2008
2,2018-06-27 14:41:37.000,28670.00,12,13568,7382,147,2325.00,0,605,860,0,01,1,030,2008
3,2018-06-27 14:41:37.000,0.00,0,0,0,0,0.00,0,0,0,0,01,1,030,2008
4,2018-06-27 14:41:37.000,0.00,0,0,0,0,0.00,0,0,0,0,01,1,030,2008
3,2018-06-27 14:41:37.000,0.00,0,0,0,0,0.00,0,0,0,0,03,2,030,2008
4,2018-06-27 14:41:37.000,0.00,0,0,0,0,0.00,0,0,0,0,03,2,030,2008
1,2018-06-27 14:41:37.000,5542.00,0,342,2600,0,288.00,0,14,137,0,07,1,030,2008
2,2018-06-27 14:41:37.000,32421.00,15,14996,8668,36,2888.00,0,1229,808,19,07,1,030,2008
3,2018-06-27 14:41:37.000,46.00,0,20,13,0,0.00,0,0,0,0,07,1,030,2008
4,2018-06-27 14:41:37.000,106.00,0,20,43,0,0.00,0,0,0,0,07,1,030,2008
1,2018-06-27 14:41:37.000,0.00,0,0,0,0,91.00,0,87,2,0,07,2,030,2008
2,2018-06-27 14:41:37.000,0.00,0,0,0,0,65.00,0,63,1,0,07,2,030,2008
3,2018-06-27 14:41:37.000,0.00,0,0,0,0,0.00,0,0,0,0,07,2,030,2008
4,2018-06-27 14:41:37.000,0.00,0,0,0,0,0.00,0,0,0,0,07,2,030,2008
1,2018-06-27 14:41:37.000,2204.00,0,184,1010,0,249.00,0,1,124,0,11,1,030,2008
2,2018-06-27 14:41:37.000,26724.00,6,9933,8378,14,1795.00,0,526,622,11,11,1,030,2008
3,2018-06-27 14:41:37.000,142.00,0,2,70,0,0.00,0,0,0,0,11,1,030,2008
4,2018-06-27 14:41:37.000,140.00,0,0,70,0,0.00,0,0,0,0,11,1,030,2008
1,2018-06-27 14:41:37.000,0.00,0,0,0,0,1.00,0,1,0,0,11,2,030,2008
2,2018-06-27 14:41:37.000,0.00,0,0,0,0,83.00,0,43,20,0,11,2,030,2008
3,2018-06-27 14:41:37.000,0.00,0,0,0,0,0.00,0,0,0,0,11,2,030,2008
4,2018-06-27 14:41:37.000,0.00,0,0,0,0,0.00,0,0,0,0,11,2,030,2008
1,2018-06-27 14:41:37.000,1445.00,0,521,462,0,50.00,0,32,9,0,12,1,030,2008
2,2018-06-27 14:41:37.000,17473.00,2,6260,5604,2,1698.00,0,526,586,0,12,1,030,2008
3,2018-06-27 14:41:37.000,228.00,0,0,114,0,0.00,0,0,0,0,12,1,030,2008
4,2018-06-27 14:41:37.000,220.00,0,0,110,0,0.00,0,0,0,0,12,1,030,2008
1,2018-06-27 14:41:37.000,0.00,0,0,0,0,0.00,0,0,0,0,12,2,030,2008
2,2018-06-27 14:41:37.000,0.00,0,0,0,0,24.00,0,20,2,0,12,2,030,2008
3,2018-06-27 14:41:37.000,0.00,0,0,0,0,0.00,0,0,0,0,12,2,030,2008
4,2018-06-27 14:41:37.000,0.00,0,0,0,0,0.00,0,0,0,0,12,2,030,2008
1,2018-06-27 14:41:37.000,3876.00,0,304,1786,0,974.00,0,0,487,0,04,1,030,2008
1,2018-06-27 14:41:37.000,3200.00,0,333,1395,34,491.00,0,1,238,6,02,1,030,2008
2,2018-06-27 14:41:37.000,21682.00,12,9322,5935,215,1807.00,0,861,473,0,02,1,030,2008
3,2018-06-27 14:41:37.000,0.00,0,0,0,0,0.00,0,0,0,0,02,1,030,2008
4,2018-06-27 14:41:37.000,0.00,0,0,0,0,0.00,0,0,0,0,02,1,030,2008
1,2018-06-27 14:41:37.000,0.00,0,0,0,0,564.00,0,448,58,0,02,2,030,2008
2,2018-06-27 14:41:37.000,0.00,0,0,0,0,11.00,0,1,5,0,02,2,030,2008
3,2018-06-27 14:41:37.000,0.00,0,0,0,0,0.00,0,0,0,0,02,2,030,2008
4,2018-06-27 14:41:37.000,0.00,0,0,0,0,0.00,0,0,0,0,02,2,030,2008
1,2018-06-27 14:41:37.000,3051.00,0,95,1478,0,432.00,0,2,215,0,06,1,030,2008
2,2018-06-27 14:41:37.000,24720.00,10,11297,6590,106,2748.00,0,1586,581,0,06,1,030,2008
3,2018-06-27 14:41:37.000,0.00,0,0,0,0,0.00,0,0,0,0,06,1,030,2008
4,2018-06-27 14:41:37.000,0.00,0,0,0,0,0.00,0,0,0,0,06,1,030,2008
1,2018-06-27 14:41:37.000,0.00,0,0,0,0,222.00,0,192,15,0,06,2,030,2008
2,2018-06-27 14:41:37.000,0.00,0,0,0,0,54.00,0,54,0,0,06,2,030,2008
3,2018-06-27 14:41:37.000,0.00,0,0,0,0,0.00,0,0,0,0,06,2,030,2008
4,2018-06-27 14:41:37.000,0.00,0,0,0,0,0.00,0,0,0,0,06,2,030,2008
1,2018-06-27 14:41:37.000,4094.00,0,258,1918,0,461.00,0,7,227,0,08,1,030,2008
2,2018-06-27 14:41:37.000,29480.00,0,12126,8642,31,2983.00,0,1409,752,31,08,1,030,2008
3,2018-06-27 14:41:37.000,406.00,0,102,152,0,0.00,0,0,0,0,08,1,030,2008
1,2018-06-27 14:41:37.000,0.00,0,0,0,0,438.00,0,290,74,0,01,2,030,2008
2,2018-06-27 14:41:37.000,0.00,0,0,0,0,8.00,0,0,4,0,01,2,030,2008
3,2018-06-27 14:41:37.000,0.00,0,0,0,0,0.00,0,0,0,0,01,2,030,2008
4,2018-06-27 14:41:37.000,0.00,0,0,0,0,0.00,0,0,0,0,01,2,030,2008
4,2018-06-27 14:41:37.000,0.00,0,0,0,0,0.00,0,0,0,0,10,2,030,2009
2,2018-06-27 14:41:37.000,17564.00,10,6869,5317,25,1349.00,0,663,343,0,04,1,030,2009
3,2018-06-27 14:41:37.000,7.00,0,5,1,0,0.00,0,0,0,0,04,1,030,2009
4,2018-06-27 14:41:37.000,0.00,0,0,0,0,0.00,0,0,0,0,04,1,030,2009
1,2018-06-27 14:41:37.000,0.00,0,0,0,0,959.00,0,177,383,7,04,2,030,2009
2,2018-06-27 14:41:37.000,0.00,0,0,0,0,31.00,0,27,2,0,04,2,030,2009
3,2018-06-27 14:41:37.000,0.00,0,0,0,0,0.00,0,0,0,0,04,2,030,2009
4,2018-06-27 14:41:37.000,0.00,0,0,0,0,0.00,0,0,0,0,04,2,030,2009
1,2018-06-27 14:41:37.000,5756.00,0,776,2490,0,71.00,0,17,27,0,08,1,030,2009
2,2018-06-27 14:41:37.000,21909.00,16,10119,5770,107,1737.00,0,856,418,20,08,1,030,2009
3,2018-06-27 14:41:37.000,15.00,0,15,0,0,0.00,0,0,0,0,08,1,030,2009
4,2018-06-27 14:41:37.000,0.00,0,0,0,0,0.00,0,0,0,0,08,1,030,2009
1,2018-06-27 14:41:37.000,0.00,0,0,0,0,561.00,0,15,273,0,08,2,030,2009
2,2018-06-27 14:41:37.000,0.00,0,0,0,0,273.00,0,133,70,0,08,2,030,2009
3,2018-06-27 14:41:37.000,0.00,0,0,0,0,0.00,0,0,0,0,08,2,030,2009
4,2018-06-27 14:41:37.000,0.00,0,0,0,0,0.00,0,0,0,0,08,2,030,2009
4,2018-06-27 14:41:37.000,0.00,0,0,0,0,0.00,0,0,0,0,07,2,030,2009
1,2018-06-27 14:41:37.000,4132.00,0,730,1701,0,149.00,0,21,64,0,09,1,030,2009
2,2018-06-27 14:41:37.000,22884.00,10,10330,6177,86,2175.00,0,1082,474,64,09,1,030,2009
3,2018-06-27 14:41:37.000,17.00,0,7,5,0,0.00,0,0,0,0,09,1,030,2009
4,2018-06-27 14:41:37.000,0.00,0,0,0,0,0.00,0,0,0,0,09,1,030,2009
1,2018-06-27 14:41:37.000,0.00,0,0,0,0,645.00,0,101,272,0,09,2,030,2009
2,2018-06-27 14:41:37.000,0.00,0,0,0,0,611.00,0,161,225,0,09,2,030,2009
3,2018-06-27 14:41:37.000,0.00,0,0,0,0,0.00,0,0,0,0,09,2,030,2009
4,2018-06-27 14:41:37.000,0.00,0,0,0,0,0.00,0,0,0,0,09,2,030,2009
1,2018-06-27 14:41:37.000,4729.00,0,939,1895,0,143.00,0,15,64,0,11,1,030,2009
2,2018-06-27 14:41:37.000,28861.00,10,12251,8230,64,2786.00,0,1448,669,0,11,1,030,2009
3,2018-06-27 14:41:37.000,15.00,0,1,7,0,0.00,0,0,0,0,11,1,030,2009
1,2018-06-27 14:41:37.000,2107.00,0,1209,449,0,393.00,0,245,74,0,01,1,030,2009
2,2018-06-27 14:41:37.000,14623.00,3,5446,4536,46,1608.00,0,112,748,0,01,1,030,2009
3,2018-06-27 14:41:37.000,43.00,0,3,20,0,0.00,0,0,0,0,01,1,030,2009
4,2018-06-27 14:41:37.000,40.00,0,0,20,0,0.00,0,0,0,0,01,1,030,2009
1,2018-06-27 14:41:37.000,0.00,0,0,0,0,99.00,0,99,0,0,01,2,030,2009
2,2018-06-27 14:41:37.000,0.00,0,0,0,0,11.00,0,11,0,0,01,2,030,2009
3,2018-06-27 14:41:37.000,0.00,0,0,0,0,0.00,0,0,0,0,01,2,030,2009
4,2018-06-27 14:41:37.000,0.00,0,0,0,0,0.00,0,0,0,0,01,2,030,2009
1,2018-06-27 14:41:37.000,4353.00,0,2217,1068,0,208.00,0,20,94,0,02,1,030,2009
2,2018-06-27 14:41:37.000,8895.00,6,4067,2388,22,530.00,0,102,214,0,02,1,030,2009
3,2018-06-27 14:41:37.000,76.00,0,2,37,0,0.00,0,0,0,0,02,1,030,2009
4,2018-06-27 14:41:37.000,70.00,0,0,35,0,0.00,0,0,0,0,02,1,030,2009
1,2018-06-27 14:41:37.000,0.00,0,0,0,0,0.00,0,0,0,0,02,2,030,2009
2,2018-06-27 14:41:37.000,0.00,0,0,0,0,120.00,0,104,8,0,02,2,030,2009
3,2018-06-27 14:41:37.000,0.00,0,0,0,0,0.00,0,0,0,0,02,2,030,2009
4,2018-06-27 14:41:37.000,0.00,0,0,0,0,0.00,0,0,0,0,02,2,030,2009
1,2018-06-27 14:41:37.000,3892.00,0,1256,1318,0,304.00,0,10,147,0,06,1,030,2009
2,2018-06-27 14:41:37.000,21301.00,11,9404,5829,104,2287.00,0,1284,471,27,06,1,030,2009
3,2018-06-27 14:41:37.000,0.00,0,0,0,0,0.00,0,0,0,0,06,1,030,2009
4,2018-06-27 14:41:37.000,0.00,0,0,0,0,0.00,0,0,0,0,06,1,030,2009
1,2018-06-27 14:41:37.000,0.00,0,0,0,0,900.00,0,48,426,0,06,2,030,2009
2,2018-06-27 14:41:37.000,0.00,0,0,0,0,953.00,0,487,233,0,06,2,030,2009
3,2018-06-27 14:41:37.000,0.00,0,0,0,0,0.00,0,0,0,0,06,2,030,2009
4,2018-06-27 14:41:37.000,0.00,0,0,0,0,0.00,0,0,0,0,06,2,030,2009
1,2018-06-27 14:41:37.000,4300.00,0,1232,1534,0,194.00,0,10,92,0,10,1,030,2009
2,2018-06-27 14:41:37.000,27777.00,7,11928,7851,63,2479.00,0,1319,580,0,10,1,030,2009
3,2018-06-27 14:41:37.000,5.00,0,5,0,0,0.00,0,0,0,0,10,1,030,2009
4,2018-06-27 14:41:37.000,0.00,0,0,0,0,0.00,0,0,0,0,10,1,030,2009
1,2018-06-27 14:41:37.000,0.00,0,0,0,0,293.00,0,270,0,10,10,2,030,2009
2,2018-06-27 14:41:37.000,0.00,0,0,0,0,1383.00,0,1007,188,0,10,2,030,2009
3,2018-06-27 14:41:37.000,0.00,0,0,0,0,0.00,0,0,0,0,10,2,030,2009
1,2018-06-27 14:41:37.000,3784.00,0,1890,947,0,389.00,0,9,190,0,04,1,030,2009
4,2018-06-27 14:41:37.000,0.00,0,0,0,0,0.00,0,0,0,0,11,1,030,2009
1,2018-06-27 14:41:37.000,0.00,0,0,0,0,0.00,0,0,0,0,11,2,030,2009
2,2018-06-27 14:41:37.000,0.00,0,0,0,0,1426.00,0,904,261,0,11,2,030,2009
3,2018-06-27 14:41:37.000,0.00,0,0,0,0,0.00,0,0,0,0,11,2,030,2009
4,2018-06-27 14:41:37.000,0.00,0,0,0,0,0.00,0,0,0,0,11,2,030,2009
1,2018-06-27 14:41:37.000,3828.00,0,768,1530,0,144.00,0,26,59,0,12,1,030,2009
2,2018-06-27 14:41:37.000,27480.00,9,12905,7254,27,2384.00,0,1216,584,0,12,1,030,2009
3,2018-06-27 14:41:37.000,81.00,0,7,37,0,0.00,0,0,0,0,12,1,030,2009
4,2018-06-27 14:41:37.000,70.00,0,0,35,0,0.00,0,0,0,0,12,1,030,2009
1,2018-06-27 14:41:37.000,0.00,0,0,0,0,290.00,0,40,125,0,12,2,030,2009
2,2018-06-27 14:41:37.000,0.00,0,0,0,0,933.00,0,827,53,0,12,2,030,2009
3,2018-06-27 14:41:37.000,0.00,0,0,0,0,0.00,0,0,0,0,12,2,030,2009
4,2018-06-27 14:41:37.000,0.00,0,0,0,0,0.00,0,0,0,0,12,2,030,2009
1,2018-06-27 14:41:37.000,4969.00,0,1871,1549,0,206.00,0,4,101,0,03,1,030,2009
2,2018-06-27 14:41:37.000,15888.00,8,5092,5362,30,610.00,0,156,227,0,03,1,030,2009
3,2018-06-27 14:41:37.000,33.00,0,5,14,0,0.00,0,0,0,0,03,1,030,2009
4,2018-06-27 14:41:37.000,0.00,0,0,0,0,0.00,0,0,0,0,03,1,030,2009
1,2018-06-27 14:41:37.000,0.00,0,0,0,0,90.00,0,50,20,0,03,2,030,2009
2,2018-06-27 14:41:37.000,0.00,0,0,0,0,212.00,0,210,1,0,03,2,030,2009
3,2018-06-27 14:41:37.000,0.00,0,0,0,0,0.00,0,0,0,0,03,2,030,2009
4,2018-06-27 14:41:37.000,0.00,0,0,0,0,0.00,0,0,0,0,03,2,030,2009
1,2018-06-27 14:41:37.000,4836.00,0,996,1920,0,323.00,0,79,122,0,05,1,030,2009
2,2018-06-27 14:41:37.000,20295.00,4,7753,6094,156,1632.00,0,681,385,80,05,1,030,2009
3,2018-06-27 14:41:37.000,42.00,0,4,19,0,0.00,0,0,0,0,05,1,030,2009
4,2018-06-27 14:41:37.000,21.00,0,1,10,0,0.00,0,0,0,0,05,1,030,2009
1,2018-06-27 14:41:37.000,0.00,0,0,0,0,963.00,0,1,481,0,05,2,030,2009
2,2018-06-27 14:41:37.000,0.00,0,0,0,0,407.00,0,379,14,0,05,2,030,2009
3,2018-06-27 14:41:37.000,0.00,0,0,0,0,0.00,0,0,0,0,05,2,030,2009
4,2018-06-27 14:41:37.000,0.00,0,0,0,0,0.00,0,0,0,0,05,2,030,2009
1,2018-06-27 14:41:37.000,5411.00,0,673,2369,0,120.00,0,18,51,0,07,1,030,2009
2,2018-06-27 14:41:37.000,21667.00,4,10524,5427,127,1503.00,0,938,201,72,07,1,030,2009
3,2018-06-27 14:41:37.000,82.00,0,2,40,0,0.00,0,0,0,0,07,1,030,2009
4,2018-06-27 14:41:37.000,77.00,0,1,38,0,0.00,0,0,0,0,07,1,030,2009
1,2018-06-27 14:41:37.000,0.00,0,0,0,0,1096.00,0,0,548,0,07,2,030,2009
2,2018-06-27 14:41:37.000,0.00,0,0,0,0,529.00,0,215,157,0,07,2,030,2009
3,2018-06-27 14:41:37.000,0.00,0,0,0,0,0.00,0,0,0,0,07,2,030,2009
1,2018-06-27 14:41:37.000,0.00,0,0,0,0,728.00,0,88,320,0,04,2,030,2010
2,2018-06-27 14:41:37.000,0.00,0,0,0,0,1534.00,0,1278,128,0,04,2,030,2010
3,2018-06-27 14:41:37.000,0.00,0,0,0,0,0.00,0,0,0,0,04,2,030,2010
4,2018-06-27 14:41:37.000,0.00,0,0,0,0,0.00,0,0,0,0,04,2,030,2010
1,2018-06-27 14:41:37.000,4056.00,0,1010,1523,0,355.00,0,145,105,0,04,1,030,2010
2,2018-06-27 14:41:37.000,26857.50,23,12506,7161,8,3430.00,0,1988,721,0,04,1,030,2010
3,2018-06-27 14:41:37.000,124.00,0,4,60,0,0.00,0,0,0,0,04,1,030,2010
4,2018-06-27 14:41:37.000,102.00,0,0,51,0,0.00,0,0,0,0,04,1,030,2010
1,2018-06-27 14:41:37.000,0.00,0,0,0,0,500.00,0,192,154,0,05,2,030,2010
2,2018-06-27 14:41:37.000,0.00,0,0,0,0,1149.00,0,963,93,0,05,2,030,2010
3,2018-06-27 14:41:37.000,0.00,0,0,0,0,0.00,0,0,0,0,05,2,030,2010
4,2018-06-27 14:41:37.000,0.00,0,0,0,0,0.00,0,0,0,0,05,2,030,2010
1,2018-06-27 14:41:37.000,5251.00,0,1231,2010,0,452.00,0,22,215,0,05,1,030,2010
2,2018-06-27 14:41:37.000,28418.75,22,11825,8223,61,3806.50,0,1979,889,22,05,1,030,2010
3,2018-06-27 14:41:37.000,32.00,0,0,16,0,0.00,0,0,0,0,05,1,030,2010
4,2018-06-27 14:41:37.000,0.00,0,0,0,0,0.00,0,0,0,0,05,1,030,2010
1,2018-06-27 14:41:37.000,0.00,0,0,0,0,166.00,0,2,82,0,06,2,030,2010
2,2018-06-27 14:41:37.000,0.00,0,0,0,0,1468.00,0,1074,197,0,06,2,030,2010
3,2018-06-27 14:41:37.000,0.00,0,0,0,0,0.00,0,0,0,0,06,2,030,2010
4,2018-06-27 14:41:37.000,0.00,0,0,0,0,0.00,0,0,0,0,06,2,030,2010
1,2018-06-27 14:41:37.000,5496.00,0,1294,2101,0,361.00,0,71,145,0,06,1,030,2010
2,2018-06-27 14:41:37.000,30130.50,13,12492,8582,208,4060.00,0,1898,1054,24,06,1,030,2010
3,2018-06-27 14:41:37.000,59.00,0,3,28,0,0.00,0,0,0,0,06,1,030,2010
4,2018-06-27 14:41:37.000,0.00,0,0,0,0,0.00,0,0,0,0,06,1,030,2010
1,2018-06-27 14:41:37.000,0.00,0,0,0,0,236.00,0,154,41,0,08,2,030,2010
2,2018-06-27 14:41:37.000,0.00,0,0,0,0,941.00,0,901,20,0,08,2,030,2010
3,2018-06-27 14:41:37.000,0.00,0,0,0,0,0.00,0,0,0,0,08,2,030,2010
4,2018-06-27 14:41:37.000,0.00,0,0,0,0,0.00,0,0,0,0,08,2,030,2010
1,2018-06-27 14:41:37.000,6461.00,0,1397,2532,0,330.00,0,32,149,0,08,1,030,2010
2,2018-06-27 14:41:37.000,22818.50,17,10428,6072,106,3077.50,0,1653,683,26,08,1,030,2010
3,2018-06-27 14:41:37.000,16.00,0,2,7,0,0.00,0,0,0,0,08,1,030,2010
4,2018-06-27 14:41:37.000,0.00,0,0,0,0,0.00,0,0,0,0,08,1,030,2010
3,2018-06-27 14:41:37.000,43.00,0,3,20,0,0.00,0,0,0,0,11,1,030,2010
4,2018-06-27 14:41:37.000,0.00,0,0,0,0,0.00,0,0,0,0,11,1,030,2010
1,2018-06-27 14:41:37.000,0.00,0,0,0,0,217.00,0,33,92,0,07,2,030,2010
2,2018-06-27 14:41:37.000,0.00,0,0,0,0,923.00,0,921,1,0,07,2,030,2010
4,2018-06-27 14:41:37.000,0.00,0,0,0,0,0.00,0,0,0,0,07,2,030,2010
1,2018-06-27 14:41:37.000,5922.00,0,1190,2366,0,152.00,0,38,57,0,07,1,030,2010
2,2018-06-27 14:41:37.000,23046.75,18,9039,6978,19,3736.75,0,2181,689,79,07,1,030,2010
3,2018-06-27 14:41:37.000,105.00,0,1,52,0,0.00,0,0,0,0,07,1,030,2010
4,2018-06-27 14:41:37.000,140.00,0,0,70,0,0.00,0,0,0,0,07,1,030,2010
1,2018-06-27 14:41:37.000,0.00,0,0,0,0,294.00,0,84,105,0,09,2,030,2010
2,2018-06-27 14:41:37.000,0.00,0,0,0,0,626.00,0,442,92,0,09,2,030,2010
3,2018-06-27 14:41:37.000,0.00,0,0,0,0,0.00,0,0,0,0,09,2,030,2010
1,2018-06-27 14:41:37.000,4524.00,0,1256,1634,0,767.00,0,9,379,0,09,1,030,2010
2,2018-06-27 14:41:37.000,22242.75,16,10495,5788,73,2393.00,0,1437,451,24,09,1,030,2010
1,2018-06-27 14:41:37.000,0.00,0,0,0,0,100.00,0,0,50,0,10,2,030,2010
2,2018-06-27 14:41:37.000,0.00,0,0,0,0,1010.00,0,718,146,0,10,2,030,2010
3,2018-06-27 14:41:37.000,0.00,0,0,0,0,0.00,0,0,0,0,10,2,030,2010
1,2018-06-27 14:41:37.000,3670.00,0,622,1524,0,630.00,0,16,307,0,10,1,030,2010
2,2018-06-27 14:41:37.000,24968.50,16,10294,7282,46,3537.50,0,1375,1061,18,10,1,030,2010
3,2018-06-27 14:41:37.000,70.00,0,0,35,0,0.00,0,0,0,0,10,1,030,2010
4,2018-06-27 14:41:37.000,0.00,0,0,0,0,0.00,0,0,0,0,10,1,030,2010
1,2018-06-27 14:41:37.000,0.00,0,0,0,0,560.00,0,100,230,0,11,2,030,2010
2,2018-06-27 14:41:37.000,0.00,0,0,0,0,738.00,0,558,90,0,11,2,030,2010
3,2018-06-27 14:41:37.000,0.00,0,0,0,0,0.00,0,0,0,0,11,2,030,2010
1,2018-06-27 14:41:37.000,5072.00,0,732,2170,0,1020.00,0,6,507,0,11,1,030,2010
2,2018-06-27 14:41:37.000,27502.25,21,11054,8218,1,3460.25,0,1607,903,21,11,1,030,2010
3,2018-06-27 14:41:37.000,29.00,0,1,14,0,0.00,0,0,0,0,09,1,030,2010
4,2018-06-27 14:41:37.000,20.00,0,0,10,0,0.00,0,0,0,0,09,1,030,2010
1,2018-06-27 14:41:37.000,0.00,0,0,0,0,810.00,0,50,380,0,01,2,030,2010
2,2018-06-27 14:41:37.000,0.00,0,0,0,0,392.00,0,380,6,0,01,2,030,2010
3,2018-06-27 14:41:37.000,0.00,0,0,0,0,0.00,0,0,0,0,01,2,030,2010
4,2018-06-27 14:41:37.000,0.00,0,0,0,0,0.00,0,0,0,0,01,2,030,2010
1,2018-06-27 14:41:37.000,3549.00,0,641,1454,0,124.00,0,76,24,0,01,1,030,2010
2,2018-06-27 14:41:37.000,25214.50,10,11895,6637,18,2272.00,0,782,745,0,01,1,030,2010
3,2018-06-27 14:41:37.000,218.00,0,94,62,0,0.00,0,0,0,0,01,1,030,2010
4,2018-06-27 14:41:37.000,203.00,0,91,56,0,0.00,0,0,0,0,01,1,030,2010
1,2018-06-27 14:41:37.000,0.00,0,0,0,0,483.50,0,0,235,0,12,2,030,2010
2,2018-06-27 14:41:37.000,0.00,0,0,0,0,528.00,0,500,14,0,12,2,030,2010
3,2018-06-27 14:41:37.000,0.00,0,0,0,0,0.00,0,0,0,0,12,2,030,2010
1,2018-06-27 14:41:37.000,5784.00,0,1644,2070,0,987.00,0,39,474,0,12,1,030,2010
2,2018-06-27 14:41:37.000,22857.25,20,11047,5870,27,2452.75,0,1059,671,23,12,1,030,2010
3,2018-06-27 14:41:37.000,1.00,0,1,0,0,0.00,0,0,0,0,12,1,030,2010
4,2018-06-27 14:41:37.000,0.00,0,0,0,0,0.00,0,0,0,0,12,1,030,2010
1,2018-06-27 14:41:37.000,0.00,0,0,0,0,55.00,0,55,0,0,02,2,030,2010
2,2018-06-27 14:41:37.000,0.00,0,0,0,0,268.00,0,264,2,0,02,2,030,2010
4,2018-06-27 14:41:37.000,0.00,0,0,0,0,0.00,0,0,0,0,02,2,030,2010
1,2018-06-27 14:41:37.000,4620.00,0,1034,1793,0,804.00,0,16,394,0,02,1,030,2010
2,2018-06-27 14:41:37.000,21617.25,3,9393,6108,3,2344.00,0,1088,628,0,02,1,030,2010
3,2018-06-27 14:41:37.000,91.00,0,21,35,0,0.00,0,0,0,0,02,1,030,2010
4,2018-06-27 14:41:37.000,299.00,0,141,79,0,0.00,0,0,0,0,02,1,030,2010
1,2018-06-27 14:41:37.000,0.00,0,0,0,0,386.00,0,166,110,0,03,2,030,2010
2,2018-06-27 14:41:37.000,0.00,0,0,0,0,588.00,0,420,84,0,03,2,030,2010
3,2018-06-27 14:41:37.000,0.00,0,0,0,0,0.00,0,0,0,0,03,2,030,2010
4,2018-06-27 14:41:37.000,0.00,0,0,0,0,0.00,0,0,0,0,03,2,030,2010
1,2018-06-27 14:41:37.000,6235.00,0,819,2708,0,237.00,0,75,81,0,03,1,030,2010
2,2018-06-27 14:41:37.000,20005.00,2,7492,6202,48,3315.00,0,1259,1028,0,03,1,030,2010
3,2018-06-27 14:41:37.000,44.00,0,0,22,0,0.00,0,0,0,0,03,1,030,2010
4,2018-06-27 14:41:37.000,0.00,0,0,0,0,0.00,0,0,0,0,03,1,030,2010
3,2018-06-27 14:41:37.000,0.00,0,0,0,0,0.00,0,0,0,0,04,1,030,2011
4,2018-06-27 14:41:37.000,0.00,0,0,0,0,0.00,0,0,0,0,04,1,030,2011
1,2018-06-27 14:41:37.000,0.00,0,0,0,0,1334.00,0,104,615,0,03,2,030,2011
2,2018-06-27 14:41:37.000,0.00,0,0,0,0,716.00,0,578,69,0,03,2,030,2011
3,2018-06-27 14:41:37.000,0.00,0,0,0,0,0.00,0,0,0,0,03,2,030,2011
1,2018-06-27 14:41:37.000,5568.00,0,1230,2169,0,1659.00,0,63,798,0,03,1,030,2011
2,2018-06-27 14:41:37.000,22317.00,16,9693,6189,106,2955.50,0,1558,665,30,03,1,030,2011
3,2018-06-27 14:41:37.000,10.00,0,0,5,0,0.00,0,0,0,0,03,1,030,2011
4,2018-06-27 14:41:37.000,1.00,0,1,0,0,0.00,0,0,0,0,03,1,030,2011
1,2018-06-27 14:41:37.000,0.00,0,0,0,0,262.00,0,0,131,0,02,2,030,2011
2,2018-06-27 14:41:37.000,0.00,0,0,0,0,343.00,0,325,9,0,02,2,030,2011
3,2018-06-27 14:41:37.000,0.00,0,0,0,0,0.00,0,0,0,0,02,2,030,2011
1,2018-06-27 14:41:37.000,4972.00,0,1138,1917,0,1155.00,0,31,562,0,02,1,030,2011
2,2018-06-27 14:41:37.000,15702.00,7,6883,4406,2,2982.50,0,1290,772,66,02,1,030,2011
3,2018-06-27 14:41:37.000,18.00,0,8,5,0,4.00,0,0,2,0,02,1,030,2011
4,2018-06-27 14:41:37.000,0.00,0,0,0,0,4.00,0,0,2,0,02,1,030,2011
1,2018-06-27 14:41:37.000,0.00,0,0,0,0,219.00,0,17,101,0,01,2,030,2011
2,2018-06-27 14:41:37.000,0.00,0,0,0,0,802.00,0,638,82,0,01,2,030,2011
3,2018-06-27 14:41:37.000,0.00,0,0,0,0,0.00,0,0,0,0,01,2,030,2011
1,2018-06-27 14:41:37.000,4354.00,0,1022,1666,0,996.00,0,10,493,0,01,1,030,2011
2,2018-06-27 14:41:37.000,24094.25,21,10920,6581,1,2673.25,0,779,919,25,01,1,030,2011
3,2018-06-27 14:41:37.000,49.00,0,7,21,0,0.00,0,0,0,0,01,1,030,2011
4,2018-06-27 14:41:37.000,40.00,0,0,20,0,0.00,0,0,0,0,01,1,030,2011
1,2018-06-27 14:41:37.000,0.00,0,0,0,0,1096.00,0,2,547,0,06,2,030,2011
2,2018-06-27 14:41:37.000,0.00,0,0,0,0,534.00,0,468,33,0,06,2,030,2011
3,2018-06-27 14:41:37.000,0.00,0,0,0,0,0.00,0,0,0,0,06,2,030,2011
1,2018-06-27 14:41:37.000,1519.00,0,367,576,0,325.00,0,11,157,0,06,1,030,2011
2,2018-06-27 14:41:37.000,23490.75,18,11392,6044,1,2150.50,0,739,663,38,06,1,030,2011
3,2018-06-27 14:41:37.000,0.00,0,0,0,0,0.00,0,0,0,0,06,1,030,2011
4,2018-06-27 14:41:37.000,0.00,0,0,0,0,0.00,0,0,0,0,06,1,030,2011
2,2018-06-27 14:41:37.000,0.00,0,0,0,0,78.00,0,34,22,0,09,2,030,2011
3,2018-06-27 14:41:37.000,0.00,0,0,0,0,0.00,0,0,0,0,09,2,030,2011
1,2018-06-27 14:41:37.000,2647.00,0,331,1158,0,134.00,0,104,15,0,09,1,030,2011
2,2018-06-27 14:41:37.000,32263.25,14,14840,8687,19,3521.25,0,789,1248,105,09,1,030,2011
3,2018-06-27 14:41:37.000,36.00,0,0,18,0,0.00,0,0,0,0,09,1,030,2011
4,2018-06-27 14:41:37.000,90.00,0,0,45,0,0.00,0,0,0,0,09,1,030,2011
1,2018-06-27 14:41:37.000,0.00,0,0,0,0,1608.00,0,66,771,0,08,2,030,2011
2,2018-06-27 14:41:37.000,0.00,0,0,0,0,263.50,0,63,53,0,08,2,030,2011
3,2018-06-27 14:41:37.000,0.00,0,0,0,0,0.00,0,0,0,0,08,2,030,2011
1,2018-06-27 14:41:37.000,1950.00,0,414,768,0,168.00,0,84,42,0,08,1,030,2011
2,2018-06-27 14:41:37.000,27878.50,10,12084,7814,72,2686.50,0,1087,766,30,08,1,030,2011
3,2018-06-27 14:41:37.000,361.00,0,155,103,0,0.00,0,0,0,0,08,1,030,2011
4,2018-06-27 14:41:37.000,352.00,0,150,101,0,0.00,0,0,0,0,08,1,030,2011
1,2018-06-27 14:41:37.000,0.00,0,0,0,0,805.00,0,1,402,0,07,2,030,2011
2,2018-06-27 14:41:37.000,0.00,0,0,0,0,357.25,0,79,93,41,07,2,030,2011
3,2018-06-27 14:41:37.000,0.00,0,0,0,0,0.00,0,0,0,0,07,2,030,2011
1,2018-06-27 14:41:37.000,1978.00,0,680,649,0,202.00,0,18,92,0,07,1,030,2011
2,2018-06-27 14:41:37.000,29263.25,16,12454,8260,125,3256.00,0,1313,931,36,07,1,030,2011
3,2018-06-27 14:41:37.000,57.00,0,3,27,0,0.00,0,0,0,0,07,1,030,2011
4,2018-06-27 14:41:37.000,50.00,0,0,25,0,0.00,0,0,0,0,07,1,030,2011
1,2018-06-27 14:41:37.000,0.00,0,0,0,0,853.00,0,17,418,0,05,2,030,2011
2,2018-06-27 14:41:37.000,0.00,0,0,0,0,891.00,0,839,26,0,05,2,030,2011
3,2018-06-27 14:41:37.000,0.00,0,0,0,0,0.00,0,0,0,0,05,2,030,2011
1,2018-06-27 14:41:37.000,3185.00,0,907,1139,0,737.00,0,17,360,0,05,1,030,2011
2,2018-06-27 14:41:37.000,24637.25,15,13230,5566,119,2855.75,0,1196,795,31,05,1,030,2011
3,2018-06-27 14:41:37.000,13.00,0,1,6,0,0.00,0,0,0,0,05,1,030,2011
4,2018-06-27 14:41:37.000,0.00,0,0,0,0,0.00,0,0,0,0,05,1,030,2011
1,2018-06-27 14:41:37.000,0.00,0,0,0,0,849.00,0,21,414,0,04,2,030,2011
2,2018-06-27 14:41:37.000,0.00,0,0,0,0,522.00,0,362,80,0,04,2,030,2011
3,2018-06-27 14:41:37.000,0.00,0,0,0,0,0.00,0,0,0,0,04,2,030,2011
1,2018-06-27 14:41:37.000,4565.00,0,1143,1711,0,1113.00,0,55,529,0,04,1,030,2011
2,2018-06-27 14:41:37.000,25496.00,16,12780,6354,0,2702.50,0,1371,641,22,04,1,030,2011
1,2018-06-27 14:41:37.000,0.00,0,0,0,0,1202.00,0,6,598,0,10,2,030,2011
1,2018-06-27 14:41:37.000,0.00,0,0,0,0,896.00,0,2,447,0,12,2,030,2011
2,2018-06-27 14:41:37.000,0.00,0,0,0,0,295.00,0,287,4,0,12,2,030,2011
3,2018-06-27 14:41:37.000,0.00,0,0,0,0,0.00,0,0,0,0,12,2,030,2011
1,2018-06-27 14:41:37.000,2243.00,0,635,804,0,33.00,0,9,12,0,12,1,030,2011
2,2018-06-27 14:41:37.000,28316.75,16,12424,7849,83,3145.75,0,1007,1039,27,12,1,030,2011
3,2018-06-27 14:41:37.000,2.00,0,2,0,0,0.00,0,0,0,0,12,1,030,2011
4,2018-06-27 14:41:37.000,2.00,0,2,0,0,0.00,0,0,0,0,12,1,030,2011
1,2018-06-27 14:41:37.000,0.00,0,0,0,0,1004.00,0,102,451,0,11,2,030,2011
2,2018-06-27 14:41:37.000,0.00,0,0,0,0,296.00,0,238,29,0,11,2,030,2011
3,2018-06-27 14:41:37.000,0.00,0,0,0,0,0.00,0,0,0,0,11,2,030,2011
1,2018-06-27 14:41:37.000,1651.00,0,659,496,0,46.00,0,22,12,0,11,1,030,2011
2,2018-06-27 14:41:37.000,30979.25,4,12839,8978,81,4261.00,0,2185,993,40,11,1,030,2011
3,2018-06-27 14:41:37.000,13.00,0,3,5,0,0.00,0,0,0,0,11,1,030,2011
4,2018-06-27 14:41:37.000,0.00,0,0,0,0,0.00,0,0,0,0,11,1,030,2011
2,2018-06-27 14:41:37.000,0.00,0,0,0,0,430.00,0,416,7,0,10,2,030,2011
1,2018-06-27 14:41:37.000,2913.00,0,939,987,0,74.00,0,4,35,0,10,1,030,2011
2,2018-06-27 14:41:37.000,27626.75,7,12081,7705,59,3339.50,0,1218,1018,38,10,1,030,2011
3,2018-06-27 14:41:37.000,109.00,0,5,52,0,0.00,0,0,0,0,10,1,030,2011
4,2018-06-27 14:41:37.000,101.00,0,3,49,0,0.00,0,0,0,0,10,1,030,2011
1,2018-06-27 14:41:37.000,0.00,0,0,0,0,1180.00,0,0,590,0,09,2,030,2011
2,2018-06-27 14:41:37.000,24348.00,10,9947,7088,98,3212.00,0,1339,896,36,01,1,030,2012
3,2018-06-27 14:41:37.000,36.00,0,2,17,0,0.00,0,0,0,0,01,1,030,2012
4,2018-06-27 14:41:37.000,30.00,0,0,15,0,0.00,0,0,0,0,01,1,030,2012
1,2018-06-27 14:41:37.000,3235.00,0,941,1147,0,71.00,0,17,27,0,02,1,030,2012
2,2018-06-27 14:41:37.000,19988.75,13,7234,6360,13,1955.50,0,243,836,18,02,1,030,2012
3,2018-06-27 14:41:37.000,6.00,0,0,3,0,0.00,0,0,0,0,02,1,030,2012
4,2018-06-27 14:41:37.000,0.00,0,0,0,0,0.00,0,0,0,0,02,1,030,2012
1,2018-06-27 14:41:37.000,3659.00,0,1145,1257,0,124.00,0,8,58,0,03,1,030,2012
2,2018-06-27 14:41:37.000,24876.00,5,9990,7336,94,2925.25,0,1295,778,33,03,1,030,2012
3,2018-06-27 14:41:37.000,106.00,0,104,1,0,0.00,0,0,0,0,03,1,030,2012
4,2018-06-27 14:41:37.000,161.00,0,161,0,0,0.00,0,0,0,0,03,1,030,2012
1,2018-06-27 14:41:37.000,3224.00,0,808,1208,0,62.00,0,18,22,0,04,1,030,2012
2,2018-06-27 14:41:37.000,30121.75,2,13053,8517,15,2048.25,0,550,712,33,04,1,030,2012
3,2018-06-27 14:41:37.000,7.00,0,3,2,0,0.00,0,0,0,0,04,1,030,2012
4,2018-06-27 14:41:37.000,0.00,0,0,0,0,0.00,0,0,0,0,04,1,030,2012
1,2018-06-27 14:41:37.000,3150.00,0,532,1309,0,234.00,0,8,113,0,05,1,030,2012
2,2018-06-27 14:41:37.000,29271.50,0,12058,8591,14,2758.50,0,952,865,34,05,1,030,2012
3,2018-06-27 14:41:37.000,4.00,0,0,2,0,0.00,0,0,0,0,05,1,030,2012
4,2018-06-27 14:41:37.000,0.00,0,0,0,0,0.00,0,0,0,0,05,1,030,2012
1,2018-06-27 14:41:37.000,3401.00,0,335,1533,0,698.00,0,14,342,0,06,1,030,2012
2,2018-06-27 14:41:37.000,29248.75,2,11720,8693,63,2497.75,0,927,746,35,06,1,030,2012
3,2018-06-27 14:41:37.000,16.00,0,2,7,0,0.00,0,0,0,0,06,1,030,2012
4,2018-06-27 14:41:37.000,1.00,0,1,0,0,0.00,0,0,0,0,06,1,030,2012
1,2018-06-27 14:41:37.000,3319.00,0,423,1448,0,679.00,0,7,336,0,07,1,030,2012
2,2018-06-27 14:41:37.000,27469.75,0,11704,7821,55,2572.00,0,799,837,44,07,1,030,2012
3,2018-06-27 14:41:37.000,13.00,0,1,6,0,0.00,0,0,0,0,07,1,030,2012
4,2018-06-27 14:41:37.000,0.00,0,0,0,0,0.00,0,0,0,0,07,1,030,2012
1,2018-06-27 14:41:37.000,2712.00,0,776,968,0,1013.00,0,9,502,0,08,1,030,2012
2,2018-06-27 14:41:37.000,27040.50,0,9593,8636,78,3599.00,0,957,1321,0,08,1,030,2012
3,2018-06-27 14:41:37.000,34.00,0,2,16,0,0.00,0,0,0,0,08,1,030,2012
4,2018-06-27 14:41:37.000,10.00,0,0,5,0,0.00,0,0,0,0,08,1,030,2012
1,2018-06-27 14:41:37.000,3032.00,0,584,1224,0,638.00,0,12,313,0,09,1,030,2012
1,2018-06-27 14:41:37.000,0.00,0,0,0,0,1145.00,242,4,510,0,01,2,030,2012
2,2018-06-27 14:41:37.000,0.00,0,0,0,0,171.50,3,168,1,0,01,2,030,2012
1,2018-06-27 14:41:37.000,0.00,0,0,0,0,1071.00,142,0,500,0,02,2,030,2012
2,2018-06-27 14:41:37.000,0.00,0,0,0,0,205.00,32,189,0,0,02,2,030,2012
2,2018-06-27 14:41:37.000,28593.00,4,11133,8666,56,4004.00,0,1429,1265,20,09,1,030,2012
3,2018-06-27 14:41:37.000,8.00,0,2,3,0,0.00,0,0,0,0,09,1,030,2012
4,2018-06-27 14:41:37.000,0.00,0,0,0,0,0.00,0,0,0,0,09,1,030,2012
1,2018-06-27 14:41:37.000,4615.00,0,489,2063,0,596.00,0,36,280,0,10,1,030,2012
2,2018-06-27 14:41:37.000,25558.75,3,10456,7473,69,2640.00,0,1092,774,0,10,1,030,2012
3,2018-06-27 14:41:37.000,18.00,0,0,9,0,0.00,0,0,0,0,10,1,030,2012
4,2018-06-27 14:41:37.000,0.00,0,0,0,0,0.00,0,0,0,0,10,1,030,2012
1,2018-06-27 14:41:37.000,6202.00,0,298,2952,0,577.00,0,15,281,0,11,1,030,2012
2,2018-06-27 14:41:37.000,26606.00,4,12688,6940,16,3225.00,0,1177,1024,0,11,1,030,2012
3,2018-06-27 14:41:37.000,16.00,0,0,8,0,0.00,0,0,0,0,11,1,030,2012
4,2018-06-27 14:41:37.000,0.00,0,0,0,0,0.00,0,0,0,0,11,1,030,2012
1,2018-06-27 14:41:37.000,0.00,0,0,0,0,1013.50,307,0,430,0,03,2,030,2012
2,2018-06-27 14:41:37.000,0.00,0,0,0,0,134.00,0,132,1,0,03,2,030,2012
4,2018-06-27 14:41:37.000,0.00,0,0,0,0,0.00,0,0,0,0,03,2,030,2012
1,2018-06-27 14:41:37.000,0.00,0,0,0,0,1499.50,279,0,680,0,04,2,030,2012
2,2018-06-27 14:41:37.000,0.00,0,0,0,0,276.00,0,274,1,0,04,2,030,2012
3,2018-06-27 14:41:37.000,0.00,0,0,0,0,0.00,0,0,0,0,04,2,030,2012
1,2018-06-27 14:41:37.000,0.00,0,0,0,0,800.00,374,133,240,0,05,2,030,2012
2,2018-06-27 14:41:37.000,0.00,0,0,0,0,291.00,2,184,53,0,05,2,030,2012
4,2018-06-27 14:41:37.000,0.00,0,0,0,0,0.00,0,0,0,0,05,2,030,2012
1,2018-06-27 14:41:37.000,0.00,0,0,0,0,475.00,350,0,150,0,06,2,030,2012
2,2018-06-27 14:41:37.000,0.00,0,0,0,0,359.00,0,229,65,0,06,2,030,2012
3,2018-06-27 14:41:37.000,0.00,0,0,0,0,0.00,0,0,0,0,06,2,030,2012
4,2018-06-27 14:41:37.000,0.00,0,0,0,0,0.00,0,0,0,0,06,2,030,2012
1,2018-06-27 14:41:37.000,0.00,0,0,0,0,191.00,362,0,5,0,07,2,030,2012
2,2018-06-27 14:41:37.000,0.00,0,0,0,0,481.50,5,113,183,0,07,2,030,2012
4,2018-06-27 14:41:37.000,0.00,0,0,0,0,0.00,0,0,0,0,07,2,030,2012
1,2018-06-27 14:41:37.000,0.00,0,0,0,0,250.00,380,0,30,0,08,2,030,2012
2,2018-06-27 14:41:37.000,0.00,0,0,0,0,49.50,5,5,21,0,08,2,030,2012
4,2018-06-27 14:41:37.000,0.00,0,0,0,0,0.00,0,0,0,0,08,2,030,2012
1,2018-06-27 14:41:37.000,0.00,0,0,0,0,373.00,346,0,100,0,09,2,030,2012
2,2018-06-27 14:41:37.000,0.00,0,0,0,0,672.50,13,196,235,0,09,2,030,2012
4,2018-06-27 14:41:37.000,0.00,0,0,0,0,0.00,0,0,0,0,09,2,030,2012
1,2018-06-27 14:41:37.000,0.00,0,0,0,0,1377.50,255,50,600,0,10,2,030,2012
2,2018-06-27 14:41:37.000,0.00,0,0,0,0,608.00,2,39,284,0,10,2,030,2012
4,2018-06-27 14:41:37.000,0.00,0,0,0,0,0.00,0,0,0,0,10,2,030,2012
1,2018-06-27 14:41:37.000,0.00,0,0,0,0,901.00,338,0,366,0,11,2,030,2012
2,2018-06-27 14:41:37.000,0.00,0,0,0,0,384.00,10,55,162,0,11,2,030,2012
4,2018-06-27 14:41:37.000,0.00,0,0,0,0,0.00,0,0,0,0,11,2,030,2012
1,2018-06-27 14:41:37.000,0.00,0,0,0,0,437.00,274,100,100,0,12,2,030,2012
2,2018-06-27 14:41:37.000,0.00,0,0,0,0,287.00,10,42,120,0,12,2,030,2012
4,2018-06-27 14:41:37.000,0.00,0,0,0,0,0.00,0,0,0,0,12,2,030,2012
1,2018-06-27 14:41:37.000,1791.00,0,513,639,0,20.00,0,4,8,0,01,1,030,2012
1,2018-06-27 14:41:37.000,7077.00,0,531,3273,0,589.00,0,11,289,0,12,1,030,2012
2,2018-06-27 14:41:37.000,23535.00,11,9464,7017,14,3015.00,0,731,1142,0,12,1,030,2012
3,2018-06-27 14:41:37.000,21.00,0,3,9,0,0.00,0,0,0,0,12,1,030,2012
4,2018-06-27 14:41:37.000,230.00,0,150,40,0,0.00,0,0,0,0,12,1,030,2012
3,2018-06-27 14:41:37.000,0.00,0,0,0,0,0.00,0,0,0,0,07,1,030,2013
4,2018-06-27 14:41:37.000,1.00,0,1,0,0,0.00,0,0,0,0,07,1,030,2013
1,2018-06-27 14:41:37.000,0.00,0,0,0,0,394.50,789,0,0,0,07,2,030,2013
2,2018-06-27 14:41:37.000,0.00,0,0,0,0,32.50,65,0,0,0,07,2,030,2013
4,2018-06-27 14:41:37.000,0.00,0,0,0,0,0.00,0,0,0,0,07,2,030,2013
1,2018-06-27 14:41:37.000,4103.00,0,767,1668,0,127.00,0,27,50,0,08,1,030,2013
2,2018-06-27 14:41:37.000,31129.50,14,11343,9784,94,3126.00,0,1264,931,0,08,1,030,2013
3,2018-06-27 14:41:37.000,52.00,0,2,25,0,1.00,0,1,0,0,08,1,030,2013
4,2018-06-27 14:41:37.000,53.00,0,3,25,0,0.00,0,0,0,0,08,1,030,2013
1,2018-06-27 14:41:37.000,0.00,0,0,0,0,283.50,567,0,0,0,08,2,030,2013
2,2018-06-27 14:41:37.000,0.00,0,0,0,0,34.00,68,0,0,0,08,2,030,2013
4,2018-06-27 14:41:37.000,0.00,0,0,0,0,0.00,0,0,0,0,08,2,030,2013
1,2018-06-27 14:41:37.000,4648.00,0,638,2005,0,88.00,0,76,6,0,09,1,030,2013
2,2018-06-27 14:41:37.000,29306.00,10,9344,9929,44,3887.00,0,765,1462,88,09,1,030,2013
3,2018-06-27 14:41:37.000,0.00,0,0,0,0,0.00,0,0,0,0,09,1,030,2013
4,2018-06-27 14:41:37.000,0.00,0,0,0,0,0.00,0,0,0,0,09,1,030,2013
1,2018-06-27 14:41:37.000,0.00,0,0,0,0,224.00,448,0,0,0,09,2,030,2013
2,2018-06-27 14:41:37.000,0.00,0,0,0,0,20.00,40,0,0,0,09,2,030,2013
4,2018-06-27 14:41:37.000,0.00,0,0,0,0,0.00,0,0,0,0,09,2,030,2013
1,2018-06-27 14:41:37.000,6855.00,0,1172,2837,4,164.00,0,152,6,0,10,1,030,2013
2,2018-06-27 14:41:37.000,33999.50,10,13352,10292,26,5198.50,0,1646,1756,18,10,1,030,2013
3,2018-06-27 14:41:37.000,0.00,0,0,0,0,0.00,0,0,0,0,10,1,030,2013
4,2018-06-27 14:41:37.000,0.00,0,0,0,0,0.00,0,0,0,0,10,1,030,2013
1,2018-06-27 14:41:37.000,0.00,0,0,0,0,211.50,423,0,0,0,10,2,030,2013
2,2018-06-27 14:41:37.000,0.00,0,0,0,0,44.00,88,0,0,0,10,2,030,2013
4,2018-06-27 14:41:37.000,0.00,0,0,0,0,0.00,0,0,0,0,10,2,030,2013
1,2018-06-27 14:41:37.000,5400.50,0,772,2312,2,210.00,0,88,61,0,11,1,030,2013
2,2018-06-27 14:41:37.000,32826.50,23,13256,9766,12,4947.00,0,2073,1437,0,11,1,030,2013
3,2018-06-27 14:41:37.000,0.00,0,0,0,0,0.00,0,0,0,0,11,1,030,2013
4,2018-06-27 14:41:37.000,0.00,0,0,0,0,0.00,0,0,0,0,11,1,030,2013
1,2018-06-27 14:41:37.000,0.00,0,0,0,0,285.00,570,0,0,0,11,2,030,2013
2,2018-06-27 14:41:37.000,0.00,0,0,0,0,140.00,280,0,0,0,11,2,030,2013
1,2018-06-27 14:41:37.000,4817.00,0,459,2179,0,365.00,0,3,181,0,01,1,030,2013
2,2018-06-27 14:41:37.000,28591.50,15,11624,8471,8,2937.00,0,815,1061,0,01,1,030,2013
3,2018-06-27 14:41:37.000,27.00,0,5,11,0,0.00,0,0,0,0,01,1,030,2013
4,2018-06-27 14:41:37.000,0.00,0,0,0,0,0.00,0,0,0,0,01,1,030,2013
1,2018-06-27 14:41:37.000,0.00,0,0,0,0,965.00,130,0,450,0,01,2,030,2013
2,2018-06-27 14:41:37.000,0.00,0,0,0,0,16.00,0,12,2,0,01,2,030,2013
1,2018-06-27 14:41:37.000,4828.00,0,348,2240,0,212.00,0,14,99,0,02,1,030,2013
2,2018-06-27 14:41:37.000,21433.25,8,8407,6438,65,3172.00,0,754,1209,0,02,1,030,2013
3,2018-06-27 14:41:37.000,236.00,0,192,22,0,0.00,0,0,0,0,02,1,030,2013
3,2018-06-27 14:41:37.000,0.00,0,0,0,0,0.00,0,0,0,0,11,2,030,2013
4,2018-06-27 14:41:37.000,0.00,0,0,0,0,0.00,0,0,0,0,11,2,030,2013
1,2018-06-27 14:41:37.000,6374.00,0,684,2845,0,36.00,0,16,10,0,12,1,030,2013
2,2018-06-27 14:41:37.000,29774.50,15,12777,8495,0,3800.00,0,1268,1266,0,12,1,030,2013
3,2018-06-27 14:41:37.000,0.00,0,0,0,0,0.00,0,0,0,0,12,1,030,2013
4,2018-06-27 14:41:37.000,8.00,0,0,4,0,0.00,0,0,0,0,12,1,030,2013
1,2018-06-27 14:41:37.000,0.00,0,0,0,0,241.50,483,0,0,0,12,2,030,2013
2,2018-06-27 14:41:37.000,0.00,0,0,0,0,87.50,175,0,0,0,12,2,030,2013
4,2018-06-27 14:41:37.000,231.00,0,191,20,0,0.00,0,0,0,0,02,1,030,2013
1,2018-06-27 14:41:37.000,0.00,0,0,0,0,758.50,315,101,250,0,02,2,030,2013
2,2018-06-27 14:41:37.000,0.00,0,0,0,0,302.00,0,2,150,0,02,2,030,2013
1,2018-06-27 14:41:37.000,9411.25,0,792,4304,5,281.00,0,17,132,0,03,1,030,2013
2,2018-06-27 14:41:37.000,24630.50,7,10090,7201,60,2089.00,0,559,765,0,03,1,030,2013
3,2018-06-27 14:41:37.000,102.00,0,102,0,0,0.00,0,0,0,0,03,1,030,2013
4,2018-06-27 14:41:37.000,0.00,0,0,0,0,0.00,0,0,0,0,03,1,030,2013
1,2018-06-27 14:41:37.000,0.00,0,0,0,0,251.00,502,0,0,0,03,2,030,2013
2,2018-06-27 14:41:37.000,0.00,0,0,0,0,0.00,0,0,0,0,03,2,030,2013
1,2018-06-27 14:41:37.000,5755.00,0,540,2585,20,168.00,0,20,74,0,04,1,030,2013
2,2018-06-27 14:41:37.000,26165.50,16,11116,7469,46,2607.00,0,1041,783,0,04,1,030,2013
3,2018-06-27 14:41:37.000,77.00,0,3,37,0,0.00,0,0,0,0,04,1,030,2013
4,2018-06-27 14:41:37.000,60.00,0,0,30,0,0.00,0,0,0,0,04,1,030,2013
1,2018-06-27 14:41:37.000,0.00,0,0,0,0,384.00,768,0,0,0,04,2,030,2013
2,2018-06-27 14:41:37.000,0.00,0,0,0,0,20.00,40,0,0,0,04,2,030,2013
4,2018-06-27 14:41:37.000,0.00,0,0,0,0,0.00,0,0,0,0,04,2,030,2013
1,2018-06-27 14:41:37.000,6215.00,0,1277,2469,0,597.00,0,13,292,0,05,1,030,2013
2,2018-06-27 14:41:37.000,31016.50,12,13704,8597,50,3190.00,0,1248,971,0,05,1,030,2013
3,2018-06-27 14:41:37.000,37.00,0,13,12,0,0.00,0,0,0,0,05,1,030,2013
4,2018-06-27 14:41:37.000,34.00,0,0,17,0,0.00,0,0,0,0,05,1,030,2013
1,2018-06-27 14:41:37.000,0.00,0,0,0,0,554.00,1108,0,0,0,05,2,030,2013
2,2018-06-27 14:41:37.000,0.00,0,0,0,0,15.00,30,0,0,0,05,2,030,2013
4,2018-06-27 14:41:37.000,0.00,0,0,0,0,0.00,0,0,0,0,05,2,030,2013
1,2018-06-27 14:41:37.000,5560.00,0,824,2359,8,344.00,0,10,167,0,06,1,030,2013
2,2018-06-27 14:41:37.000,24493.75,17,9283,7600,1,2786.00,0,1084,851,0,06,1,030,2013
3,2018-06-27 14:41:37.000,179.00,0,49,65,0,0.00,0,0,0,0,06,1,030,2013
4,2018-06-27 14:41:37.000,66.00,0,0,33,0,0.00,0,0,0,0,06,1,030,2013
1,2018-06-27 14:41:37.000,0.00,0,0,0,0,405.50,811,0,0,0,06,2,030,2013
2,2018-06-27 14:41:37.000,0.00,0,0,0,0,27.50,55,0,0,0,06,2,030,2013
4,2018-06-27 14:41:37.000,0.00,0,0,0,0,0.00,0,0,0,0,06,2,030,2013
1,2018-06-27 14:41:37.000,4229.00,0,749,1740,0,193.00,0,35,79,0,07,1,030,2013
2,2018-06-27 14:41:37.000,27796.75,19,10225,8735,41,2297.00,0,599,849,0,07,1,030,2013
3,2018-06-27 14:41:37.000,0.00,0,0,0,0,0.00,0,0,0,0,11,2,030,2014
1,2018-06-27 14:41:37.000,0.00,0,0,0,0,129.50,259,0,0,0,12,2,030,2014
2,2018-06-27 14:41:37.000,0.00,0,0,0,0,0.00,0,0,0,0,12,2,030,2014
1,2018-06-27 14:41:37.000,4763.00,0,283,2240,0,277.00,0,3,137,0,01,1,030,2014
2,2018-06-27 14:41:37.000,33107.50,15,11480,10810,0,3377.00,0,945,1216,0,01,1,030,2014
3,2018-06-27 14:41:37.000,120.00,0,120,0,0,0.00,0,0,0,0,01,1,030,2014
4,2018-06-27 14:41:37.000,0.00,0,0,0,0,0.00,0,0,0,0,01,1,030,2014
1,2018-06-27 14:41:37.000,4963.50,0,1184,1883,6,207.00,0,9,99,0,02,1,030,2014
2,2018-06-27 14:41:37.000,22847.00,11,6887,7966,10,3468.00,0,1202,1133,0,02,1,030,2014
3,2018-06-27 14:41:37.000,0.00,0,0,0,0,0.00,0,0,0,0,02,1,030,2014
4,2018-06-27 14:41:37.000,120.00,0,120,0,0,0.00,0,0,0,0,02,1,030,2014
1,2018-06-27 14:41:37.000,5158.25,0,740,2199,9,72.00,0,6,33,0,03,1,030,2014
2,2018-06-27 14:41:37.000,25333.50,20,10890,7183,30,3256.00,0,816,1220,0,03,1,030,2014
3,2018-06-27 14:41:37.000,0.00,0,0,0,0,0.00,0,0,0,0,03,1,030,2014
4,2018-06-27 14:41:37.000,0.00,0,0,0,0,0.00,0,0,0,0,03,1,030,2014
1,2018-06-27 14:41:37.000,5217.50,0,350,2418,14,91.00,0,43,24,0,04,1,030,2014
2,2018-06-27 14:41:37.000,33279.00,27,13114,10015,54,3298.00,0,1476,911,0,04,1,030,2014
3,2018-06-27 14:41:37.000,0.00,0,0,0,0,0.00,0,0,0,0,04,1,030,2014
4,2018-06-27 14:41:37.000,0.00,0,0,0,0,0.00,0,0,0,0,04,1,030,2014
1,2018-06-27 14:41:37.000,3926.00,0,554,1686,0,118.00,0,12,53,0,05,1,030,2014
2,2018-06-27 14:41:37.000,34261.75,25,12458,10881,13,4859.00,0,1731,1564,0,05,1,030,2014
3,2018-06-27 14:41:37.000,72.00,0,0,36,0,0.00,0,0,0,0,05,1,030,2014
4,2018-06-27 14:41:37.000,1336.00,0,390,473,0,0.00,0,0,0,0,05,1,030,2014
1,2018-06-27 14:41:37.000,2408.00,0,835,782,4,118.00,0,4,57,0,06,1,030,2014
2,2018-06-27 14:41:37.000,36869.50,20,12524,12143,22,4356.00,0,1468,1444,0,06,1,030,2014
3,2018-06-27 14:41:37.000,0.00,0,0,0,0,0.00,0,0,0,0,06,1,030,2014
4,2018-06-27 14:41:37.000,450.00,0,100,175,0,72.00,0,0,36,0,06,1,030,2014
1,2018-06-27 14:41:37.000,5135.00,0,835,2150,0,44.00,0,36,4,0,07,1,030,2014
2,2018-06-27 14:41:37.000,42407.25,16,13879,14232,25,4918.50,0,1785,1461,94,07,1,030,2014
3,2018-06-27 14:41:37.000,0.00,0,0,0,0,0.00,0,0,0,0,07,1,030,2014
4,2018-06-27 14:41:37.000,100.00,0,100,0,0,100.00,0,100,0,0,07,1,030,2014
1,2018-06-27 14:41:37.000,5354.75,0,768,2263,27,168.00,0,10,79,0,08,1,030,2014
2,2018-06-27 14:41:37.000,40301.25,20,12503,13812,73,4366.00,0,1588,1389,0,08,1,030,2014
3,2018-06-27 14:41:37.000,0.00,0,0,0,0,0.00,0,0,0,0,08,1,030,2014
4,2018-06-27 14:41:37.000,0.00,0,0,0,0,0.00,0,0,0,0,08,1,030,2014
1,2018-06-27 14:41:37.000,2448.75,0,644,890,11,41.00,0,31,5,0,09,1,030,2014
2,2018-06-27 14:41:37.000,40496.75,18,14027,13182,43,3715.75,0,983,1327,35,09,1,030,2014
3,2018-06-27 14:41:37.000,0.00,0,0,0,0,0.00,0,0,0,0,09,1,030,2014
4,2018-06-27 14:41:37.000,0.00,0,0,0,0,0.00,0,0,0,0,09,1,030,2014
1,2018-06-27 14:41:37.000,2666.00,0,622,1022,0,283.00,0,61,111,0,10,1,030,2014
2,2018-06-27 14:41:37.000,40046.50,12,13845,13046,46,6129.00,0,1852,2089,44,10,1,030,2014
3,2018-06-27 14:41:37.000,0.00,0,0,0,0,0.00,0,0,0,0,10,1,030,2014
4,2018-06-27 14:41:37.000,0.00,0,0,0,0,0.00,0,0,0,0,10,1,030,2014
1,2018-06-27 14:41:37.000,2032.00,0,786,623,0,148.00,0,12,68,0,11,1,030,2014
2,2018-06-27 14:41:37.000,39692.75,6,13901,12846,43,4946.50,0,1514,1705,10,11,1,030,2014
3,2018-06-27 14:41:37.000,0.00,0,0,0,0,0.00,0,0,0,0,11,1,030,2014
4,2018-06-27 14:41:37.000,0.00,0,0,0,0,0.00,0,0,0,0,11,1,030,2014
1,2018-06-27 14:41:37.000,2582.50,1,940,821,0,115.00,0,49,33,0,12,1,030,2014
2,2018-06-27 14:41:37.000,31868.50,17,11310,10275,0,4105.00,0,1213,1446,0,12,1,030,2014
3,2018-06-27 14:41:37.000,0.00,0,0,0,0,0.00,0,0,0,0,12,1,030,2014
4,2018-06-27 14:41:37.000,0.00,0,0,0,0,0.00,0,0,0,0,12,1,030,2014
1,2018-06-27 14:41:37.000,0.00,0,0,0,0,268.00,536,0,0,0,01,2,030,2014
2,2018-06-27 14:41:37.000,0.00,0,0,0,0,90.50,181,0,0,0,01,2,030,2014
1,2018-06-27 14:41:37.000,0.00,0,0,0,0,212.00,370,0,0,0,02,2,030,2014
2,2018-06-27 14:41:37.000,0.00,0,0,0,0,44.00,88,0,0,0,02,2,030,2014
1,2018-06-27 14:41:37.000,0.00,0,0,0,0,370.50,741,0,0,0,03,2,030,2014
2,2018-06-27 14:41:37.000,0.00,0,0,0,0,40.50,81,0,0,0,03,2,030,2014
1,2018-06-27 14:41:37.000,0.00,0,0,0,0,178.00,356,0,0,0,04,2,030,2014
2,2018-06-27 14:41:37.000,0.00,0,0,0,0,12.50,25,0,0,0,04,2,030,2014
4,2018-06-27 14:41:37.000,0.00,0,0,0,0,0.00,0,0,0,0,04,2,030,2014
1,2018-06-27 14:41:37.000,0.00,0,0,0,0,0.00,0,0,0,0,05,2,030,2014
2,2018-06-27 14:41:37.000,0.00,0,0,0,0,0.00,0,0,0,0,05,2,030,2014
1,2018-06-27 14:41:37.000,0.00,0,0,0,0,0.00,0,0,0,0,06,2,030,2014
2,2018-06-27 14:41:37.000,0.00,0,0,0,0,0.00,0,0,0,0,06,2,030,2014
1,2018-06-27 14:41:37.000,0.00,0,0,0,0,0.00,0,0,0,0,07,2,030,2014
2,2018-06-27 14:41:37.000,0.00,0,0,0,0,0.00,0,0,0,0,07,2,030,2014
1,2018-06-27 14:41:37.000,0.00,0,0,0,0,0.00,0,0,0,0,08,2,030,2014
2,2018-06-27 14:41:37.000,0.00,0,0,0,0,0.00,0,0,0,0,08,2,030,2014
1,2018-06-27 14:41:37.000,0.00,0,0,0,0,0.00,0,0,0,0,09,2,030,2014
2,2018-06-27 14:41:37.000,0.00,0,0,0,0,0.00,0,0,0,0,09,2,030,2014
4,2018-06-27 14:41:37.000,0.00,0,0,0,0,0.00,0,0,0,0,09,2,030,2014
1,2018-06-27 14:41:37.000,0.00,0,0,0,0,227.50,455,0,0,0,10,2,030,2014
2,2018-06-27 14:41:37.000,0.00,0,0,0,0,0.00,0,0,0,0,10,2,030,2014
1,2018-06-27 14:41:37.000,0.00,0,0,0,0,172.00,344,0,0,0,11,2,030,2014
2,2018-06-27 14:41:37.000,0.00,0,0,0,0,0.00,0,0,0,0,11,2,030,2014
4,2018-06-27 14:41:37.000,0.00,0,0,0,0,0.00,0,0,0,0,12,1,030,2015
1,2018-06-27 14:41:37.000,0.00,0,0,0,0,0.00,0,0,0,0,07,2,030,2015
2,2018-06-27 14:41:37.000,0.00,0,0,0,0,0.00,0,0,0,0,07,2,030,2015
4,2018-06-27 14:41:37.000,0.00,0,0,0,0,0.00,0,0,0,0,07,2,030,2015
1,2018-06-27 14:41:37.000,0.00,0,0,0,0,0.00,0,0,0,0,08,2,030,2015
2,2018-06-27 14:41:37.000,0.00,0,0,0,0,0.00,0,0,0,0,08,2,030,2015
4,2018-06-27 14:41:37.000,0.00,0,0,0,0,0.00,0,0,0,0,08,2,030,2015
1,2018-06-27 14:41:37.000,0.00,0,0,0,0,323.50,647,0,0,0,09,2,030,2015
2,2018-06-27 14:41:37.000,0.00,0,0,0,0,0.00,0,0,0,0,09,2,030,2015
4,2018-06-27 14:41:37.000,0.00,0,0,0,0,0.00,0,0,0,0,09,2,030,2015
1,2018-06-27 14:41:37.000,0.00,0,0,0,0,160.00,320,0,0,0,10,2,030,2015
2,2018-06-27 14:41:37.000,0.00,0,0,0,0,0.00,0,0,0,0,10,2,030,2015
4,2018-06-27 14:41:37.000,0.00,0,0,0,0,0.00,0,0,0,0,10,2,030,2015
1,2018-06-27 14:41:37.000,0.00,0,0,0,0,56.50,113,0,0,0,11,2,030,2015
2,2018-06-27 14:41:37.000,0.00,0,0,0,0,0.00,0,0,0,0,11,2,030,2015
1,2018-06-27 14:41:37.000,0.00,0,0,0,0,48.50,97,0,0,0,12,2,030,2015
2,2018-06-27 14:41:37.000,0.00,0,0,0,0,0.00,0,0,0,0,12,2,030,2015
1,2018-06-27 14:41:37.000,3239.00,0,1049,1095,0,44.00,0,16,14,0,01,1,030,2015
2,2018-06-27 14:41:37.000,33560.25,9,11629,10915,43,3898.50,4,1127,1369,14,01,1,030,2015
3,2018-06-27 14:41:37.000,0.00,0,0,0,0,0.00,0,0,0,0,01,1,030,2015
4,2018-06-27 14:41:37.000,0.00,0,0,0,0,0.00,0,0,0,0,01,1,030,2015
1,2018-06-27 14:41:37.000,1564.00,0,518,523,0,62.00,0,28,17,0,02,1,030,2015
2,2018-06-27 14:41:37.000,30495.00,0,10008,10221,20,4009.50,0,740,1583,46,02,1,030,2015
3,2018-06-27 14:41:37.000,69.00,0,69,0,0,0.00,0,0,0,0,02,1,030,2015
4,2018-06-27 14:41:37.000,0.00,0,0,0,0,0.00,0,0,0,0,02,1,030,2015
1,2018-06-27 14:41:37.000,2435.00,0,1121,657,0,324.00,0,6,159,0,03,1,030,2015
2,2018-06-27 14:41:37.000,36239.25,4,11688,12242,29,3566.25,0,806,1325,49,03,1,030,2015
3,2018-06-27 14:41:37.000,29.00,0,29,0,0,0.00,0,0,0,0,03,1,030,2015
4,2018-06-27 14:41:37.000,29.00,0,29,0,0,0.00,0,0,0,0,03,1,030,2015
1,2018-06-27 14:41:37.000,1740.00,0,712,514,0,115.00,0,15,50,0,04,1,030,2015
2,2018-06-27 14:41:37.000,37811.00,22,14121,11817,20,3146.75,0,606,1150,107,04,1,030,2015
3,2018-06-27 14:41:37.000,249.00,0,105,72,0,0.00,0,0,0,0,04,1,030,2015
4,2018-06-27 14:41:37.000,50.00,0,20,15,0,0.00,0,0,0,0,04,1,030,2015
1,2018-06-27 14:41:37.000,1771.00,0,601,585,0,2.00,0,0,1,0,05,1,030,2015
2,2018-06-27 14:41:37.000,39690.00,14,15109,12251,32,2646.25,0,535,960,85,05,1,030,2015
3,2018-06-27 14:41:37.000,0.00,0,0,0,0,0.00,0,0,0,0,05,1,030,2015
4,2018-06-27 14:41:37.000,0.00,0,0,0,0,0.00,0,0,0,0,05,1,030,2015
1,2018-06-27 14:41:37.000,2539.00,0,559,990,0,130.00,0,16,57,0,06,1,030,2015
2,2018-06-27 14:41:37.000,40124.25,17,13528,13268,23,2848.50,0,828,918,82,06,1,030,2015
3,2018-06-27 14:41:37.000,26.00,0,0,13,0,2.00,0,0,1,0,06,1,030,2015
4,2018-06-27 14:41:37.000,26.00,0,0,13,0,2.00,0,0,1,0,06,1,030,2015
1,2018-06-27 14:41:37.000,2465.00,0,917,774,0,22.00,0,0,11,0,07,1,030,2015
2,2018-06-27 14:41:37.000,40974.75,18,13587,13641,43,2585.50,0,743,865,50,07,1,030,2015
3,2018-06-27 14:41:37.000,16.00,0,2,7,0,0.00,0,0,0,0,07,1,030,2015
4,2018-06-27 14:41:37.000,8.00,0,0,4,0,0.00,0,0,0,0,07,1,030,2015
1,2018-06-27 14:41:37.000,1811.00,0,623,594,0,19.00,0,15,2,0,08,1,030,2015
2,2018-06-27 14:41:37.000,42130.25,16,13732,14077,105,2889.00,0,863,914,88,08,1,030,2015
3,2018-06-27 14:41:37.000,0.00,0,0,0,0,0.00,0,0,0,0,08,1,030,2015
4,2018-06-27 14:41:37.000,0.00,0,0,0,0,0.00,0,0,0,0,08,1,030,2015
1,2018-06-27 14:41:37.000,2340.00,0,1176,582,0,75.00,0,55,10,0,09,1,030,2015
2,2018-06-27 14:41:37.000,41578.00,14,13271,14150,0,3448.00,0,1063,1098,84,09,1,030,2015
3,2018-06-27 14:41:37.000,59.00,0,59,0,0,0.00,0,0,0,0,09,1,030,2015
4,2018-06-27 14:41:37.000,59.00,0,59,0,0,0.00,0,0,0,0,09,1,030,2015
1,2018-06-27 14:41:37.000,2400.00,0,972,714,0,79.00,0,75,2,0,10,1,030,2015
2,2018-06-27 14:41:37.000,44661.25,18,14819,14875,37,4322.75,0,1094,1512,91,10,1,030,2015
3,2018-06-27 14:41:37.000,0.00,0,0,0,0,0.00,0,0,0,0,10,1,030,2015
4,2018-06-27 14:41:37.000,4.00,0,4,0,0,12.00,0,0,6,0,10,1,030,2015
1,2018-06-27 14:41:37.000,1412.00,0,922,245,0,11.00,0,7,2,0,11,1,030,2015
2,2018-06-27 14:41:37.000,43101.00,24,15563,13700,56,4420.75,0,1286,1474,83,11,1,030,2015
3,2018-06-27 14:41:37.000,6.00,0,2,2,0,0.00,0,0,0,0,11,1,030,2015
4,2018-06-27 14:41:37.000,6.00,0,2,2,0,0.00,0,0,0,0,11,1,030,2015
1,2018-06-27 14:41:37.000,1839.50,1,601,619,0,24.00,0,16,4,0,12,1,030,2015
2,2018-06-27 14:41:37.000,41386.00,19,15136,13073,42,4853.00,0,965,1854,80,12,1,030,2015
3,2018-06-27 14:41:37.000,0.00,0,0,0,0,2.00,0,0,1,0,12,1,030,2015
1,2018-06-27 14:41:37.000,0.00,0,0,0,0,243.00,486,0,0,0,01,2,030,2015
2,2018-06-27 14:41:37.000,0.00,0,0,0,0,0.00,0,0,0,0,01,2,030,2015
1,2018-06-27 14:41:37.000,0.00,0,0,0,0,0.00,0,0,0,0,02,2,030,2015
2,2018-06-27 14:41:37.000,0.00,0,0,0,0,0.00,0,0,0,0,02,2,030,2015
1,2018-06-27 14:41:37.000,0.00,0,0,0,0,0.00,0,0,0,0,03,2,030,2015
2,2018-06-27 14:41:37.000,0.00,0,0,0,0,0.00,0,0,0,0,03,2,030,2015
1,2018-06-27 14:41:37.000,0.00,0,0,0,0,0.00,0,0,0,0,04,2,030,2015
2,2018-06-27 14:41:37.000,0.00,0,0,0,0,0.00,0,0,0,0,04,2,030,2015
1,2018-06-27 14:41:37.000,0.00,0,0,0,0,0.00,0,0,0,0,05,2,030,2015
2,2018-06-27 14:41:37.000,0.00,0,0,0,0,0.00,0,0,0,0,05,2,030,2015
1,2018-06-27 14:41:37.000,0.00,0,0,0,0,0.00,0,0,0,0,06,2,030,2015
2,2018-06-27 14:41:37.000,0.00,0,0,0,0,0.00,0,0,0,0,06,2,030,2015
4,2018-06-27 14:41:37.000,0.00,0,0,0,0,0.00,0,0,0,0,06,2,030,2015
4,2018-06-27 14:41:37.000,0.00,0,0,0,0,0.00,0,0,0,0,04,1,030,2016
1,2018-06-27 14:41:37.000,3674.00,0,934,1370,0,141.00,0,53,44,0,05,1,030,2016
2,2018-06-27 14:41:37.000,42248.00,18,15014,13590,20,6404.25,0,1763,2189,117,05,1,030,2016
3,2018-06-27 14:41:37.000,0.00,0,0,0,0,0.00,0,0,0,0,05,1,030,2016
4,2018-06-27 14:41:37.000,0.00,0,0,0,0,0.00,0,0,0,0,05,1,030,2016
1,2018-06-27 14:41:37.000,3053.75,0,586,1226,7,96.00,0,18,39,0,06,1,030,2016
2,2018-06-27 14:41:37.000,42927.00,16,13499,14710,0,6842.00,0,2494,2021,136,06,1,030,2016
3,2018-06-27 14:41:37.000,8.00,0,8,0,0,0.00,0,0,0,0,06,1,030,2016
4,2018-06-27 14:41:37.000,6.00,0,6,0,0,0.00,0,0,0,0,06,1,030,2016
1,2018-06-27 14:41:37.000,4364.50,0,1443,1382,70,132.00,0,6,63,0,07,1,030,2016
2,2018-06-27 14:41:37.000,46107.50,26,15134,15478,2,7647.25,0,2027,2674,121,07,1,030,2016
3,2018-06-27 14:41:37.000,0.00,0,0,0,0,0.00,0,0,0,0,07,1,030,2016
4,2018-06-27 14:41:37.000,0.00,0,0,0,0,0.00,0,0,0,0,07,1,030,2016
1,2018-06-27 14:41:37.000,4668.75,0,1159,1738,15,98.00,0,10,44,0,08,1,030,2016
2,2018-06-27 14:41:37.000,44544.00,21,15352,14530,54,6275.00,0,2105,2022,56,08,1,030,2016
3,2018-06-27 14:41:37.000,2.00,0,0,1,0,0.00,0,0,0,0,08,1,030,2016
4,2018-06-27 14:41:37.000,0.00,0,0,0,0,0.00,0,0,0,0,08,1,030,2016
1,2018-06-27 14:41:37.000,4084.00,0,470,1807,0,120.00,0,10,55,0,09,1,030,2016
2,2018-06-27 14:41:37.000,42932.00,11,15150,13832,50,6925.50,0,1470,2622,94,09,1,030,2016
3,2018-06-27 14:41:37.000,0.00,0,0,0,0,0.00,0,0,0,0,09,1,030,2016
1,2018-06-27 14:41:37.000,0.00,0,0,0,0,82.50,165,0,0,0,01,2,030,2016
2,2018-06-27 14:41:37.000,0.00,0,0,0,0,0.00,0,0,0,0,01,2,030,2016
3,2018-06-27 14:41:37.000,0.00,0,0,0,0,0.00,0,0,0,0,01,2,030,2016
1,2018-06-27 14:41:37.000,0.00,0,0,0,0,51.00,102,0,0,0,02,2,030,2016
2,2018-06-27 14:41:37.000,0.00,0,0,0,0,0.00,0,0,0,0,02,2,030,2016
4,2018-06-27 14:41:37.000,0.00,0,0,0,0,0.00,0,0,0,0,02,2,030,2016
1,2018-06-27 14:41:37.000,0.00,0,0,0,0,0.00,0,0,0,0,03,2,030,2016
2,2018-06-27 14:41:37.000,0.00,0,0,0,0,0.00,0,0,0,0,03,2,030,2016
4,2018-06-27 14:41:37.000,0.00,0,0,0,0,0.00,0,0,0,0,03,2,030,2016
1,2018-06-27 14:41:37.000,0.00,0,0,0,0,0.00,0,0,0,0,04,2,030,2016
2,2018-06-27 14:41:37.000,0.00,0,0,0,0,0.00,0,0,0,0,04,2,030,2016
4,2018-06-27 14:41:37.000,0.00,0,0,0,0,0.00,0,0,0,0,04,2,030,2016
1,2018-06-27 14:41:37.000,0.00,0,0,0,0,148.00,296,0,0,0,05,2,030,2016
2,2018-06-27 14:41:37.000,0.00,0,0,0,0,0.00,0,0,0,0,05,2,030,2016
1,2018-06-27 14:41:37.000,0.00,0,0,0,0,140.00,280,0,0,0,06,2,030,2016
2,2018-06-27 14:41:37.000,0.00,0,0,0,0,0.00,0,0,0,0,06,2,030,2016
4,2018-06-27 14:41:37.000,0.00,0,0,0,0,0.00,0,0,0,0,06,2,030,2016
1,2018-06-27 14:41:37.000,0.00,0,0,0,0,119.00,238,0,0,0,07,2,030,2016
2,2018-06-27 14:41:37.000,0.00,0,0,0,0,0.00,0,0,0,0,07,2,030,2016
3,2018-06-27 14:41:37.000,0.00,0,0,0,0,0.00,0,0,0,0,07,2,030,2016
4,2018-06-27 14:41:37.000,0.00,0,0,0,0,0.00,0,0,0,0,07,2,030,2016
1,2018-06-27 14:41:37.000,0.00,0,0,0,0,43.00,86,0,0,0,08,2,030,2016
2,2018-06-27 14:41:37.000,0.00,0,0,0,0,0.00,0,0,0,0,08,2,030,2016
3,2018-06-27 14:41:37.000,0.00,0,0,0,0,0.00,0,0,0,0,08,2,030,2016
1,2018-06-27 14:41:37.000,0.00,0,0,0,0,47.50,95,0,0,0,09,2,030,2016
2,2018-06-27 14:41:37.000,0.00,0,0,0,0,0.00,0,0,0,0,09,2,030,2016
3,2018-06-27 14:41:37.000,0.00,0,0,0,0,0.00,0,0,0,0,09,2,030,2016
4,2018-06-27 14:41:37.000,0.00,0,0,0,0,0.00,0,0,0,0,09,2,030,2016
1,2018-06-27 14:41:37.000,0.00,0,0,0,0,26.50,53,0,0,0,10,2,030,2016
2,2018-06-27 14:41:37.000,0.00,0,0,0,0,0.00,0,0,0,0,10,2,030,2016
4,2018-06-27 14:41:37.000,0.00,0,0,0,0,0.00,0,0,0,0,10,2,030,2016
1,2018-06-27 14:41:37.000,0.00,0,0,0,0,0.00,0,0,0,0,11,2,030,2016
2,2018-06-27 14:41:37.000,0.00,0,0,0,0,0.00,0,0,0,0,11,2,030,2016
1,2018-06-27 14:41:37.000,0.00,0,0,0,0,0.00,0,0,0,0,12,2,030,2016
1,2018-06-27 14:41:37.000,2485.00,0,345,1070,0,14.00,0,8,3,0,02,1,030,2016
2,2018-06-27 14:41:37.000,38548.75,12,12055,13218,23,3269.00,0,994,1097,36,02,1,030,2016
3,2018-06-27 14:41:37.000,4.00,0,4,0,0,0.00,0,0,0,0,02,1,030,2016
4,2018-06-27 14:41:37.000,2.00,0,2,0,0,0.00,0,0,0,0,02,1,030,2016
1,2018-06-27 14:41:37.000,2670.00,0,566,1052,0,47.00,0,13,17,0,03,1,030,2016
2,2018-06-27 14:41:37.000,36687.25,10,11533,12488,77,4580.75,0,1509,1429,95,03,1,030,2016
3,2018-06-27 14:41:37.000,0.00,0,0,0,0,0.00,0,0,0,0,03,1,030,2016
2,2018-06-27 14:41:37.000,0.00,0,0,0,0,0.00,0,0,0,0,12,2,030,2016
4,2018-06-27 14:41:37.000,0.00,0,0,0,0,0.00,0,0,0,0,12,2,030,2016
1,2018-06-27 14:41:37.000,3174.00,0,434,1370,0,50.00,0,8,21,0,01,1,030,2016
2,2018-06-27 14:41:37.000,42686.75,4,13614,14487,43,4921.75,0,1048,1848,79,01,1,030,2016
3,2018-06-27 14:41:37.000,0.00,0,0,0,0,0.00,0,0,0,0,01,1,030,2016
4,2018-06-27 14:41:37.000,2.00,0,0,1,0,0.00,0,0,0,0,01,1,030,2016
4,2018-06-27 14:41:37.000,2.00,0,2,0,0,0.00,0,0,0,0,03,1,030,2016
1,2018-06-27 14:41:37.000,1988.00,0,540,724,0,53.00,0,5,24,0,04,1,030,2016
2,2018-06-27 14:41:37.000,41827.50,13,12610,14529,68,6281.75,0,1858,2051,143,04,1,030,2016
3,2018-06-27 14:41:37.000,0.00,0,0,0,0,0.00,0,0,0,0,04,1,030,2016
2,2018-06-27 14:41:37.000,50979.00,2,16150,17414,0,7730.00,0,2070,2641,168,10,1,030,2016
3,2018-06-27 14:41:37.000,0.00,0,0,0,0,0.00,0,0,0,0,10,1,030,2016
4,2018-06-27 14:41:37.000,0.00,0,0,0,0,0.00,0,0,0,0,10,1,030,2016
1,2018-06-27 14:41:37.000,5849.75,0,719,2517,43,141.00,0,20,38,20,11,1,030,2016
2,2018-06-27 14:41:37.000,48943.00,14,16484,16226,0,10498.75,0,2884,3633,155,11,1,030,2016
3,2018-06-27 14:41:37.000,2.00,0,0,1,0,0.00,0,0,0,0,11,1,030,2016
4,2018-06-27 14:41:37.000,0.00,0,0,0,0,0.00,0,0,0,0,11,1,030,2016
1,2018-06-27 14:41:37.000,3406.75,0,350,1471,51,278.25,0,41,77,37,12,1,030,2016
2,2018-06-27 14:41:37.000,50115.00,12,18231,15939,0,12699.00,0,3881,4265,128,12,1,030,2016
3,2018-06-27 14:41:37.000,0.00,0,0,0,0,60.00,0,0,30,0,12,1,030,2016
4,2018-06-27 14:41:37.000,60.00,0,0,30,0,1.00,0,1,0,0,12,1,030,2016
4,2018-06-27 14:41:37.000,0.00,0,0,0,0,0.00,0,0,0,0,09,1,030,2016
1,2018-06-27 14:41:37.000,5134.00,0,818,2158,0,94.00,0,46,24,0,10,1,030,2016
4,2018-06-27 14:41:37.000,13.00,0,7,3,0,0.00,0,0,0,0,06,1,030,2017
1,2018-06-27 14:41:37.000,3349.25,0,615,1366,1,261.00,0,33,114,0,07,1,030,2017
2,2018-06-27 14:41:37.000,60381.75,8,17469,21388,59,11211.00,0,2623,4132,144,07,1,030,2017
3,2018-06-27 14:41:37.000,6.00,0,2,2,0,0.00,0,0,0,0,07,1,030,2017
4,2018-06-27 14:41:37.000,3.00,0,3,0,0,59.00,0,59,0,0,07,1,030,2017
1,2018-06-27 14:41:37.000,4830.00,0,554,2138,0,250.00,0,80,85,0,08,1,030,2017
2,2018-06-27 14:41:37.000,55934.25,10,16049,19885,49,13032.50,0,2814,4945,146,08,1,030,2017
3,2018-06-27 14:41:37.000,2.00,0,0,1,0,15.00,0,1,7,0,08,1,030,2017
4,2018-06-27 14:41:37.000,4.00,0,0,2,0,0.00,0,0,0,0,08,1,030,2017
1,2018-06-27 14:41:37.000,4254.00,0,932,1661,0,692.00,0,54,319,0,09,1,030,2017
2,2018-06-27 14:41:37.000,61283.50,12,17347,21891,66,10818.50,0,2573,3945,158,09,1,030,2017
3,2018-06-27 14:41:37.000,0.00,0,0,0,0,8.00,0,0,4,0,09,1,030,2017
4,2018-06-27 14:41:37.000,0.00,0,0,0,0,0.00,0,0,0,0,09,1,030,2017
2,2018-06-27 14:41:37.000,0.00,0,0,0,0,10436.00,0,2494,3899,14,01,2,030,2017
3,2018-06-27 14:41:37.000,0.00,0,0,0,0,0.00,0,0,0,0,01,2,030,2017
4,2018-06-27 14:41:37.000,0.00,0,0,0,0,0.00,0,0,0,0,01,2,030,2017
1,2018-06-27 14:41:37.000,3028.00,0,274,1377,0,49.00,0,15,17,0,01,1,030,2017
2,2018-06-27 14:41:37.000,41623.00,6,14730,13445,0,8365.25,0,2225,2970,89,01,1,030,2017
3,2018-06-27 14:41:37.000,300.00,0,0,150,0,0.00,0,0,0,0,01,1,030,2017
4,2018-06-27 14:41:37.000,0.00,0,0,0,0,0.00,0,0,0,0,01,1,030,2017
1,2018-06-27 14:41:37.000,0.00,0,0,0,0,0.00,0,0,0,0,03,2,030,2017
2,2018-06-27 14:41:37.000,0.00,0,0,0,0,1.00,0,1,0,0,03,2,030,2017
1,2018-06-27 14:41:37.000,0.00,0,0,0,0,0.00,0,0,0,0,04,2,030,2017
2,2018-06-27 14:41:37.000,0.00,0,0,0,0,0.00,0,0,0,0,04,2,030,2017
1,2018-06-27 14:41:37.000,0.00,0,0,0,0,0.00,0,0,0,0,05,2,030,2017
2,2018-06-27 14:41:37.000,0.00,0,0,0,0,0.00,0,0,0,0,05,2,030,2017
4,2018-06-27 14:41:37.000,0.00,0,0,0,0,0.00,0,0,0,0,05,2,030,2017
1,2018-06-27 14:41:37.000,0.00,0,0,0,0,0.00,0,0,0,0,06,2,030,2017
2,2018-06-27 14:41:37.000,0.00,0,0,0,0,0.00,0,0,0,0,06,2,030,2017
1,2018-06-27 14:41:37.000,0.00,0,0,0,0,0.00,0,0,0,0,07,2,030,2017
1,2018-06-27 14:41:37.000,3835.00,0,857,1480,8,108.00,0,80,14,0,10,1,030,2017
2,2018-06-27 14:41:37.000,53658.75,4,16638,18479,27,10222.25,0,1789,4040,157,10,1,030,2017
3,2018-06-27 14:41:37.000,0.00,0,0,0,0,0.00,0,0,0,0,10,1,030,2017
4,2018-06-27 14:41:37.000,130.00,0,10,60,0,0.00,0,0,0,0,10,1,030,2017
1,2018-06-27 14:41:37.000,4453.50,0,541,1954,2,91.00,0,41,25,0,11,1,030,2017
2,2018-06-27 14:41:37.000,60674.00,12,18968,20850,0,11709.75,0,2660,4337,167,11,1,030,2017
3,2018-06-27 14:41:37.000,4.00,0,0,2,0,0.00,0,0,0,0,11,1,030,2017
4,2018-06-27 14:41:37.000,2.00,0,0,1,0,0.00,0,0,0,0,11,1,030,2017
1,2018-06-27 14:41:37.000,2814.50,0,524,1125,18,141.75,0,107,14,3,12,1,030,2017
2,2018-06-27 14:41:37.000,66695.75,10,20114,23267,19,10725.50,0,2130,4156,126,12,1,030,2017
3,2018-06-27 14:41:37.000,560.00,0,140,210,0,177.00,0,135,21,0,12,1,030,2017
4,2018-06-27 14:41:37.000,65.00,0,65,0,0,155.00,0,115,20,0,12,1,030,2017
2,2018-06-27 14:41:37.000,0.00,0,0,0,0,0.00,0,0,0,0,07,2,030,2017
1,2018-06-27 14:41:37.000,0.00,0,0,0,0,0.00,0,0,0,0,08,2,030,2017
2,2018-06-27 14:41:37.000,0.00,0,0,0,0,0.00,0,0,0,0,08,2,030,2017
1,2018-06-27 14:41:37.000,0.00,0,0,0,0,32.50,65,0,0,0,09,2,030,2017
2,2018-06-27 14:41:37.000,0.00,0,0,0,0,0.00,0,0,0,0,09,2,030,2017
1,2018-06-27 14:41:37.000,0.00,0,0,0,0,24.00,48,0,0,0,10,2,030,2017
1,2018-06-27 14:41:37.000,0.00,0,0,0,0,104.00,0,30,37,0,02,2,030,2017
2,2018-06-27 14:41:37.000,0.00,0,0,0,0,11996.00,0,2192,4902,0,02,2,030,2017
3,2018-06-27 14:41:37.000,0.00,0,0,0,0,0.00,0,0,0,0,02,2,030,2017
4,2018-06-27 14:41:37.000,0.00,0,0,0,0,431.00,0,77,177,0,02,2,030,2017
1,2018-06-27 14:41:37.000,3407.00,0,459,1474,0,275.00,0,11,132,0,02,1,030,2017
2,2018-06-27 14:41:37.000,29456.50,6,9354,10043,6,5670.75,0,1384,2077,59,02,1,030,2017
3,2018-06-27 14:41:37.000,700.00,0,4,348,0,0.00,0,0,0,0,02,1,030,2017
4,2018-06-27 14:41:37.000,0.00,0,0,0,0,0.00,0,0,0,0,02,1,030,2017
2,2018-06-27 14:41:37.000,0.00,0,0,0,0,0.00,0,0,0,0,10,2,030,2017
1,2018-06-27 14:41:37.000,0.00,0,0,0,0,0.00,0,0,0,0,11,2,030,2017
2,2018-06-27 14:41:37.000,0.00,0,0,0,0,0.00,0,0,0,0,11,2,030,2017
1,2018-06-27 14:41:37.000,0.00,0,0,0,0,0.00,0,0,0,0,12,2,030,2017
2,2018-06-27 14:41:37.000,0.00,0,0,0,0,0.00,0,0,0,0,12,2,030,2017
1,2018-06-27 14:41:37.000,4647.00,0,675,1986,0,173.00,0,25,74,0,03,1,030,2017
2,2018-06-27 14:41:37.000,48062.25,8,16112,15972,1,10809.50,0,3855,3304,154,03,1,030,2017
3,2018-06-27 14:41:37.000,40.00,0,40,0,0,23.00,0,9,7,0,03,1,030,2017
4,2018-06-27 14:41:37.000,324.50,0,49,122,14,0.00,0,0,0,0,03,1,030,2017
1,2018-06-27 14:41:37.000,5072.00,0,705,2179,4,96.00,0,6,45,0,04,1,030,2017
2,2018-06-27 14:41:37.000,57701.25,10,17857,19707,189,13145.50,0,3555,4622,154,04,1,030,2017
3,2018-06-27 14:41:37.000,0.00,0,0,0,0,0.00,0,0,0,0,04,1,030,2017
4,2018-06-27 14:41:37.000,0.00,0,0,0,0,0.00,0,0,0,0,04,1,030,2017
1,2018-06-27 14:41:37.000,4111.25,0,646,1727,5,908.00,0,44,432,0,05,1,030,2017
2,2018-06-27 14:41:37.000,57496.25,10,16481,20477,25,12294.75,0,3196,4339,187,05,1,030,2017
3,2018-06-27 14:41:37.000,73.00,0,69,2,0,0.00,0,0,0,0,05,1,030,2017
4,2018-06-27 14:41:37.000,0.00,0,0,0,0,0.00,0,0,0,0,05,1,030,2017
1,2018-06-27 14:41:37.000,3600.25,0,650,1438,33,493.50,0,61,205,10,06,1,030,2017
2,2018-06-27 14:41:37.000,56973.00,6,17314,19828,0,10686.50,0,2989,3680,150,06,1,030,2017
3,2018-06-27 14:41:37.000,9.00,0,7,1,0,0.00,0,0,0,0,06,1,030,2017
1,2018-06-27 14:41:37.000,0.00,0,0,0,0,44.00,0,18,13,0,01,2,030,2017
2,2019-02-28 14:27:00.000,61580.75,4,17626,21640,299,7111.00,0,1065,3023,0,05,1,030,2018
3,2019-02-28 14:27:00.000,42.00,0,42,0,0,142.00,0,100,21,0,05,1,030,2018
4,2019-02-28 14:27:00.000,186.00,0,138,24,0,0.00,0,0,0,0,05,1,030,2018
1,2019-02-28 14:27:00.000,0.00,0,0,0,0,16.00,32,0,0,0,05,2,030,2018
2,2019-02-28 14:27:00.000,0.00,0,0,0,0,0.00,0,0,0,0,05,2,030,2018
3,2019-02-28 14:27:00.000,0.00,0,0,0,0,0.00,0,0,0,0,05,2,030,2018
1,2019-02-28 14:27:00.000,3612.00,0,746,1424,8,235.00,0,117,59,0,06,1,030,2018
2,2019-02-28 14:27:00.000,61958.50,6,17381,22024,234,6460.00,0,1294,2583,0,06,1,030,2018
3,2019-02-28 14:27:00.000,176.00,0,146,15,0,138.00,0,138,0,0,06,1,030,2018
4,2019-02-28 14:27:00.000,261.00,0,245,8,0,0.00,0,0,0,0,06,1,030,2018
1,2019-02-28 14:27:00.000,0.00,0,0,0,0,0.00,0,0,0,0,06,2,030,2018
2,2019-02-28 14:27:00.000,0.00,0,0,0,0,0.00,0,0,0,0,06,2,030,2018
1,2019-02-28 14:27:00.000,1433.25,0,466,478,5,72.00,0,8,32,0,07,1,030,2018
2,2019-02-28 14:27:00.000,60648.50,10,16668,21711,246,7633.00,0,1371,3131,0,07,1,030,2018
3,2019-02-28 14:27:00.000,248.00,0,248,0,0,70.00,0,70,0,0,07,1,030,2018
4,2019-02-28 14:27:00.000,208.00,0,208,0,0,0.00,0,0,0,0,07,1,030,2018
1,2019-02-28 14:27:00.000,0.00,0,0,0,0,0.00,0,0,0,0,07,2,030,2018
2,2019-02-28 14:27:00.000,0.00,0,0,0,0,0.00,0,0,0,0,07,2,030,2018
1,2019-02-28 14:27:00.000,1181.00,0,373,404,0,63.00,0,7,28,0,08,1,030,2018
2,2019-02-28 14:27:00.000,55513.25,10,16326,19347,217,5197.00,0,1103,2047,0,08,1,030,2018
3,2019-02-28 14:27:00.000,31.00,0,31,0,0,158.00,0,90,34,0,08,1,030,2018
4,2019-02-28 14:27:00.000,31.00,0,31,0,0,0.00,0,0,0,0,08,1,030,2018
1,2019-02-28 14:27:00.000,0.00,0,0,0,0,0.00,0,0,0,0,08,2,030,2018
1,2019-02-28 14:27:00.000,3945.50,0,1056,1420,22,112.00,0,13,45,4,01,1,030,2018
2,2019-02-28 14:27:00.000,53765.50,8,16212,18741,30,9733.75,0,1778,3889,79,01,1,030,2018
3,2019-02-28 14:27:00.000,90.00,0,90,0,0,0.00,0,0,0,0,01,1,030,2018
4,2019-02-28 14:27:00.000,0.00,0,0,0,0,90.00,0,90,0,0,01,1,030,2018
1,2019-02-28 14:27:00.000,0.00,0,0,0,0,0.00,0,0,0,0,01,2,030,2018
2,2019-02-28 14:27:00.000,0.00,0,0,0,0,0.00,0,0,0,0,01,2,030,2018
1,2019-02-28 14:27:00.000,2900.75,0,242,1326,3,113.00,0,29,42,0,02,1,030,2018
2,2019-02-28 14:27:00.000,49109.75,0,13118,17817,159,7568.00,0,1578,2995,0,02,1,030,2018
3,2019-02-28 14:27:00.000,112.00,0,2,55,0,0.00,0,0,0,0,02,1,030,2018
4,2019-02-28 14:27:00.000,0.00,0,0,0,0,106.00,0,0,53,0,02,1,030,2018
1,2019-02-28 14:27:00.000,0.00,0,0,0,0,0.00,0,0,0,0,02,2,030,2018
2,2019-02-28 14:27:00.000,0.00,0,0,0,0,0.00,0,0,0,0,02,2,030,2018
1,2019-02-28 14:27:00.000,4645.50,0,581,2012,18,124.00,0,2,52,8,05,1,030,2018
1,2019-02-28 14:27:00.000,2016.50,0,794,600,10,111.00,0,29,41,0,12,1,030,2018
2,2019-02-28 14:27:00.000,61646.50,2,16829,22028,338,7532.00,0,1366,3083,0,12,1,030,2018
3,2019-02-28 14:27:00.000,146.00,0,90,28,0,83.00,0,47,18,0,12,1,030,2018
4,2019-02-28 14:27:00.000,171.00,0,89,41,0,135.00,0,85,25,0,12,1,030,2018
1,2019-02-28 14:27:00.000,0.00,0,0,0,0,22.00,44,0,0,0,12,2,030,2018
2,2019-02-28 14:27:00.000,0.00,0,0,0,0,0.00,0,0,0,0,12,2,030,2018
3,2019-02-28 14:27:00.000,0.00,0,0,0,0,0.00,0,0,0,0,08,2,030,2018
1,2019-02-28 14:27:00.000,2340.25,0,748,795,1,129.00,0,73,28,0,09,1,030,2018
2,2019-02-28 14:27:00.000,57235.50,8,16512,20074,254,7382.00,0,1466,2958,0,09,1,030,2018
3,2019-02-28 14:27:00.000,250.00,0,90,80,0,186.00,0,92,47,0,09,1,030,2018
4,2019-02-28 14:27:00.000,285.00,0,121,82,0,202.00,0,102,50,0,09,1,030,2018
2,2019-02-28 14:27:00.000,0.00,0,0,0,0,0.00,0,0,0,0,08,2,030,2018
1,2019-02-28 14:27:00.000,0.00,0,0,0,0,0.00,0,0,0,0,09,2,030,2018
2,2019-02-28 14:27:00.000,0.00,0,0,0,0,0.00,0,0,0,0,09,2,030,2018
3,2019-02-28 14:27:00.000,0.00,0,0,0,0,0.00,0,0,0,0,09,2,030,2018
1,2019-02-28 14:27:00.000,1495.75,0,652,414,7,112.25,0,11,45,5,10,1,030,2018
2,2019-02-28 14:27:00.000,61500.50,4,17465,21659,318,7168.25,0,1406,2880,1,10,1,030,2018
3,2019-02-28 14:27:00.000,393.00,0,123,135,0,152.00,0,40,56,0,10,1,030,2018
4,2019-02-28 14:27:00.000,137.00,0,45,46,0,258.00,0,68,95,0,10,1,030,2018
1,2019-02-28 14:27:00.000,0.00,0,0,0,0,34.50,69,0,0,0,10,2,030,2018
2,2019-02-28 14:27:00.000,0.00,0,0,0,0,0.00,0,0,0,0,10,2,030,2018
1,2019-02-28 14:27:00.000,1748.25,0,542,602,1,258.00,0,6,126,0,11,1,030,2018
2,2019-02-28 14:27:00.000,65895.00,4,19561,22734,384,6613.25,0,1599,2506,1,11,1,030,2018
3,2019-02-28 14:27:00.000,84.00,0,36,24,0,110.00,0,110,0,0,11,1,030,2018
4,2019-02-28 14:27:00.000,218.00,0,110,54,0,51.00,0,51,0,0,11,1,030,2018
1,2019-02-28 14:27:00.000,0.00,0,0,0,0,178.50,357,0,0,0,11,2,030,2018
2,2019-02-28 14:27:00.000,0.00,0,0,0,0,0.00,0,0,0,0,11,2,030,2018
1,2019-03-14 16:58:16.000,5526.50,0,716,2403,2,114.75,0,39,30,7,03,1,030,2018
2,2019-03-14 16:58:16.000,57920.50,0,16016,20716,210,7019.00,0,1481,2769,0,03,1,030,2018
3,2019-03-14 16:58:16.000,3.00,0,1,1,0,2.00,0,0,1,0,03,1,030,2018
4,2019-03-14 16:58:16.000,0.00,0,0,0,0,0.00,0,0,0,0,03,1,030,2018
1,2019-03-14 16:58:16.000,0.00,0,0,0,0,0.00,0,0,0,0,03,2,030,2018
2,2019-03-14 16:58:16.000,0.00,0,0,0,0,0.00,0,0,0,0,03,2,030,2018
1,2019-03-14 16:58:16.000,4356.00,0,894,1722,8,57.00,0,5,26,0,04,1,030,2018
2,2019-03-14 16:58:16.000,60539.50,10,18026,20955,266,7567.25,0,1628,2955,13,04,1,030,2018
3,2019-03-14 16:58:16.000,0.00,0,0,0,0,4.00,0,0,2,0,04,1,030,2018
4,2019-03-14 16:58:16.000,0.00,0,0,0,0,0.00,0,0,0,0,04,1,030,2018
1,2019-03-14 16:58:16.000,0.00,0,0,0,0,0.00,0,0,0,0,04,2,030,2018
2,2019-03-14 16:58:16.000,0.00,0,0,0,0,0.00,0,0,0,0,04,2,030,2018
3,2019-03-14 16:58:16.000,0.00,0,0,0,0,0.00,0,0,0,0,04,2,030,2018
1,2020-02-26 10:12:35.000,1446.00,0,638,404,0,224.00,0,31,74,20,12,1,030,2019
2,2020-02-26 10:12:35.000,61372.00,6,15358,22596,364,8194.00,0,2208,2993,0,12,1,030,2019
3,2020-02-26 10:12:35.000,29.00,0,11,9,0,0.00,0,0,0,0,12,1,030,2019
4,2020-02-26 10:12:35.000,19.00,0,11,4,0,150.00,0,146,2,0,12,1,030,2019
1,2020-02-26 10:12:35.000,0.00,0,0,0,0,113.50,227,0,0,0,12,2,030,2019
2,2020-02-26 10:12:35.000,0.00,0,0,0,0,0.00,0,0,0,0,12,2,030,2019
3,2020-02-26 10:12:35.000,0.00,0,0,0,0,0.00,0,0,0,0,12,2,030,2019
1,2020-02-26 10:12:35.000,0.00,0,0,0,0,80.50,161,0,0,0,07,2,030,2019
2,2020-02-26 10:12:35.000,0.00,0,0,0,0,0.00,0,0,0,0,07,2,030,2019
1,2020-02-26 10:12:35.000,1232.50,0,426,392,10,245.00,0,45,100,0,08,1,030,2019
2,2020-02-26 10:12:35.000,58267.00,0,16261,20661,304,7865.00,0,1417,3224,0,08,1,030,2019
3,2020-02-26 10:12:35.000,0.00,0,0,0,0,85.00,0,71,7,0,08,1,030,2019
4,2020-02-26 10:12:35.000,0.00,0,0,0,0,0.00,0,0,0,0,08,1,030,2019
1,2020-02-26 10:12:35.000,0.00,0,0,0,0,39.50,79,0,0,0,08,2,030,2019
2,2020-02-26 10:12:35.000,0.00,0,0,0,0,0.00,0,0,0,0,08,2,030,2019
1,2020-02-26 10:12:35.000,973.50,0,334,313,6,239.00,0,13,113,0,09,1,030,2019
2,2020-02-26 10:12:35.000,62531.25,2,17443,22214,293,6945.00,0,1797,2574,0,09,1,030,2019
3,2020-02-26 10:12:35.000,134.00,0,110,12,0,65.00,0,61,2,0,09,1,030,2019
4,2020-02-26 10:12:35.000,115.00,0,111,2,0,30.00,0,30,0,0,09,1,030,2019
1,2020-02-26 10:12:35.000,0.00,0,0,0,0,6.50,13,0,0,0,09,2,030,2019
2,2020-02-26 10:12:35.000,0.00,0,0,0,0,0.00,0,0,0,0,09,2,030,2019
1,2020-02-26 10:12:35.000,1235.50,0,515,358,2,47.00,0,1,23,0,10,1,030,2019
2,2020-02-26 10:12:35.000,59059.25,6,15605,21288,389,6142.00,0,1226,2458,0,10,1,030,2019
3,2020-02-26 10:12:35.000,93.00,0,81,6,0,45.00,0,45,0,0,10,1,030,2019
4,2020-02-26 10:12:35.000,45.00,0,45,0,0,30.00,0,30,0,0,10,1,030,2019
1,2020-02-26 10:12:35.000,0.00,0,0,0,0,0.00,0,0,0,0,10,2,030,2019
2,2020-02-26 10:12:35.000,0.00,0,0,0,0,0.00,0,0,0,0,10,2,030,2019
1,2020-02-26 10:12:35.000,1049.00,0,309,370,0,134.00,0,36,49,0,11,1,030,2019
2,2020-02-26 10:12:35.000,60961.25,4,17176,21364,469,7579.00,0,1981,2799,0,11,1,030,2019
3,2020-02-26 10:12:35.000,0.00,0,0,0,0,0.00,0,0,0,0,11,1,030,2019
4,2020-02-26 10:12:35.000,180.00,0,180,0,0,0.00,0,0,0,0,11,1,030,2019
1,2020-02-26 10:12:35.000,0.00,0,0,0,0,0.00,0,0,0,0,11,2,030,2019
2,2020-02-26 10:12:35.000,0.00,0,0,0,0,0.00,0,0,0,0,11,2,030,2019
1,2020-02-26 10:12:35.000,0.00,0,0,0,0,0.00,0,0,0,0,02,2,030,2019
1,2020-02-26 10:12:35.000,1075.00,0,357,359,0,17.50,0,1,6,2,01,1,030,2019
2,2020-02-26 10:12:35.000,0.00,0,0,0,0,0.00,0,0,0,0,02,2,030,2019
1,2020-02-26 10:12:35.000,1849.75,0,914,433,31,107.00,0,9,49,0,03,1,030,2019
2,2020-02-26 10:12:35.000,52580.75,2,14047,18930,299,8312.00,0,1404,3454,0,03,1,030,2019
3,2020-02-26 10:12:35.000,160.00,0,120,20,0,0.00,0,0,0,0,03,1,030,2019
4,2020-02-26 10:12:35.000,100.00,0,60,20,0,0.00,0,0,0,0,03,1,030,2019
1,2020-02-26 10:12:35.000,0.00,0,0,0,0,0.00,0,0,0,0,03,2,030,2019
2,2020-02-26 10:12:35.000,0.00,0,0,0,0,0.00,0,0,0,0,03,2,030,2019
1,2020-02-26 10:12:35.000,1607.00,0,745,431,0,201.75,0,81,39,19,04,1,030,2019
2,2020-02-26 10:12:35.000,61492.00,2,17506,21556,388,9940.00,0,1758,4091,0,04,1,030,2019
3,2020-02-26 10:12:35.000,181.00,0,73,54,0,0.00,0,0,0,0,04,1,030,2019
4,2020-02-26 10:12:35.000,120.00,0,40,40,0,0.00,0,0,0,0,04,1,030,2019
1,2020-02-26 10:12:35.000,0.00,0,0,0,0,0.00,0,0,0,0,04,2,030,2019
2,2020-02-26 10:12:35.000,0.00,0,0,0,0,0.00,0,0,0,0,04,2,030,2019
3,2020-02-26 10:12:35.000,0.00,0,0,0,0,0.00,0,0,0,0,04,2,030,2019
1,2020-02-26 10:12:35.000,1485.75,0,327,576,3,29.00,0,0,10,4,05,1,030,2019
2,2020-02-26 10:12:35.000,61506.50,13,16524,22038,400,11327.50,0,1797,4763,2,05,1,030,2019
3,2020-02-26 10:12:35.000,317.00,0,205,56,0,2.00,0,2,0,0,05,1,030,2019
4,2020-02-26 10:12:35.000,232.00,0,136,48,0,0.00,0,0,0,0,05,1,030,2019
1,2020-02-26 10:12:35.000,0.00,0,0,0,0,0.00,0,0,0,0,05,2,030,2019
2,2020-02-26 10:12:35.000,0.00,0,0,0,0,0.00,0,0,0,0,05,2,030,2019
1,2020-02-26 10:12:35.000,901.75,0,414,236,7,193.25,0,95,48,1,06,1,030,2019
2,2020-02-26 10:12:35.000,64942.00,0,17372,23416,328,7212.00,0,1004,3104,0,06,1,030,2019
3,2020-02-26 10:12:35.000,211.00,0,195,8,0,173.00,0,93,40,0,06,1,030,2019
4,2020-02-26 10:12:35.000,348.00,0,308,20,0,0.00,0,0,0,0,06,1,030,2019
1,2020-02-26 10:12:35.000,0.00,0,0,0,0,0.00,0,0,0,0,06,2,030,2019
2,2020-02-26 10:12:35.000,0.00,0,0,0,0,0.00,0,0,0,0,06,2,030,2019
1,2020-02-26 10:12:35.000,1041.00,0,419,302,8,143.50,0,71,25,10,07,1,030,2019
2,2020-02-26 10:12:35.000,69521.00,2,19152,24833,312,8578.00,0,1330,3624,0,07,1,030,2019
3,2020-02-26 10:12:35.000,53.00,0,53,0,0,0.00,0,0,0,0,07,1,030,2019
4,2020-02-26 10:12:35.000,166.00,0,86,40,0,0.00,0,0,0,0,07,1,030,2019
2,2020-02-26 10:12:35.000,62728.75,4,17680,22196,291,9720.00,0,2142,3789,0,01,1,030,2019
3,2020-02-26 10:12:35.000,9.00,0,7,1,0,0.00,0,0,0,0,01,1,030,2019
4,2020-02-26 10:12:35.000,3.00,0,1,1,0,4.00,0,4,0,0,01,1,030,2019
1,2020-02-26 10:12:35.000,0.00,0,0,0,0,0.00,0,0,0,0,01,2,030,2019
2,2020-02-26 10:12:35.000,0.00,0,0,0,0,0.00,0,0,0,0,01,2,030,2019
1,2020-02-26 10:12:35.000,1774.00,0,659,535,20,69.00,0,3,33,0,02,1,030,2019
2,2020-02-26 10:12:35.000,43393.50,4,12406,15387,94,7422.00,0,1868,2777,0,02,1,030,2019
3,2020-02-26 10:12:35.000,5.00,0,3,1,0,0.00,0,0,0,0,02,1,030,2019
4,2020-02-26 10:12:35.000,0.00,0,0,0,0,0.00,0,0,0,0,02,1,030,2019
4,2021-04-01 16:55:28.000,0.00,0,0,0,0,0.00,0,0,0,0,10,2,030,2020
1,2021-04-01 16:55:28.000,874.00,0,184,345,0,42.00,0,30,6,0,11,1,030,2020
2,2021-04-01 16:55:28.000,64368.50,2,20407,20907,954,14435.00,0,2695,5870,0,11,1,030,2020
3,2021-04-01 16:55:28.000,64.00,0,40,12,0,0.00,0,0,0,0,11,1,030,2020
4,2021-04-01 16:55:28.000,330.00,0,110,110,0,0.00,0,0,0,0,11,1,030,2020
1,2021-04-01 16:55:28.000,0.00,0,0,0,0,245.00,490,0,0,0,11,2,030,2020
2,2021-04-01 16:55:28.000,0.00,0,0,0,0,0.00,0,0,0,0,11,2,030,2020
1,2021-04-01 16:55:28.000,1986.25,0,55,960,5,57.00,0,3,27,0,12,1,030,2020
2,2021-04-01 16:55:28.000,67271.00,2,21644,21787,912,11211.00,0,2403,4404,0,12,1,030,2020
3,2021-04-01 16:55:28.000,225.00,0,101,62,0,8.00,0,0,4,0,12,1,030,2020
4,2021-04-01 16:55:28.000,187.00,0,41,73,0,0.00,0,0,0,0,12,1,030,2020
1,2021-04-01 16:55:28.000,0.00,0,0,0,0,0.00,0,0,0,0,12,2,030,2020
2,2021-04-01 16:55:28.000,0.00,0,0,0,0,0.00,0,0,0,0,12,2,030,2020
2,2021-04-01 16:55:28.000,0.00,0,0,0,0,0.00,0,0,0,0,10,2,030,2020
4,2021-04-01 16:55:28.000,248.00,0,196,26,0,55.00,0,55,0,0,09,1,030,2020
1,2021-04-01 16:55:28.000,0.00,0,0,0,0,173.50,347,0,0,0,09,2,030,2020
2,2021-04-01 16:55:28.000,0.00,0,0,0,0,0.00,0,0,0,0,09,2,030,2020
4,2021-04-01 16:55:28.000,83.00,0,1,41,0,0.00,0,0,0,0,10,1,030,2020
1,2021-04-01 16:55:28.000,1898.00,0,242,828,0,220.00,0,38,91,0,10,1,030,2020
2,2021-04-01 16:55:28.000,66671.25,0,17303,23747,833,10707.75,0,2442,4125,7,10,1,030,2020
3,2021-04-01 16:55:28.000,193.00,0,91,51,0,3.00,0,1,1,0,10,1,030,2020
1,2021-04-01 16:55:28.000,0.00,0,0,0,0,44.50,89,0,0,0,10,2,030,2020
2,2021-04-01 16:55:28.000,0.00,0,0,0,0,0.00,0,0,0,0,08,2,030,2020
1,2021-04-01 16:55:28.000,898.00,0,250,324,0,353.00,0,23,165,0,09,1,030,2020
2,2021-04-01 16:55:28.000,70987.00,0,17478,25868,788,10944.50,0,2132,4395,10,09,1,030,2020
3,2021-04-01 16:55:28.000,443.00,0,271,86,0,0.00,0,0,0,0,09,1,030,2020
3,2021-04-01 16:55:28.000,33.00,0,31,1,0,0.00,0,0,0,0,08,1,030,2020
4,2021-04-01 16:55:28.000,96.00,0,90,3,0,0.00,0,0,0,0,08,1,030,2020
1,2021-04-01 16:55:28.000,0.00,0,0,0,0,351.00,702,0,0,0,08,2,030,2020
1,2021-04-01 16:55:28.000,0.00,0,0,0,0,0.00,0,0,0,0,03,2,030,2020
2,2021-04-01 16:55:28.000,0.00,0,0,0,0,0.00,0,0,0,0,03,2,030,2020
4,2021-04-01 16:55:28.000,0.00,0,0,0,0,0.00,0,0,0,0,03,2,030,2020
1,2021-04-01 16:55:28.000,1062.00,0,438,312,0,190.00,0,188,1,0,04,1,030,2020
2,2021-04-01 16:55:28.000,69807.50,0,20138,24405,382,7230.00,0,1446,2892,0,04,1,030,2020
3,2021-04-01 16:55:28.000,282.00,0,36,123,0,0.00,0,0,0,0,04,1,030,2020
4,2021-04-01 16:55:28.000,76.00,0,36,20,0,6.00,0,0,3,0,04,1,030,2020
1,2021-04-01 16:55:28.000,0.00,0,0,0,0,0.00,0,0,0,0,04,2,030,2020
2,2021-04-01 16:55:28.000,0.00,0,0,0,0,0.00,0,0,0,0,04,2,030,2020
4,2021-04-01 16:55:28.000,0.00,0,0,0,0,0.00,0,0,0,0,04,2,030,2020
1,2021-04-01 16:55:28.000,392.00,0,120,136,0,85.00,0,7,39,0,05,1,030,2020
2,2021-04-01 16:55:28.000,71663.75,4,19210,25597,559,13847.00,0,2359,5744,0,05,1,030,2020
3,2021-04-01 16:55:28.000,265.00,0,113,76,0,0.00,0,0,0,0,05,1,030,2020
4,2021-04-01 16:55:28.000,135.00,0,105,15,0,0.00,0,0,0,0,05,1,030,2020
1,2021-04-01 16:55:28.000,0.00,0,0,0,0,39.50,79,0,0,0,05,2,030,2020
2,2021-04-01 16:55:28.000,0.00,0,0,0,0,0.00,0,0,0,0,05,2,030,2020
4,2021-04-01 16:55:28.000,0.00,0,0,0,0,0.00,0,0,0,0,05,2,030,2020
1,2021-04-01 16:55:28.000,426.00,0,56,185,0,155.00,0,1,77,0,06,1,030,2020
2,2021-04-01 16:55:28.000,72337.75,4,19360,25742,663,9771.00,0,1625,4073,0,06,1,030,2020
3,2021-04-01 16:55:28.000,238.00,0,180,29,0,0.00,0,0,0,0,06,1,030,2020
4,2021-04-01 16:55:28.000,246.00,0,138,54,0,0.00,0,0,0,0,06,1,030,2020
1,2021-04-01 16:55:28.000,0.00,0,0,0,0,0.00,0,0,0,0,06,2,030,2020
2,2021-04-01 16:55:28.000,0.00,0,0,0,0,0.00,0,0,0,0,06,2,030,2020
4,2021-04-01 16:55:28.000,202.00,0,190,6,0,40.00,0,40,0,0,07,1,030,2020
1,2021-04-01 16:55:28.000,653.25,0,152,245,5,53.00,0,39,7,0,07,1,030,2020
2,2021-04-01 16:55:28.000,78238.50,0,19037,28586,902,11418.50,0,1750,4832,2,07,1,030,2020
3,2021-04-01 16:55:28.000,208.00,0,200,4,0,0.00,0,0,0,0,07,1,030,2020
1,2021-04-01 16:55:28.000,0.00,0,0,0,0,67.00,134,0,0,0,07,2,030,2020
2,2021-04-01 16:55:28.000,0.00,0,0,0,0,0.00,0,0,0,0,07,2,030,2020
3,2021-04-01 16:55:28.000,0.00,0,0,0,0,0.00,0,0,0,0,07,2,030,2020
1,2021-04-01 16:55:28.000,902.00,0,148,377,0,119.00,0,25,47,0,08,1,030,2020
2,2021-04-01 16:55:28.000,71769.50,0,14960,27606,710,8626.00,0,1969,3306,20,08,1,030,2020
2,2021-04-01 16:55:28.000,0.00,0,0,0,0,0.00,0,0,0,0,01,2,030,2020
3,2021-04-01 16:55:28.000,0.00,0,0,0,0,0.00,0,0,0,0,01,2,030,2020
1,2021-04-01 16:55:28.000,2254.00,0,1136,559,0,355.00,0,177,89,0,02,1,030,2020
2,2021-04-01 16:55:28.000,45222.50,0,11127,16942,94,5789.00,0,1625,2082,0,02,1,030,2020
3,2021-04-01 16:55:28.000,474.00,0,100,187,0,180.00,0,100,40,0,02,1,030,2020
4,2021-04-01 16:55:28.000,414.00,0,100,157,0,100.00,0,70,15,0,02,1,030,2020
1,2021-04-01 16:55:28.000,0.00,0,0,0,0,0.00,0,0,0,0,02,2,030,2020
2,2021-04-01 16:55:28.000,0.00,0,0,0,0,0.00,0,0,0,0,02,2,030,2020
4,2021-04-01 16:55:28.000,0.00,0,0,0,0,0.00,0,0,0,0,02,2,030,2020
1,2021-04-01 16:55:28.000,1884.00,0,523,649,28,607.50,0,367,109,10,03,1,030,2020
2,2021-04-01 16:55:28.000,49165.50,2,15148,16727,250,5498.75,0,1267,2099,15,03,1,030,2020
3,2021-04-01 16:55:28.000,413.00,0,45,184,0,48.00,0,0,24,0,03,1,030,2020
4,2021-04-01 16:55:28.000,227.00,0,45,91,0,114.00,0,100,7,0,03,1,030,2020
1,2021-04-01 16:55:28.000,910.00,0,384,263,0,315.00,0,111,102,0,01,1,030,2020
2,2021-04-01 16:55:28.000,66506.00,2,18296,23785,284,8913.00,0,1637,3638,0,01,1,030,2020
3,2021-04-01 16:55:28.000,190.00,0,104,43,0,0.00,0,0,0,0,01,1,030,2020
4,2021-04-01 16:55:28.000,100.00,0,100,0,0,24.00,0,2,11,0,01,1,030,2020
1,2021-04-01 16:55:28.000,0.00,0,0,0,0,151.50,303,0,0,0,01,2,030,2020
3,2022-04-19 19:03:35.000,330.00,0,100,115,0,1.00,0,1,0,0,12,1,030,2021
4,2022-04-19 19:03:35.000,270.00,0,40,115,0,12.00,0,0,6,0,12,1,030,2021
1,2022-04-19 19:03:35.000,0.00,0,0,0,0,47.50,95,0,0,0,12,2,030,2021
2,2022-04-19 19:03:35.000,0.00,0,0,0,0,0.00,0,0,0,0,12,2,030,2021
3,2022-04-19 19:03:35.000,596.00,0,464,66,0,6.00,0,0,3,0,08,1,030,2021
4,2022-04-19 19:03:35.000,190.00,0,114,38,0,108.00,0,68,20,0,08,1,030,2021
1,2022-04-19 19:03:35.000,0.00,0,0,0,0,0.00,0,0,0,0,08,2,030,2021
2,2022-04-19 19:03:35.000,0.00,0,0,0,0,0.00,0,0,0,0,08,2,030,2021
1,2022-04-19 19:03:35.000,1038.00,0,310,364,0,33.00,0,11,11,0,09,1,030,2021
2,2022-04-19 19:03:35.000,60282.25,2,16600,20890,845,7120.00,0,1704,2708,0,09,1,030,2021
3,2022-04-19 19:03:35.000,1196.00,0,484,356,0,0.00,0,0,0,0,09,1,030,2021
4,2022-04-19 19:03:35.000,1045.00,0,533,256,0,0.00,0,0,0,0,09,1,030,2021
1,2022-04-19 19:03:35.000,0.00,0,0,0,0,7.50,15,0,0,0,09,2,030,2021
2,2022-04-19 19:03:35.000,0.00,0,0,0,0,0.00,0,0,0,0,09,2,030,2021
1,2022-04-19 19:03:35.000,672.25,0,435,113,5,187.50,0,2,86,6,10,1,030,2021
2,2022-04-19 19:03:35.000,65043.25,0,18788,22177,845,7385.00,0,2761,2312,0,10,1,030,2021
3,2022-04-19 19:03:35.000,615.00,0,151,232,0,0.00,0,0,0,0,10,1,030,2021
4,2022-04-19 19:03:35.000,766.00,0,224,271,0,0.00,0,0,0,0,10,1,030,2021
1,2022-04-19 19:03:35.000,0.00,0,0,0,0,27.50,55,0,0,0,10,2,030,2021
2,2022-04-19 19:03:35.000,0.00,0,0,0,0,0.00,0,0,0,0,10,2,030,2021
1,2022-04-19 19:03:35.000,1034.00,0,460,287,0,27.00,0,3,12,0,11,1,030,2021
2,2022-04-19 19:03:35.000,59589.75,0,17440,20230,751,11018.00,0,2862,4078,0,11,1,030,2021
3,2022-04-19 19:03:35.000,139.00,0,139,0,0,0.00,0,0,0,0,11,1,030,2021
4,2022-04-19 19:03:35.000,442.00,0,166,138,0,0.00,0,0,0,0,11,1,030,2021
1,2022-04-19 19:03:35.000,0.00,0,0,0,0,0.00,0,0,0,0,11,2,030,2021
2,2022-04-19 19:03:35.000,0.00,0,0,0,0,0.00,0,0,0,0,11,2,030,2021
1,2022-04-19 19:03:35.000,2007.00,0,201,903,0,117.00,0,25,46,0,12,1,030,2021
2,2022-04-19 19:03:35.000,70070.25,0,22869,22812,701,10645.00,0,2533,4056,0,12,1,030,2021
1,2022-04-19 19:03:35.000,0.00,0,0,0,0,0.00,0,0,0,0,03,2,030,2021
2,2022-04-19 19:03:35.000,0.00,0,0,0,0,0.00,0,0,0,0,03,2,030,2021
1,2022-04-19 19:03:35.000,1556.00,0,82,737,0,189.00,0,3,93,0,04,1,030,2021
2,2022-04-19 19:03:35.000,70360.00,2,22554,22908,884,8124.00,0,2120,3002,0,04,1,030,2021
3,2022-04-19 19:03:35.000,268.00,0,166,51,0,14.00,0,14,0,0,04,1,030,2021
4,2022-04-19 19:03:35.000,390.00,0,274,58,0,40.00,0,8,16,0,04,1,030,2021
1,2022-04-19 19:03:35.000,0.00,0,0,0,0,0.00,0,0,0,0,04,2,030,2021
2,2022-04-19 19:03:35.000,0.00,0,0,0,0,0.00,0,0,0,0,04,2,030,2021
1,2022-04-19 19:03:35.000,1434.25,0,185,610,13,291.00,0,5,143,0,05,1,030,2021
2,2022-04-19 19:03:35.000,73305.75,2,21339,25003,871,8175.00,0,1819,3178,0,05,1,030,2021
3,2022-04-19 19:03:35.000,180.00,0,180,0,0,16.00,0,0,8,0,05,1,030,2021
4,2022-04-19 19:03:35.000,118.00,0,100,9,0,80.00,0,80,0,0,05,1,030,2021
1,2022-04-19 19:03:35.000,0.00,0,0,0,0,0.00,0,0,0,0,05,2,030,2021
2,2022-04-19 19:03:35.000,0.00,0,0,0,0,0.00,0,0,0,0,05,2,030,2021
1,2022-04-19 19:03:35.000,1144.00,0,44,550,0,49.00,0,5,22,0,06,1,030,2021
2,2022-04-19 19:03:35.000,68319.25,0,21424,22398,933,9230.50,0,1896,3665,2,06,1,030,2021
3,2022-04-19 19:03:35.000,628.00,0,560,34,0,0.00,0,0,0,0,06,1,030,2021
4,2022-04-19 19:03:35.000,428.00,0,360,34,0,0.00,0,0,0,0,06,1,030,2021
1,2022-04-19 19:03:35.000,0.00,0,0,0,0,124.50,249,0,0,0,06,2,030,2021
2,2022-04-19 19:03:35.000,0.00,0,0,0,0,0.00,0,0,0,0,06,2,030,2021
1,2022-04-19 19:03:35.000,1695.00,0,273,711,0,104.00,0,76,14,0,07,1,030,2021
2,2022-04-19 19:03:35.000,72239.25,0,19405,25426,881,10532.00,0,3322,3605,0,07,1,030,2021
3,2022-04-19 19:03:35.000,234.00,0,156,39,0,0.00,0,0,0,0,07,1,030,2021
4,2022-04-19 19:03:35.000,281.00,0,255,13,0,100.00,0,100,0,0,07,1,030,2021
1,2022-04-19 19:03:35.000,0.00,0,0,0,0,95.50,191,0,0,0,07,2,030,2021
2,2022-04-19 19:03:35.000,0.00,0,0,0,0,0.00,0,0,0,0,07,2,030,2021
1,2022-04-19 19:03:35.000,2275.00,0,311,982,0,197.00,0,119,39,0,08,1,030,2021
2,2022-04-19 19:03:35.000,65812.25,0,21696,21085,865,8808.00,0,2118,3345,0,08,1,030,2021
1,2022-04-19 19:03:35.000,1002.00,0,60,471,0,153.25,0,54,44,5,01,1,030,2021
2,2022-04-19 19:03:35.000,72764.25,0,20328,25227,881,10978.00,0,3052,3963,0,01,1,030,2021
3,2022-04-19 19:03:35.000,336.00,0,208,64,0,0.00,0,0,0,0,01,1,030,2021
4,2022-04-19 19:03:35.000,332.00,0,208,62,0,0.00,0,0,0,0,01,1,030,2021
1,2022-04-19 19:03:35.000,0.00,0,0,0,0,0.00,0,0,0,0,01,2,030,2021
2,2022-04-19 19:03:35.000,0.00,0,0,0,0,0.00,0,0,0,0,01,2,030,2021
1,2022-04-19 19:03:35.000,3249.00,0,461,1394,0,99.00,0,9,45,0,03,1,030,2021
2,2022-04-19 19:03:35.000,54943.75,0,17015,18178,699,9018.00,0,2606,3206,0,03,1,030,2021
3,2022-04-19 19:03:35.000,401.00,0,305,48,0,0.00,0,0,0,0,03,1,030,2021
4,2022-04-19 19:03:35.000,280.00,0,202,39,0,5.00,0,5,0,0,03,1,030,2021
1,2022-04-19 20:43:36.000,1644.00,0,273,672,12,99.00,0,11,35,8,02,1,030,2021
2,2022-04-19 20:43:36.000,61871.50,2,20707,20089,438,8989.00,0,2429,3280,0,02,1,030,2021
3,2022-04-19 20:43:36.000,107.00,0,107,0,0,0.00,0,0,0,0,02,1,030,2021
4,2022-04-19 20:43:36.000,211.00,0,207,2,0,0.00,0,0,0,0,02,1,030,2021
1,2022-04-19 20:43:36.000,0.00,0,0,0,0,0.00,0,0,0,0,02,2,030,2021
2,2022-04-19 20:43:36.000,0.00,0,0,0,0,0.00,0,0,0,0,02,2,030,2021
