reqYymm,priodTitle,hsSgn,korePrlstNm,expLnCnt,expUsdAmt,impLnCnt,impUsdAmt,cmtrBlncAmt
202509,총계,,,"             239,926","           5,400,635","             516,927","           4,585,832","             814,803"
202509,2025,01,살아 있는 동물,                   7,                  18,                 164,                 299,                -281
202509,2025,02,육과 식용 설육(屑肉),                   0,                   0,                 176,"              13,349","             -13,349"
202509,2025,03,어류ㆍ갑각류ㆍ연체동물과 그 밖의 수생(水生) 무척추동물,                 803,"               5,806","               2,527","              37,950","             -32,144"
202509,2025,04,"낙농품, 새의 알, 천연꿀, 다른 류로 분류되지 않은 식용인 동물성 생산품",                  18,                  58,                 761,"               1,956","              -1,898"
202509,2025,05,다른 류로 분류되지 않은 동물성 생산품,                   1,                   5,                  32,                 473,                -468
202509,2025,06,"살아 있는 수목과 그 밖의 식물, 인경(鱗莖)ㆍ뿌리와 이와 유사한 물품, 절화(切花)와 장식용 잎",                   3,                  19,                 237,"               1,724","              -1,705"
202509,2025,07,식용의 채소ㆍ뿌리ㆍ괴경(塊莖),                  71,                  39,"               1,151","               8,454","              -8,415"
202509,2025,08,"식용의 과실과 견과류, 감귤류ㆍ멜론의 껍질",                  61,                 125,                 806,"               2,717","              -2,593"
202509,2025,09,커피ㆍ차ㆍ마테(maté)ㆍ향신료,                  62,                 564,"               2,421","              27,799","             -27,235"
202509,2025,10,곡물,                  16,                  21,                 283,"              51,433","             -51,411"
202509,2025,11,"제분공업의 생산품과 맥아, 전분, 이눌린(inulin), 밀의 글루텐(gluten)",                  46,                 274,                 469,                 215,                  59
202509,2025,12,"채유(採油)에 적합한 종자와 과실, 각종 종자와 과실, 공업용ㆍ의약용 식물, 짚과 사료용 식물",                  66,                 508,                 851,"              29,490","             -28,982"
202509,2025,13,"락(lac), 검ㆍ수지ㆍ그 밖의 식물성 수액과 추출물(extract)",                  94,                  98,                 122,"               1,199","              -1,101"
202509,2025,14,식물성 편조물(編組物)용 재료와 다른 류로 분류되지 않은 식물성 생산품,                   9,                   2,                   8,                  38,                 -36
202509,2025,15,"동물성ㆍ식물성ㆍ미생물성 지방과 기름 및이들의 분해생산물, 조제한 식용 지방과 동물성ㆍ식물성 왁스",                 208,"               1,267","               1,636","               8,654","              -7,387"
202509,2025,16,육류ㆍ어류ㆍ갑각류ㆍ연체동물이나 그 밖의 수생(水生) 무척추동물 또는 곤충의 조제품,                 157,"               1,671",                 991,"               9,019","              -7,348"
202509,2025,17,당류(糖類)와 설탕과자,                 356,"               9,603","               8,996","              33,787","             -24,185"
202509,2025,18,코코아와 그 조제품,                  34,                 736,"               2,469",                 755,                 -19
202509,2025,19,곡물ㆍ고운 가루ㆍ전분ㆍ밀크의 조제품과 베이커리 제품,                 884,"               7,229","              26,671","               2,963","               4,267"
202509,2025,20,채소ㆍ과실ㆍ견과류나 식물의그 밖의 부분의 조제품,                 316,"               2,315","              10,420","              12,927","             -10,612"
202509,2025,21,각종 조제 식료품,"               2,614","              10,266","             111,897","               7,978","               2,288"
202509,2025,22,음료ㆍ주류ㆍ식초,                 310,"               2,144","               5,516","               4,593","              -2,449"
202509,2025,23,"식품 공업에서 생기는 잔재물과 웨이스트(waste), 조제 사료",                 321,                 712,                 618,"              14,362","             -13,649"
202509,2025,24,"담배와 제조한 담배 대용물, 연소시키지 않고흡입하도록 만들어진 물품(니코틴을 함유하였는지에 상관없다), 니코틴을 함유한 그 밖의 물품으로 인체 내에 니코틴을 흡수시키도록 만들어진 것",                 107,                 657,                  95,"               2,843","              -2,187"
202509,2025,25,"소금, 황, 토석류(土石類), 석고ㆍ석회ㆍ시멘트",                 113,                 487,                 459,"               4,239","              -3,752"
202509,2025,26,광(鑛)ㆍ슬래그(slag)ㆍ회(灰),                   2,                   4,                  32,"             128,667","            -128,662"
202509,2025,27,"광물성 연료ㆍ광물유(鑛物油)와 이들의 증류물, 역청(瀝靑)물질, 광물성 왁스",                 166,"              84,043",                 197,"           1,167,337","          -1,083,294"
202509,2025,28,"무기화학품, 귀금속ㆍ희토류(稀土類)금속ㆍ방사성원소ㆍ동위원소의 유기화합물이나 무기화합물","               1,442","              21,236","               1,987","              13,250","               7,987"
202509,2025,29,유기화학품,"               2,968","             150,554","               3,945","              27,079","             123,476"
202509,2025,30,의료용품,"               1,928","             702,326","               5,565","              78,355","             623,971"
202509,2025,31,비료,                  53,"               1,283",                  67,"               1,784",                -501
202509,2025,32,"유연용ㆍ염색용 추출물(extract), 탄닌과 이들의 유도체, 염료ㆍ안료와 그 밖의 착색제, 페인트ㆍ바니시(varnish), 퍼티(putty)와 그 밖의 매스틱(mastic), 잉크","               1,409","              18,191",                 572,"              10,853","               7,338"
202509,2025,33,"정유(essential oil)와 레지노이드(resinoid), 조제향료와 화장품ㆍ화장용품","              24,652","             196,825","              24,301","               2,971","             193,854"
202509,2025,34,비누ㆍ유기계면활성제ㆍ조제 세제ㆍ조제 윤활제ㆍ인조 왁스ㆍ조제 왁스ㆍ광택용이나 연마용 조제품ㆍ양초와 이와 유사한 물품ㆍ조형용 페이스트(paste)ㆍ치과용 왁스와 플라스터(plaster)를 기본 재료로 한 치과용 조제품,"               1,850","              25,683","               5,707","               5,514","              20,169"
202509,2025,35,"단백질계 물질, 변성전분, 글루(glue), 효소",                 757,"              15,833",                 699,"               2,501","              13,333"
202509,2025,36,"화약류, 화공품, 성냥, 발화성 합금, 특정 가연성 조제품",                   3,                   1,                   5,                   7,                  -7
202509,2025,37,사진용이나 영화용 재료,                 181,"              15,700",                 123,"               4,821","              10,879"
202509,2025,38,각종 화학공업 생산품,"               1,426","              16,868","               1,300","              45,768","             -28,900"
202509,2025,39,플라스틱과 그 제품,"              17,282","              94,421","              30,601","             114,767","             -20,346"
202509,2025,40,고무와 그 제품,"               2,750","               8,071","               2,743","               7,689",                 382
202509,2025,41,원피(모피는 제외한다)와 가죽,                  22,                 193,                  14,                 113,                  80
202509,2025,42,"가죽제품, 마구, 여행용구ㆍ핸드백과 이와 유사한 용기, 동물 거트(gut)[누에의 거트(gut)는 제외한다]의 제품","               4,362","               5,589","              17,887","               6,811","              -1,222"
202509,2025,43,모피ㆍ인조모피와 이들의 제품,                  19,                   8,                  20,                 157,                -149
202509,2025,44,"목재와 그 제품, 목탄",                 528,"               1,284","               2,500","              59,498","             -58,215"
202509,2025,45,코르크(cork)와 그 제품,                   1,                   0,                  12,                  20,                 -20
202509,2025,46,"짚ㆍ에스파르토(esparto)나 그 밖의 조물 재료의 제품, 바구니 세공물(basketware)과 지조세공물(枝條細工物)",                   8,                   6,                  61,                  23,                 -17
202509,2025,47,"목재나 그 밖의 섬유질 셀룰로오스재료의 펄프, 회수한 종이ㆍ판지[웨이스트(waste)와 스크랩(scrap)]",                  45,                 999,                   9,                 824,                 175
202509,2025,48,"종이와 판지, 제지용 펄프ㆍ종이ㆍ판지의 제품","               2,269","               4,605","               4,104","               8,852","              -4,247"
202509,2025,49,"인쇄서적ㆍ신문ㆍ회화ㆍ그 밖의 인쇄물, 수제(手製)문서ㆍ타자문서ㆍ도면","               5,663","               6,525","               2,337",                 604,"               5,921"
202509,2025,50,견,                  13,                  34,                   2,                   0,                  34
202509,2025,51,양모ㆍ동물의 부드러운 털이나 거친 털ㆍ말의 털로 만든 실과 직물,                  30,                 120,                  30,                 263,                -143
202509,2025,52,면,                 219,"               2,667",                 109,                 300,"               2,366"
202509,2025,53,"그 밖의 식물성 방직용 섬유, 종이실(paper yarn)과 종이실로 만든 직물",                  24,                  18,                   3,                   6,                  11
202509,2025,54,"인조필라멘트, 인조방직용 섬유재료의 스트립(strip)과 이와 유사한 것",                 318,"               2,549",                 126,                 428,"               2,121"
202509,2025,55,인조스테이플섬유,                 167,"               1,927",                 152,                 333,"               1,594"
202509,2025,56,"워딩(wadding)ㆍ펠트(felt)ㆍ부직포, 특수사, 끈ㆍ배의 밧줄(cordage)ㆍ로프ㆍ케이블과 이들의 제품",                 254,"               2,729",                 910,"               1,643","               1,086"
202509,2025,57,양탄자류와 그 밖의 방직용 섬유로 만든 바닥깔개,                  67,                 138,                 597,                 361,                -223
202509,2025,58,"특수직물, 터프트(tuft)한 직물, 레이스, 태피스트리(tapestry), 트리밍(trimming), 자수천",                 173,"               1,255",                 349,                 152,"               1,103"
202509,2025,59,"침투ㆍ도포ㆍ피복하거나 적층한 방직용 섬유의 직물, 공업용인 방직용 섬유제품",                 417,"               5,342",                 242,"               1,359","               3,982"
202509,2025,60,메리야스 편물과 뜨개질 편물,                 275,"               1,809",                  51,                 262,"               1,547"
202509,2025,61,의류와 그 부속품(메리야스 편물이나 뜨개질 편물로 한정한다),"               9,812","               9,413","              17,975","               9,921",                -508
202509,2025,62,의류와 그 부속품(메리야스 편물이나 뜨개질편물은 제외한다),"               7,174","              12,992","              29,053","              18,671","              -5,679"
202509,2025,63,"제품으로 된 방직용 섬유의 그 밖의 물품, 세트, 사용하던 의류ㆍ방직용 섬유제품, 넝마","               2,035","               3,897","               8,138","               6,610","              -2,713"
202509,2025,64,"신발류ㆍ각반과 이와 유사한 것, 이들의 부분품","               5,190","               7,011","              17,330","               5,460","               1,551"
202509,2025,65,모자류와 그 부분품,                 941,"               1,505","               2,465",                 532,                 973
202509,2025,66,산류(傘類)ㆍ지팡이ㆍ시트스틱(seat-stick)ㆍ채찍ㆍ승마용 채찍과 이들의 부분품,                 107,                 200,                 537,                 342,                -142
202509,2025,67,"조제 깃털ㆍ솜털과 그 제품, 조화, 사람 머리카락으로 된 제품",                  86,                 245,"               1,183",                 490,                -245
202509,2025,68,돌ㆍ플라스터(plaster)ㆍ시멘트ㆍ석면ㆍ운모나 이와 유사한 재료의 제품,                 708,"               7,143",                 832,"               4,433","               2,710"
202509,2025,69,도자제품,                 229,"               1,024","               2,507","               9,207","              -8,183"
202509,2025,70,유리와 유리제품,                 699,"               3,546","               2,350","               6,855","              -3,309"
202509,2025,71,"천연진주ㆍ양식진주ㆍ귀석ㆍ반귀석ㆍ귀금속ㆍ귀금속을 입힌 금속과 이들의 제품, 모조 신변장식용품, 주화","               1,347","              29,381","               5,107","             104,190","             -74,809"
202509,2025,72,철강,"               2,268","             330,235",                 672,"              91,567","             238,668"
202509,2025,73,철강의 제품,"               6,355","              32,768","              10,526","              25,750","               7,018"
202509,2025,74,구리와 그 제품,                 883,"              25,413",                 565,"              24,203","               1,210"
202509,2025,75,니켈과 그 제품,                  60,"               1,339",                  99,"              24,078","             -22,740"
202509,2025,76,알루미늄과 그 제품,                 810,"              25,954","               1,143","              32,209","              -6,256"
202509,2025,78,납과 그 제품,                   7,                  12,                   7,                   1,                  12
202509,2025,79,아연과 그 제품,                  59,"               5,979",                 154,"               2,550","               3,429"
202509,2025,80,주석과 그 제품,                  51,                 557,                  13,"               4,990","              -4,433"
202509,2025,81,"그 밖의 비금속(卑金屬), 서멧(cermet), 이들의 제품",                  97,"               4,793",                 294,"              20,737","             -15,944"
202509,2025,82,"비금속(卑金屬)으로 만든 공구ㆍ도구ㆍ칼붙이ㆍ스푼ㆍ포크, 이들의 부분품","               3,639","              32,951","               6,080","              11,285","              21,666"
202509,2025,83,비금속(卑金屬)으로 만든 각종 제품,"               1,324","               9,835","               3,028","               9,745",                  90
202509,2025,84,원자로ㆍ보일러ㆍ기계류와 이들의 부분품,"              22,191","             538,354","              21,365","             257,618","             280,736"
202509,2025,85,"전기기기와 그 부분품, 녹음기ㆍ음성 재생기ㆍ텔레비전의 영상과 음성의 기록기ㆍ재생기와 이들의 부분품ㆍ부속품","              41,450","           1,931,942","              52,640","           1,664,677","             267,265"
202509,2025,86,"철도용이나 궤도용 기관차ㆍ차량과 이들의 부분품, 철도용이나 궤도용 장비품과 그 부분품, 기계식(전기기계식을 포함한다) 각종 교통신호용 기기",                 168,"               1,624",                  59,"               1,503",                 121
202509,2025,87,철도용이나 궤도용 외의 차량과 그 부분품ㆍ부속품,"              37,038","             730,622","               5,416","             121,200","             609,422"
202509,2025,88,"항공기와 우주선, 이들의 부분품",                 983,"              14,394",                 547,"              10,376","               4,018"
202509,2025,89,선박과 수상 구조물,                  13,"              65,681",                  12,                  52,"              65,628"
202509,2025,90,"광학기기ㆍ사진용 기기ㆍ영화용 기기ㆍ측정기기ㆍ검사기기ㆍ정밀기기ㆍ의료용 기기, 이들의 부분품과 부속품","               6,809","             112,146","               9,376","              98,294","              13,852"
202509,2025,91,시계와 그 부분품,                 241,"               1,939","               2,030","               6,969","              -5,030"
202509,2025,92,악기와 그 부분품과 부속품,                 362,"               4,432",                 580,"               1,542","               2,890"
202509,2025,93,무기ㆍ총포탄과 이들의 부분품과 부속품,                   7,                 185,                  30,                   9,                 176
202509,2025,94,"가구, 침구ㆍ매트리스ㆍ매트리스 서포트(mattress support)ㆍ쿠션과 이와 유사한 물품, 다른 류로 분류되지 않은 조명기구, 조명용 사인ㆍ조명용 네임플레이트(name-plate)와 이와 유사한 물품, 조립식 건축물","               2,268","               8,936","               7,373","              23,179","             -14,243"
202509,2025,95,완구ㆍ게임용구ㆍ운동용구와 이들의 부분품과 부속품,"               4,100","               6,125","              11,478","               9,913","              -3,789"
202509,2025,96,잡품,"               1,949","               3,184","               8,771","               2,494",                 690
202509,2025,97,예술품ㆍ수집품ㆍ골동품,                  46,"               1,420",                  57,"               1,593",                -172
202510,총계,,,"             189,134","           5,026,703","             484,243","           4,722,237","             304,466"
202510,2025,01,살아 있는 동물,                  10,                  30,                 183,                 455,                -425
202510,2025,02,육과 식용 설육(屑肉),                   0,                   0,                 149,"              10,740","             -10,740"
202510,2025,03,어류ㆍ갑각류ㆍ연체동물과 그 밖의 수생(水生) 무척추동물,                 795,"               8,469","               2,174","              34,056","             -25,587"
202510,2025,04,"낙농품, 새의 알, 천연꿀, 다른 류로 분류되지 않은 식용인 동물성 생산품",                  23,                 132,                 804,"               1,319","              -1,188"
202510,2025,05,다른 류로 분류되지 않은 동물성 생산품,                   1,                   1,                  26,                 373,                -372
202510,2025,06,"살아 있는 수목과 그 밖의 식물, 인경(鱗莖)ㆍ뿌리와 이와 유사한 물품, 절화(切花)와 장식용 잎",                   2,                   1,                 340,"               1,438","              -1,437"
202510,2025,07,식용의 채소ㆍ뿌리ㆍ괴경(塊莖),                  71,                 164,                 772,"               6,160","              -5,995"
202510,2025,08,"식용의 과실과 견과류, 감귤류ㆍ멜론의 껍질",                  22,                   6,                 577,"               1,788","              -1,782"
202510,2025,09,커피ㆍ차ㆍ마테(maté)ㆍ향신료,                  52,                 334,"               1,951","              24,729","             -24,395"
202510,2025,10,곡물,                  46,                 100,                 280,"              43,232","             -43,132"
202510,2025,11,"제분공업의 생산품과 맥아, 전분, 이눌린(inulin), 밀의 글루텐(gluten)",                  39,                 170,                 375,                 299,                -129
202510,2025,12,"채유(採油)에 적합한 종자와 과실, 각종 종자와 과실, 공업용ㆍ의약용 식물, 짚과 사료용 식물",                  40,                 208,                 783,"              51,820","             -51,612"
202510,2025,13,"락(lac), 검ㆍ수지ㆍ그 밖의 식물성 수액과 추출물(extract)",                 101,                 246,                  89,                 284,                 -39
202510,2025,14,식물성 편조물(編組物)용 재료와 다른 류로 분류되지 않은 식물성 생산품,                   8,                   2,                   9,                  32,                 -30
202510,2025,15,"동물성ㆍ식물성ㆍ미생물성 지방과 기름 및이들의 분해생산물, 조제한 식용 지방과 동물성ㆍ식물성 왁스",                 185,"               3,740",                 968,"              14,727","             -10,987"
202510,2025,16,육류ㆍ어류ㆍ갑각류ㆍ연체동물이나 그 밖의 수생(水生) 무척추동물 또는 곤충의 조제품,                 112,"               1,159","               1,060","               7,099","              -5,941"
202510,2025,17,당류(糖類)와 설탕과자,                 283,"               9,594","               8,550","              33,833","             -24,239"
202510,2025,18,코코아와 그 조제품,                  30,                 218,"               2,814",                 407,                -189
202510,2025,19,곡물ㆍ고운 가루ㆍ전분ㆍ밀크의 조제품과 베이커리 제품,                 648,"               5,686","              22,791","               2,362","               3,325"
202510,2025,20,채소ㆍ과실ㆍ견과류나 식물의그 밖의 부분의 조제품,                 261,"               1,037","              10,331","               9,430","              -8,393"
202510,2025,21,각종 조제 식료품,"               1,829","               7,701","             101,971","               7,918",                -217
202510,2025,22,음료ㆍ주류ㆍ식초,                 244,"               1,529","               5,915","               4,100","              -2,571"
202510,2025,23,"식품 공업에서 생기는 잔재물과 웨이스트(waste), 조제 사료",                  25,"               1,197",                 660,"               9,054","              -7,857"
202510,2025,24,"담배와 제조한 담배 대용물, 연소시키지 않고흡입하도록 만들어진 물품(니코틴을 함유하였는지에 상관없다), 니코틴을 함유한 그 밖의 물품으로 인체 내에 니코틴을 흡수시키도록 만들어진 것",                 112,                 761,                 115,"               6,057","              -5,296"
202510,2025,25,"소금, 황, 토석류(土石類), 석고ㆍ석회ㆍ시멘트",                 147,                 554,                 418,"               3,368","              -2,815"
202510,2025,26,광(鑛)ㆍ슬래그(slag)ㆍ회(灰),                   2,                   0,                  38,"             232,928","            -232,928"
202510,2025,27,"광물성 연료ㆍ광물유(鑛物油)와 이들의 증류물, 역청(瀝靑)물질, 광물성 왁스",                 170,"             115,940",                 176,"             997,846","            -881,906"
202510,2025,28,"무기화학품, 귀금속ㆍ희토류(稀土類)금속ㆍ방사성원소ㆍ동위원소의 유기화합물이나 무기화합물","               1,184","              17,996","               1,390","              18,974",                -978
202510,2025,29,유기화학품,"               2,373","             125,686","               3,094","              26,673","              99,013"
202510,2025,30,의료용품,"               1,610","             450,735","               4,829","              85,694","             365,041"
202510,2025,31,비료,                  38,                 354,                  58,"               1,866","              -1,512"
202510,2025,32,"유연용ㆍ염색용 추출물(extract), 탄닌과 이들의 유도체, 염료ㆍ안료와 그 밖의 착색제, 페인트ㆍ바니시(varnish), 퍼티(putty)와 그 밖의 매스틱(mastic), 잉크","               1,162","              14,063",                 481,"              10,839","               3,224"
202510,2025,33,"정유(essential oil)와 레지노이드(resinoid), 조제향료와 화장품ㆍ화장용품","              18,129","             176,849","              23,819","               2,609","             174,240"
202510,2025,34,비누ㆍ유기계면활성제ㆍ조제 세제ㆍ조제 윤활제ㆍ인조 왁스ㆍ조제 왁스ㆍ광택용이나 연마용 조제품ㆍ양초와 이와 유사한 물품ㆍ조형용 페이스트(paste)ㆍ치과용 왁스와 플라스터(plaster)를 기본 재료로 한 치과용 조제품,"               1,559","              20,772","               5,632","               3,355","              17,418"
202510,2025,35,"단백질계 물질, 변성전분, 글루(glue), 효소",                 656,"              11,408",                 671,"               1,901","               9,507"
202510,2025,36,"화약류, 화공품, 성냥, 발화성 합금, 특정 가연성 조제품",                   0,                   0,                   4,                  66,                 -66
202510,2025,37,사진용이나 영화용 재료,                 162,"              11,635",                  93,"               3,350","               8,285"
202510,2025,38,각종 화학공업 생산품,"               1,777","              13,097","               1,207","              27,401","             -14,304"
202510,2025,39,플라스틱과 그 제품,"              13,179","              72,854","              27,239","              43,489","              29,366"
202510,2025,40,고무와 그 제품,"               2,062","               6,144","               2,365","               7,169","              -1,025"
202510,2025,41,원피(모피는 제외한다)와 가죽,                  20,                 210,                   8,                 194,                  16
202510,2025,42,"가죽제품, 마구, 여행용구ㆍ핸드백과 이와 유사한 용기, 동물 거트(gut)[누에의 거트(gut)는 제외한다]의 제품","               3,387","               4,379","              15,829","               5,262",                -883
202510,2025,43,모피ㆍ인조모피와 이들의 제품,                  32,                   4,                  19,                  83,                 -79
202510,2025,44,"목재와 그 제품, 목탄",                 398,                 740,"               2,235","              53,665","             -52,925"
202510,2025,45,코르크(cork)와 그 제품,                   3,                   1,                   8,                  16,                 -15
202510,2025,46,"짚ㆍ에스파르토(esparto)나 그 밖의 조물 재료의 제품, 바구니 세공물(basketware)과 지조세공물(枝條細工物)",                   8,                   3,                  60,                  18,                 -16
202510,2025,47,"목재나 그 밖의 섬유질 셀룰로오스재료의 펄프, 회수한 종이ㆍ판지[웨이스트(waste)와 스크랩(scrap)]",                  44,"               1,284",                  14,                 676,                 609
202510,2025,48,"종이와 판지, 제지용 펄프ㆍ종이ㆍ판지의 제품","               1,859","               4,459","               3,570","               7,066","              -2,607"
202510,2025,49,"인쇄서적ㆍ신문ㆍ회화ㆍ그 밖의 인쇄물, 수제(手製)문서ㆍ타자문서ㆍ도면","               4,147","               7,383","               2,391",                 496,"               6,886"
202510,2025,50,견,                  19,                   2,                   6,                   3,                  -1
202510,2025,51,양모ㆍ동물의 부드러운 털이나 거친 털ㆍ말의 털로 만든 실과 직물,                  39,                 120,                  39,                  37,                  82
202510,2025,52,면,                 325,"               2,329",                 116,                  93,"               2,236"
202510,2025,53,"그 밖의 식물성 방직용 섬유, 종이실(paper yarn)과 종이실로 만든 직물",                  60,                  51,                   6,                   3,                  48
202510,2025,54,"인조필라멘트, 인조방직용 섬유재료의 스트립(strip)과 이와 유사한 것",                 396,"               3,852",                  96,                 308,"               3,544"
202510,2025,55,인조스테이플섬유,                 206,"               1,236",                 114,                 371,                 865
202510,2025,56,"워딩(wadding)ㆍ펠트(felt)ㆍ부직포, 특수사, 끈ㆍ배의 밧줄(cordage)ㆍ로프ㆍ케이블과 이들의 제품",                 186,"               2,409",                 883,"               1,575",                 833
202510,2025,57,양탄자류와 그 밖의 방직용 섬유로 만든 바닥깔개,                 111,                 116,                 532,                 282,                -166
202510,2025,58,"특수직물, 터프트(tuft)한 직물, 레이스, 태피스트리(tapestry), 트리밍(trimming), 자수천",                 164,                 671,                 318,                 184,                 487
202510,2025,59,"침투ㆍ도포ㆍ피복하거나 적층한 방직용 섬유의 직물, 공업용인 방직용 섬유제품",                 363,"               3,510",                 201,                 979,"               2,531"
202510,2025,60,메리야스 편물과 뜨개질 편물,                 402,"               1,837",                  51,                 319,"               1,518"
202510,2025,61,의류와 그 부속품(메리야스 편물이나 뜨개질 편물로 한정한다),"               5,012","               8,616","              21,619","               9,321",                -705
202510,2025,62,의류와 그 부속품(메리야스 편물이나 뜨개질편물은 제외한다),"               4,311","              12,972","              33,494","              12,778",                 194
202510,2025,63,"제품으로 된 방직용 섬유의 그 밖의 물품, 세트, 사용하던 의류ㆍ방직용 섬유제품, 넝마","               1,347","               3,266","               7,838","               5,723","              -2,457"
202510,2025,64,"신발류ㆍ각반과 이와 유사한 것, 이들의 부분품","               3,875","               6,281","              17,924","               6,936",                -655
202510,2025,65,모자류와 그 부분품,                 866,"               1,089","               2,393",                 663,                 425
202510,2025,66,산류(傘類)ㆍ지팡이ㆍ시트스틱(seat-stick)ㆍ채찍ㆍ승마용 채찍과 이들의 부분품,                  69,                  69,                 420,                 214,                -145
202510,2025,67,"조제 깃털ㆍ솜털과 그 제품, 조화, 사람 머리카락으로 된 제품",                  77,                 184,"               1,252",                 402,                -218
202510,2025,68,돌ㆍ플라스터(plaster)ㆍ시멘트ㆍ석면ㆍ운모나 이와 유사한 재료의 제품,                 598,"               4,833",                 708,"               4,004",                 829
202510,2025,69,도자제품,                 239,                 959,"               1,725","               7,334","              -6,375"
202510,2025,70,유리와 유리제품,                 468,"               3,355","               2,166","               5,740","              -2,385"
202510,2025,71,"천연진주ㆍ양식진주ㆍ귀석ㆍ반귀석ㆍ귀금속ㆍ귀금속을 입힌 금속과 이들의 제품, 모조 신변장식용품, 주화",                 982,"              38,544","               4,696","             234,729","            -196,186"
202510,2025,72,철강,"               1,623","             262,327",                 659,"              72,481","             189,846"
202510,2025,73,철강의 제품,"               4,664","              28,174","               9,354","              20,896","               7,278"
202510,2025,74,구리와 그 제품,                 696,"              21,709",                 457,"              18,364","               3,345"
202510,2025,75,니켈과 그 제품,                  64,"               1,488",                  87,"              10,608","              -9,121"
202510,2025,76,알루미늄과 그 제품,                 668,"              24,788","               1,011","              28,830","              -4,042"
202510,2025,78,납과 그 제품,                   5,                   4,                   5,                   1,                   3
202510,2025,79,아연과 그 제품,                  40,"               2,962",                 152,"               5,711","              -2,749"
202510,2025,80,주석과 그 제품,                  46,                 798,                  14,"               5,905","              -5,107"
202510,2025,81,"그 밖의 비금속(卑金屬), 서멧(cermet), 이들의 제품",                  82,"               2,343",                 246,"               8,993","              -6,650"
202510,2025,82,"비금속(卑金屬)으로 만든 공구ㆍ도구ㆍ칼붙이ㆍ스푼ㆍ포크, 이들의 부분품","               3,306","              31,525","               5,396","               8,660","              22,865"
202510,2025,83,비금속(卑金屬)으로 만든 각종 제품,                 992,"               6,028","               2,533","               8,637","              -2,609"
202510,2025,84,원자로ㆍ보일러ㆍ기계류와 이들의 부분품,"              19,225","             455,081","              18,159","             305,875","             149,206"
202510,2025,85,"전기기기와 그 부분품, 녹음기ㆍ음성 재생기ㆍ텔레비전의 영상과 음성의 기록기ㆍ재생기와 이들의 부분품ㆍ부속품","              32,038","           2,040,240","              47,815","           1,867,629","             172,611"
202510,2025,86,"철도용이나 궤도용 기관차ㆍ차량과 이들의 부분품, 철도용이나 궤도용 장비품과 그 부분품, 기계식(전기기계식을 포함한다) 각종 교통신호용 기기",                 150,"               1,862",                  67,"               3,543","              -1,681"
202510,2025,87,철도용이나 궤도용 외의 차량과 그 부분품ㆍ부속품,"              32,081","             822,504","               4,226","              92,276","             730,229"
202510,2025,88,"항공기와 우주선, 이들의 부분품","               1,288","              12,399",                 570,"              12,966",                -567
202510,2025,89,선박과 수상 구조물,                  14,"               4,296",                  13,"               3,238","               1,058"
202510,2025,90,"광학기기ㆍ사진용 기기ㆍ영화용 기기ㆍ측정기기ㆍ검사기기ㆍ정밀기기ㆍ의료용 기기, 이들의 부분품과 부속품","               5,536","              90,358","               9,211","             104,067","             -13,710"
202510,2025,91,시계와 그 부분품,                 230,"               1,303","               1,755","              10,714","              -9,411"
202510,2025,92,악기와 그 부분품과 부속품,                 221,"               1,978",                 455,"               1,163",                 815
202510,2025,93,무기ㆍ총포탄과 이들의 부분품과 부속품,                   2,                   5,                  35,                  26,                 -22
202510,2025,94,"가구, 침구ㆍ매트리스ㆍ매트리스 서포트(mattress support)ㆍ쿠션과 이와 유사한 물품, 다른 류로 분류되지 않은 조명기구, 조명용 사인ㆍ조명용 네임플레이트(name-plate)와 이와 유사한 물품, 조립식 건축물","               1,409","               7,620","               6,843","              22,020","             -14,401"
202510,2025,95,완구ㆍ게임용구ㆍ운동용구와 이들의 부분품과 부속품,"               4,254","               5,703","              11,520","               7,885","              -2,182"
202510,2025,96,잡품,"               1,302","               2,286","               7,687","               2,937",                -650
202510,2025,97,예술품ㆍ수집품ㆍ골동품,                  36,"               3,589",                  41,                  95,"               3,494"
202511,총계,,,"             193,890","           5,069,774","             525,700","           4,520,706","             549,067"
202511,2025,01,살아 있는 동물,                  12,                  26,                 164,                 325,                -299
202511,2025,02,육과 식용 설육(屑肉),                   0,                   0,                  97,"               7,180","              -7,180"
202511,2025,03,어류ㆍ갑각류ㆍ연체동물과 그 밖의 수생(水生) 무척추동물,                 885,"              11,856","               2,445","              34,224","             -22,368"
202511,2025,04,"낙농품, 새의 알, 천연꿀, 다른 류로 분류되지 않은 식용인 동물성 생산품",                  23,                  63,"               1,234","               1,387","              -1,324"
202511,2025,05,다른 류로 분류되지 않은 동물성 생산품,                   0,                   0,                  26,                 417,                -417
202511,2025,06,"살아 있는 수목과 그 밖의 식물, 인경(鱗莖)ㆍ뿌리와 이와 유사한 물품, 절화(切花)와 장식용 잎",                   3,                  24,                 341,"               1,533","              -1,509"
202511,2025,07,식용의 채소ㆍ뿌리ㆍ괴경(塊莖),                  67,                  49,                 746,"               6,500","              -6,451"
202511,2025,08,"식용의 과실과 견과류, 감귤류ㆍ멜론의 껍질",                  29,                 276,                 785,"               2,896","              -2,619"
202511,2025,09,커피ㆍ차ㆍ마테(maté)ㆍ향신료,                  54,                 196,"               1,908","              28,091","             -27,895"
202511,2025,10,곡물,                  35,                 141,                 257,"              31,299","             -31,158"
202511,2025,11,"제분공업의 생산품과 맥아, 전분, 이눌린(inulin), 밀의 글루텐(gluten)",                  26,                 170,                 353,                 410,                -240
202511,2025,12,"채유(採油)에 적합한 종자와 과실, 각종 종자와 과실, 공업용ㆍ의약용 식물, 짚과 사료용 식물",                  46,                 197,"               1,079","              41,380","             -41,184"
202511,2025,13,"락(lac), 검ㆍ수지ㆍ그 밖의 식물성 수액과 추출물(extract)",                  80,                 235,                 116,                 343,                -108
202511,2025,14,식물성 편조물(編組物)용 재료와 다른 류로 분류되지 않은 식물성 생산품,                   5,                   3,                  14,                  22,                 -19
202511,2025,15,"동물성ㆍ식물성ㆍ미생물성 지방과 기름 및이들의 분해생산물, 조제한 식용 지방과 동물성ㆍ식물성 왁스",                 178,"               4,191","               1,052","              13,178","              -8,987"
202511,2025,16,육류ㆍ어류ㆍ갑각류ㆍ연체동물이나 그 밖의 수생(水生) 무척추동물 또는 곤충의 조제품,                 137,"               1,786","               1,067","               8,649","              -6,863"
202511,2025,17,당류(糖類)와 설탕과자,                 311,"              11,080","               8,707","              31,917","             -20,837"
202511,2025,18,코코아와 그 조제품,                  45,                 301,"               4,062",                 966,                -665
202511,2025,19,곡물ㆍ고운 가루ㆍ전분ㆍ밀크의 조제품과 베이커리 제품,                 777,"               5,915","              24,701","               3,083","               2,832"
202511,2025,20,채소ㆍ과실ㆍ견과류나 식물의그 밖의 부분의 조제품,                 267,"               1,354","               8,394","              10,342","              -8,989"
202511,2025,21,각종 조제 식료품,"               1,863","               8,371","             104,387","               7,375",                 997
202511,2025,22,음료ㆍ주류ㆍ식초,                 214,"               1,327","               6,482","               5,370","              -4,043"
202511,2025,23,"식품 공업에서 생기는 잔재물과 웨이스트(waste), 조제 사료",                  27,"               2,572",                 597,"               5,978","              -3,406"
202511,2025,24,"담배와 제조한 담배 대용물, 연소시키지 않고흡입하도록 만들어진 물품(니코틴을 함유하였는지에 상관없다), 니코틴을 함유한 그 밖의 물품으로 인체 내에 니코틴을 흡수시키도록 만들어진 것",                 173,"               4,978",                  94,"               5,665",                -688
202511,2025,25,"소금, 황, 토석류(土石類), 석고ㆍ석회ㆍ시멘트",                 137,                 436,                 442,"               2,852","              -2,415"
202511,2025,26,광(鑛)ㆍ슬래그(slag)ㆍ회(灰),                   3,                  73,                  20,"             132,910","            -132,837"
202511,2025,27,"광물성 연료ㆍ광물유(鑛物油)와 이들의 증류물, 역청(瀝靑)물질, 광물성 왁스",                 176,"              63,995",                 178,"           1,121,795","          -1,057,800"
202511,2025,28,"무기화학품, 귀금속ㆍ희토류(稀土類)금속ㆍ방사성원소ㆍ동위원소의 유기화합물이나 무기화합물","               1,210","              28,323","               1,507","              14,330","              13,992"
202511,2025,29,유기화학품,"               2,258","             103,647","               3,490","              26,232","              77,415"
202511,2025,30,의료용품,"               1,752","             650,576","               4,933","             121,534","             529,042"
202511,2025,31,비료,                  43,                 182,                  48,                 181,                   0
202511,2025,32,"유연용ㆍ염색용 추출물(extract), 탄닌과 이들의 유도체, 염료ㆍ안료와 그 밖의 착색제, 페인트ㆍ바니시(varnish), 퍼티(putty)와 그 밖의 매스틱(mastic), 잉크","               1,144","              15,922",                 574,"              11,708","               4,215"
202511,2025,33,"정유(essential oil)와 레지노이드(resinoid), 조제향료와 화장품ㆍ화장용품","              15,375","             172,060","              23,886","               2,020","             170,040"
202511,2025,34,비누ㆍ유기계면활성제ㆍ조제 세제ㆍ조제 윤활제ㆍ인조 왁스ㆍ조제 왁스ㆍ광택용이나 연마용 조제품ㆍ양초와 이와 유사한 물품ㆍ조형용 페이스트(paste)ㆍ치과용 왁스와 플라스터(plaster)를 기본 재료로 한 치과용 조제품,"               1,458","              24,987","               5,152","               3,799","              21,188"
202511,2025,35,"단백질계 물질, 변성전분, 글루(glue), 효소",                 667,"              12,486",                 549,"               1,310","              11,176"
202511,2025,36,"화약류, 화공품, 성냥, 발화성 합금, 특정 가연성 조제품",                   2,                   1,                  11,                  12,                 -11
202511,2025,37,사진용이나 영화용 재료,"               1,413","              10,070",                 204,"               4,378","               5,692"
202511,2025,38,각종 화학공업 생산품,                 832,"              22,245","               1,297","              29,965","              -7,719"
202511,2025,39,플라스틱과 그 제품,"              12,729","              76,836","              29,815","              71,280","               5,557"
202511,2025,40,고무와 그 제품,"               2,116","               6,501","               2,598","               6,778",                -276
202511,2025,41,원피(모피는 제외한다)와 가죽,                  20,                 318,                  15,                   9,                 309
202511,2025,42,"가죽제품, 마구, 여행용구ㆍ핸드백과 이와 유사한 용기, 동물 거트(gut)[누에의 거트(gut)는 제외한다]의 제품","               3,399","              15,301","              16,134","               5,369","               9,932"
202511,2025,43,모피ㆍ인조모피와 이들의 제품,                  12,                  20,                  16,                 162,                -141
202511,2025,44,"목재와 그 제품, 목탄",                 383,"               1,036","               2,327","              53,971","             -52,935"
202511,2025,45,코르크(cork)와 그 제품,                  10,                   1,                   9,                  40,                 -40
202511,2025,46,"짚ㆍ에스파르토(esparto)나 그 밖의 조물 재료의 제품, 바구니 세공물(basketware)과 지조세공물(枝條細工物)",                   2,                   1,                  69,                  20,                 -19
202511,2025,47,"목재나 그 밖의 섬유질 셀룰로오스재료의 펄프, 회수한 종이ㆍ판지[웨이스트(waste)와 스크랩(scrap)]",                  37,                 849,                   9,                 254,                 595
202511,2025,48,"종이와 판지, 제지용 펄프ㆍ종이ㆍ판지의 제품","               1,840","               4,710","               4,019","               6,509","              -1,799"
202511,2025,49,"인쇄서적ㆍ신문ㆍ회화ㆍ그 밖의 인쇄물, 수제(手製)문서ㆍ타자문서ㆍ도면","               5,356","               5,253","               2,612",                 494,"               4,759"
202511,2025,50,견,                  12,                  46,                   2,                   0,                  46
202511,2025,51,양모ㆍ동물의 부드러운 털이나 거친 털ㆍ말의 털로 만든 실과 직물,                  27,                 124,                  32,                 113,                  11
202511,2025,52,면,                 298,"               2,378",                 160,                 347,"               2,030"
202511,2025,53,"그 밖의 식물성 방직용 섬유, 종이실(paper yarn)과 종이실로 만든 직물",                  40,                  40,                   7,                  26,                  14
202511,2025,54,"인조필라멘트, 인조방직용 섬유재료의 스트립(strip)과 이와 유사한 것",                 496,"               4,380",                 129,                 291,"               4,089"
202511,2025,55,인조스테이플섬유,                 249,"               1,491",                 149,                 445,"               1,046"
202511,2025,56,"워딩(wadding)ㆍ펠트(felt)ㆍ부직포, 특수사, 끈ㆍ배의 밧줄(cordage)ㆍ로프ㆍ케이블과 이들의 제품",                 185,"               2,209",                 950,"               1,388",                 821
202511,2025,57,양탄자류와 그 밖의 방직용 섬유로 만든 바닥깔개,                  76,                  81,                 648,                 321,                -240
202511,2025,58,"특수직물, 터프트(tuft)한 직물, 레이스, 태피스트리(tapestry), 트리밍(trimming), 자수천",                 215,                 612,                 445,                 303,                 309
202511,2025,59,"침투ㆍ도포ㆍ피복하거나 적층한 방직용 섬유의 직물, 공업용인 방직용 섬유제품",                 383,"               4,001",                 220,                 838,"               3,163"
202511,2025,60,메리야스 편물과 뜨개질 편물,                 402,"               2,138",                  45,                 128,"               2,011"
202511,2025,61,의류와 그 부속품(메리야스 편물이나 뜨개질 편물로 한정한다),"               4,463","              10,522","              25,541","               8,615","               1,907"
202511,2025,62,의류와 그 부속품(메리야스 편물이나 뜨개질편물은 제외한다),"               4,023","              24,667","              39,775","              13,834","              10,833"
202511,2025,63,"제품으로 된 방직용 섬유의 그 밖의 물품, 세트, 사용하던 의류ㆍ방직용 섬유제품, 넝마","               2,011","               3,170","               8,713","               6,337","              -3,167"
202511,2025,64,"신발류ㆍ각반과 이와 유사한 것, 이들의 부분품","               4,263","               5,322","              20,491","               6,762","              -1,440"
202511,2025,65,모자류와 그 부분품,                 720,                 872,"               3,177",                 753,                 119
202511,2025,66,산류(傘類)ㆍ지팡이ㆍ시트스틱(seat-stick)ㆍ채찍ㆍ승마용 채찍과 이들의 부분품,                  35,                  58,                 274,                 153,                 -95
202511,2025,67,"조제 깃털ㆍ솜털과 그 제품, 조화, 사람 머리카락으로 된 제품",                 116,                 288,"               1,422",                 378,                 -90
202511,2025,68,돌ㆍ플라스터(plaster)ㆍ시멘트ㆍ석면ㆍ운모나 이와 유사한 재료의 제품,                 619,"               4,987",                 797,"               4,305",                 682
202511,2025,69,도자제품,                 235,"               1,386","               2,162","               8,427","              -7,041"
202511,2025,70,유리와 유리제품,                 593,"               4,436","               2,361","               4,601",                -165
202511,2025,71,"천연진주ㆍ양식진주ㆍ귀석ㆍ반귀석ㆍ귀금속ㆍ귀금속을 입힌 금속과 이들의 제품, 모조 신변장식용품, 주화","               1,313","              41,242","               4,730","             138,170","             -96,928"
202511,2025,72,철강,"               1,672","             225,804",                 515,"              70,618","             155,187"
202511,2025,73,철강의 제품,"               4,594","              28,897","              10,166","              20,992","               7,906"
202511,2025,74,구리와 그 제품,                 771,"              30,117",                 544,"              26,988","               3,129"
202511,2025,75,니켈과 그 제품,                  54,"               2,062",                  92,"              10,526","              -8,463"
202511,2025,76,알루미늄과 그 제품,                 649,"              26,137","               1,077","              23,816","               2,321"
202511,2025,78,납과 그 제품,                  12,                  51,                   5,                   1,                  50
202511,2025,79,아연과 그 제품,                  47,"               3,235",                 155,"               2,690",                 546
202511,2025,80,주석과 그 제품,                  45,                 338,                  23,"               9,089","              -8,751"
202511,2025,81,"그 밖의 비금속(卑金屬), 서멧(cermet), 이들의 제품",                  96,"               6,217",                 257,"              25,678","             -19,461"
202511,2025,82,"비금속(卑金屬)으로 만든 공구ㆍ도구ㆍ칼붙이ㆍ스푼ㆍ포크, 이들의 부분품","               3,477","              27,681","               5,630","               9,063","              18,618"
202511,2025,83,비금속(卑金屬)으로 만든 각종 제품,                 994,"               7,843","               3,078","               9,318","              -1,475"
202511,2025,84,원자로ㆍ보일러ㆍ기계류와 이들의 부분품,"              19,930","             516,714","              23,442","             263,846","             252,868"
202511,2025,85,"전기기기와 그 부분품, 녹음기ㆍ음성 재생기ㆍ텔레비전의 영상과 음성의 기록기ㆍ재생기와 이들의 부분품ㆍ부속품","              33,995","           1,789,322","              54,930","           1,700,440","              88,883"
202511,2025,86,"철도용이나 궤도용 기관차ㆍ차량과 이들의 부분품, 철도용이나 궤도용 장비품과 그 부분품, 기계식(전기기계식을 포함한다) 각종 교통신호용 기기",                 123,"               3,908",                  43,"               5,808","              -1,900"
202511,2025,87,철도용이나 궤도용 외의 차량과 그 부분품ㆍ부속품,"              32,633","             878,625","               4,797","             112,911","             765,714"
202511,2025,88,"항공기와 우주선, 이들의 부분품","               1,406","              19,530",                 393,"              11,048","               8,482"
202511,2025,89,선박과 수상 구조물,                   9,                 370,                   4,                   6,                 364
202511,2025,90,"광학기기ㆍ사진용 기기ㆍ영화용 기기ㆍ측정기기ㆍ검사기기ㆍ정밀기기ㆍ의료용 기기, 이들의 부분품과 부속품","               5,704","              94,951","               9,334","             109,817","             -14,866"
202511,2025,91,시계와 그 부분품,                 200,"               1,712","               1,905","               7,999","              -6,287"
202511,2025,92,악기와 그 부분품과 부속품,                 305,"               3,477",                 543,"               1,461","               2,016"
202511,2025,93,무기ㆍ총포탄과 이들의 부분품과 부속품,                   2,"               1,344",                  28,                  80,"               1,264"
202511,2025,94,"가구, 침구ㆍ매트리스ㆍ매트리스 서포트(mattress support)ㆍ쿠션과 이와 유사한 물품, 다른 류로 분류되지 않은 조명기구, 조명용 사인ㆍ조명용 네임플레이트(name-plate)와 이와 유사한 물품, 조립식 건축물","               1,393","               6,298","               7,723","              25,229","             -18,932"
202511,2025,95,완구ㆍ게임용구ㆍ운동용구와 이들의 부분품과 부속품,"               6,216","               6,031","              11,597","               7,936","              -1,906"
202511,2025,96,잡품,"               1,135","               2,593","               8,113","               2,104",                 490
202511,2025,97,예술품ㆍ수집품ㆍ골동품,                  23,"               1,121",                  54,                 265,                 856
202512,총계,,,"             220,458","           5,205,607","             546,244","           5,122,967","              82,640"
202512,2025,01,살아 있는 동물,                   8,                  29,                 143,                 217,                -188
202512,2025,02,육과 식용 설육(屑肉),                   1,                   6,                 138,"               8,109","              -8,103"
202512,2025,03,어류ㆍ갑각류ㆍ연체동물과 그 밖의 수생(水生) 무척추동물,"               1,158","              14,746","               2,938","              41,015","             -26,269"
202512,2025,04,"낙농품, 새의 알, 천연꿀, 다른 류로 분류되지 않은 식용인 동물성 생산품",                  28,                 125,"               1,257",                 845,                -720
202512,2025,05,다른 류로 분류되지 않은 동물성 생산품,                   2,                   3,                  16,                 280,                -277
202512,2025,06,"살아 있는 수목과 그 밖의 식물, 인경(鱗莖)ㆍ뿌리와 이와 유사한 물품, 절화(切花)와 장식용 잎",                   1,                   0,                 407,"               2,148","              -2,148"
202512,2025,07,식용의 채소ㆍ뿌리ㆍ괴경(塊莖),                  93,                 106,                 701,"               6,026","              -5,920"
202512,2025,08,"식용의 과실과 견과류, 감귤류ㆍ멜론의 껍질",                  40,                 223,                 722,"               2,905","              -2,682"
202512,2025,09,커피ㆍ차ㆍ마테(maté)ㆍ향신료,                  57,                 676,"               2,100","              24,689","             -24,014"
202512,2025,10,곡물,                  39,                 103,                 240,"              40,715","             -40,612"
202512,2025,11,"제분공업의 생산품과 맥아, 전분, 이눌린(inulin), 밀의 글루텐(gluten)",                  38,                 242,                 431,                 663,                -421
202512,2025,12,"채유(採油)에 적합한 종자와 과실, 각종 종자와 과실, 공업용ㆍ의약용 식물, 짚과 사료용 식물",                  84,                 289,                 886,"              43,853","             -43,564"
202512,2025,13,"락(lac), 검ㆍ수지ㆍ그 밖의 식물성 수액과 추출물(extract)",                 106,                 375,                 147,                  45,                 330
202512,2025,14,식물성 편조물(編組物)용 재료와 다른 류로 분류되지 않은 식물성 생산품,                   7,                  54,                  13,                  42,                  12
202512,2025,15,"동물성ㆍ식물성ㆍ미생물성 지방과 기름 및이들의 분해생산물, 조제한 식용 지방과 동물성ㆍ식물성 왁스",                 217,"               1,539","               1,063","              13,312","             -11,772"
202512,2025,16,육류ㆍ어류ㆍ갑각류ㆍ연체동물이나 그 밖의 수생(水生) 무척추동물 또는 곤충의 조제품,                 167,"               1,134","               1,353","               7,355","              -6,221"
202512,2025,17,당류(糖類)와 설탕과자,                 346,"               8,763","               9,548","              39,126","             -30,363"
202512,2025,18,코코아와 그 조제품,                  68,                 170,"               4,302","               1,118",                -947
202512,2025,19,곡물ㆍ고운 가루ㆍ전분ㆍ밀크의 조제품과 베이커리 제품,                 899,"               6,194","              26,060","               3,496","               2,698"
202512,2025,20,채소ㆍ과실ㆍ견과류나 식물의그 밖의 부분의 조제품,                 377,"               1,373","               9,921","              11,971","             -10,598"
202512,2025,21,각종 조제 식료품,"               2,482","               9,312","              99,404","               8,155","               1,158"
202512,2025,22,음료ㆍ주류ㆍ식초,                 210,"               1,151","               6,359","               5,653","              -4,502"
202512,2025,23,"식품 공업에서 생기는 잔재물과 웨이스트(waste), 조제 사료",                  30,                 919,                 617,"              16,615","             -15,697"
202512,2025,24,"담배와 제조한 담배 대용물, 연소시키지 않고흡입하도록 만들어진 물품(니코틴을 함유하였는지에 상관없다), 니코틴을 함유한 그 밖의 물품으로 인체 내에 니코틴을 흡수시키도록 만들어진 것",                 100,                 922,                 100,"               5,466","              -4,544"
202512,2025,25,"소금, 황, 토석류(土石類), 석고ㆍ석회ㆍ시멘트",                 163,                 618,                 399,"               3,807","              -3,189"
202512,2025,26,광(鑛)ㆍ슬래그(slag)ㆍ회(灰),                   9,                  68,                  32,"             187,370","            -187,302"
202512,2025,27,"광물성 연료ㆍ광물유(鑛物油)와 이들의 증류물, 역청(瀝靑)물질, 광물성 왁스",                 145,"              86,222",                 219,"           1,307,268","          -1,221,046"
202512,2025,28,"무기화학품, 귀금속ㆍ희토류(稀土類)금속ㆍ방사성원소ㆍ동위원소의 유기화합물이나 무기화합물","               1,459","              27,534","               2,138","              19,331","               8,203"
202512,2025,29,유기화학품,"               3,170","             152,706","               4,537","              38,498","             114,208"
202512,2025,30,의료용품,"               1,807","             552,815","               4,626","              99,909","             452,906"
202512,2025,31,비료,                  51,                 753,                  82,"               1,466",                -713
202512,2025,32,"유연용ㆍ염색용 추출물(extract), 탄닌과 이들의 유도체, 염료ㆍ안료와 그 밖의 착색제, 페인트ㆍ바니시(varnish), 퍼티(putty)와 그 밖의 매스틱(mastic), 잉크","               1,252","              16,936",                 667,"              13,766","               3,170"
202512,2025,33,"정유(essential oil)와 레지노이드(resinoid), 조제향료와 화장품ㆍ화장용품","              25,380","             196,038","              24,702","               3,092","             192,946"
202512,2025,34,비누ㆍ유기계면활성제ㆍ조제 세제ㆍ조제 윤활제ㆍ인조 왁스ㆍ조제 왁스ㆍ광택용이나 연마용 조제품ㆍ양초와 이와 유사한 물품ㆍ조형용 페이스트(paste)ㆍ치과용 왁스와 플라스터(plaster)를 기본 재료로 한 치과용 조제품,"               1,721","              17,690","               5,566","               3,885","              13,805"
202512,2025,35,"단백질계 물질, 변성전분, 글루(glue), 효소",                 727,"              12,895",                 608,"               4,412","               8,483"
202512,2025,36,"화약류, 화공품, 성냥, 발화성 합금, 특정 가연성 조제품",                   0,                   0,                   7,                 143,                -143
202512,2025,37,사진용이나 영화용 재료,                 198,"              13,981",                 126,"               5,035","               8,946"
202512,2025,38,각종 화학공업 생산품,"               1,058","              15,751","               1,309","              30,272","             -14,521"
202512,2025,39,플라스틱과 그 제품,"              14,223","              85,764","              33,811","             138,163","             -52,399"
202512,2025,40,고무와 그 제품,"               2,326","               7,437","               3,048","               8,966","              -1,529"
202512,2025,41,원피(모피는 제외한다)와 가죽,                  28,                 357,                  18,                 212,                 145
202512,2025,42,"가죽제품, 마구, 여행용구ㆍ핸드백과 이와 유사한 용기, 동물 거트(gut)[누에의 거트(gut)는 제외한다]의 제품","               4,250","               6,213","              17,876","               7,073",                -860
202512,2025,43,모피ㆍ인조모피와 이들의 제품,                  23,                  57,                  39,                 166,                -109
202512,2025,44,"목재와 그 제품, 목탄",                 363,                 922,"               2,740","              61,154","             -60,232"
202512,2025,45,코르크(cork)와 그 제품,                   0,                   0,                  14,                  44,                 -44
202512,2025,46,"짚ㆍ에스파르토(esparto)나 그 밖의 조물 재료의 제품, 바구니 세공물(basketware)과 지조세공물(枝條細工物)",                  11,                   1,                  68,                  24,                 -23
202512,2025,47,"목재나 그 밖의 섬유질 셀룰로오스재료의 펄프, 회수한 종이ㆍ판지[웨이스트(waste)와 스크랩(scrap)]",                  41,                 907,                  17,"               1,040",                -133
202512,2025,48,"종이와 판지, 제지용 펄프ㆍ종이ㆍ판지의 제품","               1,963","               5,178","               4,901","               7,711","              -2,533"
202512,2025,49,"인쇄서적ㆍ신문ㆍ회화ㆍ그 밖의 인쇄물, 수제(手製)문서ㆍ타자문서ㆍ도면","               7,799","               5,703","               2,978",                 629,"               5,074"
202512,2025,50,견,                  20,                  40,                   7,                   0,                  40
202512,2025,51,양모ㆍ동물의 부드러운 털이나 거친 털ㆍ말의 털로 만든 실과 직물,                  25,                  36,                  52,                  45,                  -9
202512,2025,52,면,                 265,"               3,094",                 144,                 335,"               2,759"
202512,2025,53,"그 밖의 식물성 방직용 섬유, 종이실(paper yarn)과 종이실로 만든 직물",                  26,                  69,                   3,                   2,                  67
202512,2025,54,"인조필라멘트, 인조방직용 섬유재료의 스트립(strip)과 이와 유사한 것",                 458,"               4,249",                 168,                 194,"               4,055"
202512,2025,55,인조스테이플섬유,                 227,"               2,050",                 165,                 249,"               1,801"
202512,2025,56,"워딩(wadding)ㆍ펠트(felt)ㆍ부직포, 특수사, 끈ㆍ배의 밧줄(cordage)ㆍ로프ㆍ케이블과 이들의 제품",                 231,"               3,395",                 994,"               1,628","               1,767"
202512,2025,57,양탄자류와 그 밖의 방직용 섬유로 만든 바닥깔개,                  79,                 151,                 811,                 362,                -211
202512,2025,58,"특수직물, 터프트(tuft)한 직물, 레이스, 태피스트리(tapestry), 트리밍(trimming), 자수천",                 201,                 850,                 464,                 152,                 698
202512,2025,59,"침투ㆍ도포ㆍ피복하거나 적층한 방직용 섬유의 직물, 공업용인 방직용 섬유제품",                 379,"               4,592",                 280,"               1,125","               3,467"
202512,2025,60,메리야스 편물과 뜨개질 편물,                 338,"               1,788",                  40,                  59,"               1,729"
202512,2025,61,의류와 그 부속품(메리야스 편물이나 뜨개질 편물로 한정한다),"               4,672","              14,482","              26,752","               7,445","               7,037"
202512,2025,62,의류와 그 부속품(메리야스 편물이나 뜨개질편물은 제외한다),"               4,422","              20,695","              39,170","              13,625","               7,070"
202512,2025,63,"제품으로 된 방직용 섬유의 그 밖의 물품, 세트, 사용하던 의류ㆍ방직용 섬유제품, 넝마","               1,440","               4,912","               9,920","               6,678","              -1,766"
202512,2025,64,"신발류ㆍ각반과 이와 유사한 것, 이들의 부분품","               8,056","               9,733","              21,047","               6,268","               3,465"
202512,2025,65,모자류와 그 부분품,                 831,"               1,541","               3,625",                 804,                 736
202512,2025,66,산류(傘類)ㆍ지팡이ㆍ시트스틱(seat-stick)ㆍ채찍ㆍ승마용 채찍과 이들의 부분품,                  26,                  50,                 261,                 468,                -418
202512,2025,67,"조제 깃털ㆍ솜털과 그 제품, 조화, 사람 머리카락으로 된 제품",                 115,                 193,"               1,641",                 470,                -277
202512,2025,68,돌ㆍ플라스터(plaster)ㆍ시멘트ㆍ석면ㆍ운모나 이와 유사한 재료의 제품,                 624,"               5,150",                 883,"               5,008",                 141
202512,2025,69,도자제품,                 272,"               2,101","               2,408","              11,413","              -9,312"
202512,2025,70,유리와 유리제품,                 458,"               4,435","               2,793","               6,536","              -2,101"
202512,2025,71,"천연진주ㆍ양식진주ㆍ귀석ㆍ반귀석ㆍ귀금속ㆍ귀금속을 입힌 금속과 이들의 제품, 모조 신변장식용품, 주화","               1,496","              35,632","               5,457","              84,573","             -48,942"
202512,2025,72,철강,"               2,079","             303,697",                 690,"              73,231","             230,466"
202512,2025,73,철강의 제품,"               5,163","              34,004","              11,260","              26,245","               7,760"
202512,2025,74,구리와 그 제품,                 826,"              26,633",                 591,"              31,092","              -4,459"
202512,2025,75,니켈과 그 제품,                  67,"               1,172",                  88,"              12,105","             -10,933"
202512,2025,76,알루미늄과 그 제품,                 659,"              34,523","               1,176","              36,624","              -2,101"
202512,2025,78,납과 그 제품,                   7,                  48,                   5,                   2,                  46
202512,2025,79,아연과 그 제품,                  49,"               4,472",                 175,"               5,972","              -1,500"
202512,2025,80,주석과 그 제품,                  46,                 406,                  20,"               3,911","              -3,505"
202512,2025,81,"그 밖의 비금속(卑金屬), 서멧(cermet), 이들의 제품",                  94,"               7,436",                 291,"              20,813","             -13,376"
202512,2025,82,"비금속(卑金屬)으로 만든 공구ㆍ도구ㆍ칼붙이ㆍ스푼ㆍ포크, 이들의 부분품","               3,693","              33,616","               6,398","              10,928","              22,688"
202512,2025,83,비금속(卑金屬)으로 만든 각종 제품,"               1,132","               8,607","               3,266","              11,095","              -2,488"
202512,2025,84,원자로ㆍ보일러ㆍ기계류와 이들의 부분품,"              21,433","             596,712","              22,274","             373,390","             223,322"
202512,2025,85,"전기기기와 그 부분품, 녹음기ㆍ음성 재생기ㆍ텔레비전의 영상과 음성의 기록기ㆍ재생기와 이들의 부분품ㆍ부속품","              36,454","           1,840,708","              53,377","           1,777,564","              63,143"
202512,2025,86,"철도용이나 궤도용 기관차ㆍ차량과 이들의 부분품, 철도용이나 궤도용 장비품과 그 부분품, 기계식(전기기계식을 포함한다) 각종 교통신호용 기기",                 141,"               6,458",                  58,"               6,547",                 -89
202512,2025,87,철도용이나 궤도용 외의 차량과 그 부분품ㆍ부속품,"              28,541","             765,865","               5,656","             124,953","             640,912"
202512,2025,88,"항공기와 우주선, 이들의 부분품","               1,465","              33,867",                 538,"              35,461","              -1,593"
202512,2025,89,선박과 수상 구조물,                  19,"               5,898",                   5,                  53,"               5,845"
202512,2025,90,"광학기기ㆍ사진용 기기ㆍ영화용 기기ㆍ측정기기ㆍ검사기기ㆍ정밀기기ㆍ의료용 기기, 이들의 부분품과 부속품","               6,412","             100,996","              10,466","             146,887","             -45,891"
202512,2025,91,시계와 그 부분품,                 183,"               2,113","               2,026","               7,126","              -5,013"
202512,2025,92,악기와 그 부분품과 부속품,                 339,"               4,215",                 627,"               1,591","               2,625"
202512,2025,93,무기ㆍ총포탄과 이들의 부분품과 부속품,                   9,                 428,                  27,                  40,                 388
202512,2025,94,"가구, 침구ㆍ매트리스ㆍ매트리스 서포트(mattress support)ㆍ쿠션과 이와 유사한 물품, 다른 류로 분류되지 않은 조명기구, 조명용 사인ㆍ조명용 네임플레이트(name-plate)와 이와 유사한 물품, 조립식 건축물","               1,770","               8,416","               8,435","              28,730","             -20,314"
202512,2025,95,완구ㆍ게임용구ㆍ운동용구와 이들의 부분품과 부속품,"               9,108","               6,965","              12,858","              11,001","              -4,036"
202512,2025,96,잡품,"               1,360","               2,879","               9,400","               2,782",                  97
202512,2025,97,예술품ㆍ수집품ㆍ골동품,                  23,"               1,236",                  58,                 132,"               1,104"
202601,총계,,,"             190,204","           5,058,547","             514,449","           4,920,251","             138,296"
202601,2026,01,살아 있는 동물,                   3,                   9,                 102,                 182,                -173
202601,2026,02,육과 식용 설육(屑肉),                   0,                   0,                 308,"              25,477","             -25,477"
202601,2026,03,어류ㆍ갑각류ㆍ연체동물과 그 밖의 수생(水生) 무척추동물,                 811,"              11,195","               2,411","              25,671","             -14,476"
202601,2026,04,"낙농품, 새의 알, 천연꿀, 다른 류로 분류되지 않은 식용인 동물성 생산품",                  21,                 117,                 886,"               1,255","              -1,138"
202601,2026,05,다른 류로 분류되지 않은 동물성 생산품,                   2,                  12,                  25,                 792,                -780
202601,2026,06,"살아 있는 수목과 그 밖의 식물, 인경(鱗莖)ㆍ뿌리와 이와 유사한 물품, 절화(切花)와 장식용 잎",                   1,                   0,                 315,"               1,694","              -1,693"
202601,2026,07,식용의 채소ㆍ뿌리ㆍ괴경(塊莖),                  40,                  40,                 714,"               5,662","              -5,622"
202601,2026,08,"식용의 과실과 견과류, 감귤류ㆍ멜론의 껍질",                  43,                 262,                 880,"               3,777","              -3,514"
202601,2026,09,커피ㆍ차ㆍ마테(maté)ㆍ향신료,                  56,                 231,"               2,189","              26,323","             -26,091"
202601,2026,10,곡물,                  30,                  64,                 251,"              33,106","             -33,041"
202601,2026,11,"제분공업의 생산품과 맥아, 전분, 이눌린(inulin), 밀의 글루텐(gluten)",                  20,                 144,                 414,                 123,                  21
202601,2026,12,"채유(採油)에 적합한 종자와 과실, 각종 종자와 과실, 공업용ㆍ의약용 식물, 짚과 사료용 식물",                  65,                 302,                 794,"              36,991","             -36,689"
202601,2026,13,"락(lac), 검ㆍ수지ㆍ그 밖의 식물성 수액과 추출물(extract)",                  81,                 165,                 139,                 417,                -252
202601,2026,14,식물성 편조물(編組物)용 재료와 다른 류로 분류되지 않은 식물성 생산품,                   7,                  28,                  18,                  34,                  -7
202601,2026,15,"동물성ㆍ식물성ㆍ미생물성 지방과 기름 및이들의 분해생산물, 조제한 식용 지방과 동물성ㆍ식물성 왁스",                 175,"               1,831","               1,096","              11,611","              -9,780"
202601,2026,16,육류ㆍ어류ㆍ갑각류ㆍ연체동물이나 그 밖의 수생(水生) 무척추동물 또는 곤충의 조제품,                 169,"               1,646","               1,341","               7,236","              -5,590"
202601,2026,17,당류(糖類)와 설탕과자,                 416,"               5,112","              11,343","              37,726","             -32,614"
202601,2026,18,코코아와 그 조제품,                 118,                 153,"               4,950","               1,010",                -857
202601,2026,19,곡물ㆍ고운 가루ㆍ전분ㆍ밀크의 조제품과 베이커리 제품,                 867,"               5,651","              30,156","               2,732","               2,919"
202601,2026,20,채소ㆍ과실ㆍ견과류나 식물의그 밖의 부분의 조제품,                 375,"               1,553","              13,978","              11,253","              -9,700"
202601,2026,21,각종 조제 식료품,"               2,487","              10,982","             109,761","               7,738","               3,244"
202601,2026,22,음료ㆍ주류ㆍ식초,                 249,"               1,727","               6,328","               5,654","              -3,927"
202601,2026,23,"식품 공업에서 생기는 잔재물과 웨이스트(waste), 조제 사료",                  31,                 456,                 626,"               5,563","              -5,107"
202601,2026,24,"담배와 제조한 담배 대용물, 연소시키지 않고흡입하도록 만들어진 물품(니코틴을 함유하였는지에 상관없다), 니코틴을 함유한 그 밖의 물품으로 인체 내에 니코틴을 흡수시키도록 만들어진 것",                 118,                 374,                 101,"              14,174","             -13,800"
202601,2026,25,"소금, 황, 토석류(土石類), 석고ㆍ석회ㆍ시멘트",                 144,                 436,                 365,"               2,826","              -2,389"
202601,2026,26,광(鑛)ㆍ슬래그(slag)ㆍ회(灰),                   2,                   1,                  42,"             196,063","            -196,062"
202601,2026,27,"광물성 연료ㆍ광물유(鑛物油)와 이들의 증류물, 역청(瀝靑)물질, 광물성 왁스",                 144,"              65,134",                 234,"           1,287,521","          -1,222,386"
202601,2026,28,"무기화학품, 귀금속ㆍ희토류(稀土類)금속ㆍ방사성원소ㆍ동위원소의 유기화합물이나 무기화합물","               1,203","              37,858","               1,402","              10,243","              27,615"
202601,2026,29,유기화학품,"               2,362","             160,311","               3,007","              26,123","             134,188"
202601,2026,30,의료용품,"               1,811","             597,409","               5,065","             121,136","             476,273"
202601,2026,31,비료,                  45,                 407,                  51,                 919,                -512
202601,2026,32,"유연용ㆍ염색용 추출물(extract), 탄닌과 이들의 유도체, 염료ㆍ안료와 그 밖의 착색제, 페인트ㆍ바니시(varnish), 퍼티(putty)와 그 밖의 매스틱(mastic), 잉크","               1,189","              19,122",                 599,"              10,902","               8,220"
202601,2026,33,"정유(essential oil)와 레지노이드(resinoid), 조제향료와 화장품ㆍ화장용품","              16,861","             183,206","              27,379","               3,361","             179,845"
202601,2026,34,비누ㆍ유기계면활성제ㆍ조제 세제ㆍ조제 윤활제ㆍ인조 왁스ㆍ조제 왁스ㆍ광택용이나 연마용 조제품ㆍ양초와 이와 유사한 물품ㆍ조형용 페이스트(paste)ㆍ치과용 왁스와 플라스터(plaster)를 기본 재료로 한 치과용 조제품,"               1,616","              14,659","               5,888","               3,462","              11,197"
202601,2026,35,"단백질계 물질, 변성전분, 글루(glue), 효소",                 794,"              13,311",                 500,"               3,098","              10,213"
202601,2026,36,"화약류, 화공품, 성냥, 발화성 합금, 특정 가연성 조제품",                   2,                   1,                   6,                  10,                  -8
202601,2026,37,사진용이나 영화용 재료,                 186,"              14,761",                 109,"               2,750","              12,010"
202601,2026,38,각종 화학공업 생산품,                 930,"              15,597","               1,096","              32,102","             -16,506"
202601,2026,39,플라스틱과 그 제품,"              12,751","              82,568","              31,251","              63,245","              19,323"
202601,2026,40,고무와 그 제품,"               1,921","               9,721","               2,576","               6,373","               3,349"
202601,2026,41,원피(모피는 제외한다)와 가죽,                  25,                 187,                  30,                  72,                 116
202601,2026,42,"가죽제품, 마구, 여행용구ㆍ핸드백과 이와 유사한 용기, 동물 거트(gut)[누에의 거트(gut)는 제외한다]의 제품","               3,739","               6,980","              17,864","               7,861",                -881
202601,2026,43,모피ㆍ인조모피와 이들의 제품,                  37,                 133,                  39,                  50,                  83
202601,2026,44,"목재와 그 제품, 목탄",                 220,"               1,261","               2,373","              54,031","             -52,770"
202601,2026,45,코르크(cork)와 그 제품,                   1,                   0,                  12,                   5,                  -4
202601,2026,46,"짚ㆍ에스파르토(esparto)나 그 밖의 조물 재료의 제품, 바구니 세공물(basketware)과 지조세공물(枝條細工物)",                   5,                   1,                  70,                   7,                  -6
202601,2026,47,"목재나 그 밖의 섬유질 셀룰로오스재료의 펄프, 회수한 종이ㆍ판지[웨이스트(waste)와 스크랩(scrap)]",                  52,                 630,                  13,                 725,                 -95
202601,2026,48,"종이와 판지, 제지용 펄프ㆍ종이ㆍ판지의 제품","               1,877","               4,701","               4,449","               7,478","              -2,778"
202601,2026,49,"인쇄서적ㆍ신문ㆍ회화ㆍ그 밖의 인쇄물, 수제(手製)문서ㆍ타자문서ㆍ도면","               7,870","               7,781","               2,773",                 700,"               7,081"
202601,2026,50,견,                  15,                   6,                   6,                   0,                   6
202601,2026,51,양모ㆍ동물의 부드러운 털이나 거친 털ㆍ말의 털로 만든 실과 직물,                  29,                  72,                  48,                  48,                  24
202601,2026,52,면,                 304,"               1,792",                 114,                 143,"               1,648"
202601,2026,53,"그 밖의 식물성 방직용 섬유, 종이실(paper yarn)과 종이실로 만든 직물",                  39,                  21,                   6,                   3,                  18
202601,2026,54,"인조필라멘트, 인조방직용 섬유재료의 스트립(strip)과 이와 유사한 것",                 447,"               3,550",                 116,                 479,"               3,071"
202601,2026,55,인조스테이플섬유,                 243,"               1,500",                 142,                 385,"               1,115"
202601,2026,56,"워딩(wadding)ㆍ펠트(felt)ㆍ부직포, 특수사, 끈ㆍ배의 밧줄(cordage)ㆍ로프ㆍ케이블과 이들의 제품",                 215,"               2,992",                 764,"               1,048","               1,944"
202601,2026,57,양탄자류와 그 밖의 방직용 섬유로 만든 바닥깔개,                  48,                  57,                 704,                 404,                -347
202601,2026,58,"특수직물, 터프트(tuft)한 직물, 레이스, 태피스트리(tapestry), 트리밍(trimming), 자수천",                 227,                 617,                 360,                 127,                 490
202601,2026,59,"침투ㆍ도포ㆍ피복하거나 적층한 방직용 섬유의 직물, 공업용인 방직용 섬유제품",                 434,"               5,247",                 233,                 974,"               4,273"
202601,2026,60,메리야스 편물과 뜨개질 편물,                 512,"               2,528",                  49,                 142,"               2,387"
202601,2026,61,의류와 그 부속품(메리야스 편물이나 뜨개질 편물로 한정한다),"               3,681","              10,286","              18,772","               6,779","               3,507"
202601,2026,62,의류와 그 부속품(메리야스 편물이나 뜨개질편물은 제외한다),"               3,844","              16,811","              30,294","              15,398","               1,413"
202601,2026,63,"제품으로 된 방직용 섬유의 그 밖의 물품, 세트, 사용하던 의류ㆍ방직용 섬유제품, 넝마","               1,031","               5,617","               7,430","               5,432",                 185
202601,2026,64,"신발류ㆍ각반과 이와 유사한 것, 이들의 부분품","               6,472","               5,660","              15,997","               5,257",                 403
202601,2026,65,모자류와 그 부분품,                 612,                 736,"               2,456",                 467,                 269
202601,2026,66,산류(傘類)ㆍ지팡이ㆍ시트스틱(seat-stick)ㆍ채찍ㆍ승마용 채찍과 이들의 부분품,                  31,                  51,                 224,                 133,                 -82
202601,2026,67,"조제 깃털ㆍ솜털과 그 제품, 조화, 사람 머리카락으로 된 제품",                 118,                 244,"               1,371",                 428,                -185
202601,2026,68,돌ㆍ플라스터(plaster)ㆍ시멘트ㆍ석면ㆍ운모나 이와 유사한 재료의 제품,                 636,"               5,667",                 719,"               4,253","               1,415"
202601,2026,69,도자제품,                 200,"               1,169","               2,134","               8,498","              -7,328"
202601,2026,70,유리와 유리제품,                 408,"               3,838","               2,588","               6,137","              -2,299"
202601,2026,71,"천연진주ㆍ양식진주ㆍ귀석ㆍ반귀석ㆍ귀금속ㆍ귀금속을 입힌 금속과 이들의 제품, 모조 신변장식용품, 주화","               1,320","             111,006","               4,998","             163,850","             -52,843"
202601,2026,72,철강,"               1,790","             277,309",                 371,"              63,536","             213,773"
202601,2026,73,철강의 제품,"               4,663","              35,138","              10,451","              23,901","              11,238"
202601,2026,74,구리와 그 제품,                 804,"              23,784",                 570,"              22,790",                 994
202601,2026,75,니켈과 그 제품,                  68,"               4,423",                 116,"              11,024","              -6,601"
202601,2026,76,알루미늄과 그 제품,                 668,"              27,901","               1,082","              25,953","               1,949"
202601,2026,78,납과 그 제품,                   7,                 148,                   3,                   1,                 147
202601,2026,79,아연과 그 제품,                  41,"               2,355",                 137,"               3,699","              -1,344"
202601,2026,80,주석과 그 제품,                  56,"               1,377",                  12,"               8,102","              -6,725"
202601,2026,81,"그 밖의 비금속(卑金屬), 서멧(cermet), 이들의 제품",                  80,"               6,160",                 224,"              14,752","              -8,592"
202601,2026,82,"비금속(卑金屬)으로 만든 공구ㆍ도구ㆍ칼붙이ㆍ스푼ㆍ포크, 이들의 부분품","               3,632","              30,273","               5,709","              10,960","              19,313"
202601,2026,83,비금속(卑金屬)으로 만든 각종 제품,                 950,"               7,429","               2,787","              11,201","              -3,771"
202601,2026,84,원자로ㆍ보일러ㆍ기계류와 이들의 부분품,"              18,577","             337,281","              18,093","             291,111","              46,170"
202601,2026,85,"전기기기와 그 부분품, 녹음기ㆍ음성 재생기ㆍ텔레비전의 영상과 음성의 기록기ㆍ재생기와 이들의 부분품ㆍ부속품","              35,647","           1,998,644","              46,070","           1,775,410","             223,234"
202601,2026,86,"철도용이나 궤도용 기관차ㆍ차량과 이들의 부분품, 철도용이나 궤도용 장비품과 그 부분품, 기계식(전기기계식을 포함한다) 각종 교통신호용 기기",                 100,"               4,333",                  62,"               2,571","               1,763"
202601,2026,87,철도용이나 궤도용 외의 차량과 그 부분품ㆍ부속품,"              23,801","             691,487","               4,622","             129,102","             562,385"
202601,2026,88,"항공기와 우주선, 이들의 부분품","               1,096","              15,278",                 523,"              12,942","               2,336"
202601,2026,89,선박과 수상 구조물,                  17,"               4,814",                   5,                   1,"               4,813"
202601,2026,90,"광학기기ㆍ사진용 기기ㆍ영화용 기기ㆍ측정기기ㆍ검사기기ㆍ정밀기기ㆍ의료용 기기, 이들의 부분품과 부속품","               5,939","             111,386","               9,181","             143,644","             -32,258"
202601,2026,91,시계와 그 부분품,                 164,"               1,682","               1,867","               4,730","              -3,048"
202601,2026,92,악기와 그 부분품과 부속품,                 298,"               3,735",                 518,"               1,577","               2,158"
202601,2026,93,무기ㆍ총포탄과 이들의 부분품과 부속품,                   4,                  73,                  12,                   5,                  68
202601,2026,94,"가구, 침구ㆍ매트리스ㆍ매트리스 서포트(mattress support)ㆍ쿠션과 이와 유사한 물품, 다른 류로 분류되지 않은 조명기구, 조명용 사인ㆍ조명용 네임플레이트(name-plate)와 이와 유사한 물품, 조립식 건축물","               1,113","               6,079","               6,713","              26,565","             -20,486"
202601,2026,95,완구ㆍ게임용구ㆍ운동용구와 이들의 부분품과 부속품,"               6,516","               6,795","              11,237","               6,392",                 404
202601,2026,96,잡품,"               1,317","               2,751","               8,182","               2,518",                 233
202601,2026,97,예술품ㆍ수집품ㆍ골동품,                  18,                 208,                  58,                 114,                  94
202602,총계,,,"             161,875","           4,345,092","             408,445","           4,711,011","            -365,919"
202602,2026,01,살아 있는 동물,                   4,                   2,                 112,                 174,                -171
202602,2026,02,육과 식용 설육(屑肉),                   5,                   9,                 168,"              11,919","             -11,909"
202602,2026,03,어류ㆍ갑각류ㆍ연체동물과 그 밖의 수생(水生) 무척추동물,"               1,097","              10,787","               2,228","              24,856","             -14,070"
202602,2026,04,"낙농품, 새의 알, 천연꿀, 다른 류로 분류되지 않은 식용인 동물성 생산품",                  14,                  33,                 741,"               1,396","              -1,363"
202602,2026,05,다른 류로 분류되지 않은 동물성 생산품,                   0,                   0,                  27,                 688,                -688
202602,2026,06,"살아 있는 수목과 그 밖의 식물, 인경(鱗莖)ㆍ뿌리와 이와 유사한 물품, 절화(切花)와 장식용 잎",                   1,                   0,                 215,"               1,267","              -1,266"
202602,2026,07,식용의 채소ㆍ뿌리ㆍ괴경(塊莖),                  49,                  39,                 593,"               5,129","              -5,090"
202602,2026,08,"식용의 과실과 견과류, 감귤류ㆍ멜론의 껍질",                  29,                  22,                 863,"               4,471","              -4,449"
202602,2026,09,커피ㆍ차ㆍ마테(maté)ㆍ향신료,                  47,                 361,"               1,651","              23,046","             -22,684"
202602,2026,10,곡물,                  38,                  63,                 233,"              38,101","             -38,038"
202602,2026,11,"제분공업의 생산품과 맥아, 전분, 이눌린(inulin), 밀의 글루텐(gluten)",                  28,                 205,                 373,                 727,                -522
202602,2026,12,"채유(採油)에 적합한 종자와 과실, 각종 종자와 과실, 공업용ㆍ의약용 식물, 짚과 사료용 식물",                  56,                 143,                 675,"              46,716","             -46,572"
202602,2026,13,"락(lac), 검ㆍ수지ㆍ그 밖의 식물성 수액과 추출물(extract)",                 106,                 162,                 124,                 829,                -668
202602,2026,14,식물성 편조물(編組物)용 재료와 다른 류로 분류되지 않은 식물성 생산품,                   3,                   2,                  13,                   1,                   2
202602,2026,15,"동물성ㆍ식물성ㆍ미생물성 지방과 기름 및이들의 분해생산물, 조제한 식용 지방과 동물성ㆍ식물성 왁스",                 140,"               2,108",                 931,"              13,730","             -11,621"
202602,2026,16,육류ㆍ어류ㆍ갑각류ㆍ연체동물이나 그 밖의 수생(水生) 무척추동물 또는 곤충의 조제품,                 129,"               1,273","               1,137","               5,867","              -4,594"
202602,2026,17,당류(糖類)와 설탕과자,                 261,"               4,043","              10,840","              32,419","             -28,376"
202602,2026,18,코코아와 그 조제품,                  50,                 190,"               4,711","               1,352","              -1,162"
202602,2026,19,곡물ㆍ고운 가루ㆍ전분ㆍ밀크의 조제품과 베이커리 제품,                 580,"               5,215","              22,649","               2,488","               2,727"
202602,2026,20,채소ㆍ과실ㆍ견과류나 식물의그 밖의 부분의 조제품,                 248,"               1,147","              11,014","               8,842","              -7,695"
202602,2026,21,각종 조제 식료품,"               1,767","               5,829","              97,359","               7,633","              -1,804"
202602,2026,22,음료ㆍ주류ㆍ식초,                 174,                 978,"               5,391","               3,167","              -2,189"
202602,2026,23,"식품 공업에서 생기는 잔재물과 웨이스트(waste), 조제 사료",                  20,"               1,572",                 544,"               5,596","              -4,025"
202602,2026,24,"담배와 제조한 담배 대용물, 연소시키지 않고흡입하도록 만들어진 물품(니코틴을 함유하였는지에 상관없다), 니코틴을 함유한 그 밖의 물품으로 인체 내에 니코틴을 흡수시키도록 만들어진 것",                 147,                 279,                 130,"              17,131","             -16,852"
202602,2026,25,"소금, 황, 토석류(土石類), 석고ㆍ석회ㆍ시멘트",                 116,                 818,                 331,"               2,352","              -1,534"
202602,2026,26,광(鑛)ㆍ슬래그(slag)ㆍ회(灰),                   5,                   1,                  50,"             133,742","            -133,741"
202602,2026,27,"광물성 연료ㆍ광물유(鑛物油)와 이들의 증류물, 역청(瀝靑)물질, 광물성 왁스",                 115,"             122,707",                 217,"           1,363,252","          -1,240,546"
202602,2026,28,"무기화학품, 귀금속ㆍ희토류(稀土類)금속ㆍ방사성원소ㆍ동위원소의 유기화합물이나 무기화합물",                 840,"              17,052","               1,748","               7,219","               9,833"
202602,2026,29,유기화학품,"               1,777","             135,063","               4,129","              24,322","             110,741"
202602,2026,30,의료용품,"               1,643","             611,730","               4,273","              89,015","             522,716"
202602,2026,31,비료,                  27,                 748,                  88,"               2,290","              -1,541"
202602,2026,32,"유연용ㆍ염색용 추출물(extract), 탄닌과 이들의 유도체, 염료ㆍ안료와 그 밖의 착색제, 페인트ㆍ바니시(varnish), 퍼티(putty)와 그 밖의 매스틱(mastic), 잉크",                 990,"              17,560",                 493,"              11,158","               6,402"
202602,2026,33,"정유(essential oil)와 레지노이드(resinoid), 조제향료와 화장품ㆍ화장용품","              14,252","             125,094","              20,530","               2,244","             122,850"
202602,2026,34,비누ㆍ유기계면활성제ㆍ조제 세제ㆍ조제 윤활제ㆍ인조 왁스ㆍ조제 왁스ㆍ광택용이나 연마용 조제품ㆍ양초와 이와 유사한 물품ㆍ조형용 페이스트(paste)ㆍ치과용 왁스와 플라스터(plaster)를 기본 재료로 한 치과용 조제품,"               1,324","              12,399","               6,902","               4,396","               8,003"
202602,2026,35,"단백질계 물질, 변성전분, 글루(glue), 효소",                 679,"              13,503",                 316,"               1,689","              11,814"
202602,2026,36,"화약류, 화공품, 성냥, 발화성 합금, 특정 가연성 조제품",                   1,                   0,                   3,                   0,                   0
202602,2026,37,사진용이나 영화용 재료,                 146,"              12,726",                  92,"               3,268","               9,458"
202602,2026,38,각종 화학공업 생산품,                 739,"              12,513","               1,116","              27,718","             -15,205"
202602,2026,39,플라스틱과 그 제품,"              10,671","              64,310","              22,252","              45,632","              18,678"
202602,2026,40,고무와 그 제품,"               1,760","               9,857","               2,047","               6,589","               3,268"
202602,2026,41,원피(모피는 제외한다)와 가죽,                  27,                  50,                  12,                  29,                  21
202602,2026,42,"가죽제품, 마구, 여행용구ㆍ핸드백과 이와 유사한 용기, 동물 거트(gut)[누에의 거트(gut)는 제외한다]의 제품","               2,634","               8,092","              13,904","               4,689","               3,404"
202602,2026,43,모피ㆍ인조모피와 이들의 제품,                  12,                  26,                  13,                 105,                 -79
202602,2026,44,"목재와 그 제품, 목탄",                 217,                 973,"               1,941","              46,830","             -45,858"
202602,2026,45,코르크(cork)와 그 제품,                   2,                   0,                   4,                   3,                  -3
202602,2026,46,"짚ㆍ에스파르토(esparto)나 그 밖의 조물 재료의 제품, 바구니 세공물(basketware)과 지조세공물(枝條細工物)",                   4,                   0,                  54,                  12,                 -12
202602,2026,47,"목재나 그 밖의 섬유질 셀룰로오스재료의 펄프, 회수한 종이ㆍ판지[웨이스트(waste)와 스크랩(scrap)]",                  57,"               1,246",                   8,                 545,                 702
202602,2026,48,"종이와 판지, 제지용 펄프ㆍ종이ㆍ판지의 제품","               1,587","               3,768","               3,221","               6,566","              -2,798"
202602,2026,49,"인쇄서적ㆍ신문ㆍ회화ㆍ그 밖의 인쇄물, 수제(手製)문서ㆍ타자문서ㆍ도면","               5,153","               2,833","               1,938",                 457,"               2,377"
202602,2026,50,견,                  24,                   3,                   4,                   0,                   3
202602,2026,51,양모ㆍ동물의 부드러운 털이나 거친 털ㆍ말의 털로 만든 실과 직물,                  39,                  82,                  24,                  11,                  71
202602,2026,52,면,                 336,"               2,107",                  70,                  78,"               2,029"
202602,2026,53,"그 밖의 식물성 방직용 섬유, 종이실(paper yarn)과 종이실로 만든 직물",                  43,                  14,                   5,                   1,                  12
202602,2026,54,"인조필라멘트, 인조방직용 섬유재료의 스트립(strip)과 이와 유사한 것",                 306,"               1,571",                  77,                 256,"               1,315"
202602,2026,55,인조스테이플섬유,                 221,"               1,436",                  75,                 237,"               1,199"
202602,2026,56,"워딩(wadding)ㆍ펠트(felt)ㆍ부직포, 특수사, 끈ㆍ배의 밧줄(cordage)ㆍ로프ㆍ케이블과 이들의 제품",                 179,"               2,891",                 503,"               1,097","               1,794"
202602,2026,57,양탄자류와 그 밖의 방직용 섬유로 만든 바닥깔개,                  30,                  51,                 457,                 243,                -192
202602,2026,58,"특수직물, 터프트(tuft)한 직물, 레이스, 태피스트리(tapestry), 트리밍(trimming), 자수천",                 203,                 628,                 239,                  66,                 563
202602,2026,59,"침투ㆍ도포ㆍ피복하거나 적층한 방직용 섬유의 직물, 공업용인 방직용 섬유제품",                 386,"               5,033",                 174,"               1,305","               3,727"
202602,2026,60,메리야스 편물과 뜨개질 편물,                 419,"               1,238",                  29,                  59,"               1,179"
202602,2026,61,의류와 그 부속품(메리야스 편물이나 뜨개질 편물로 한정한다),"               3,609","               7,863","              10,906","               4,974","               2,889"
202602,2026,62,의류와 그 부속품(메리야스 편물이나 뜨개질편물은 제외한다),"               3,335","               9,521","              18,499","              13,410","              -3,889"
202602,2026,63,"제품으로 된 방직용 섬유의 그 밖의 물품, 세트, 사용하던 의류ㆍ방직용 섬유제품, 넝마",                 973,"               4,743","               5,496","               4,008",                 734
202602,2026,64,"신발류ㆍ각반과 이와 유사한 것, 이들의 부분품","               7,959","               4,738","              10,176","               4,026",                 712
202602,2026,65,모자류와 그 부분품,                 530,                 991,"               1,434",                 356,                 634
202602,2026,66,산류(傘類)ㆍ지팡이ㆍ시트스틱(seat-stick)ㆍ채찍ㆍ승마용 채찍과 이들의 부분품,                  27,                 147,                 122,                 125,                  22
202602,2026,67,"조제 깃털ㆍ솜털과 그 제품, 조화, 사람 머리카락으로 된 제품",                  98,                 150,                 858,                 252,                -102
202602,2026,68,돌ㆍ플라스터(plaster)ㆍ시멘트ㆍ석면ㆍ운모나 이와 유사한 재료의 제품,                 498,"               4,261",                 519,"               4,238",                  23
202602,2026,69,도자제품,                 161,                 862,"               1,885","               7,125","              -6,263"
202602,2026,70,유리와 유리제품,                 395,"               3,542","               1,961","               4,835","              -1,292"
202602,2026,71,"천연진주ㆍ양식진주ㆍ귀석ㆍ반귀석ㆍ귀금속ㆍ귀금속을 입힌 금속과 이들의 제품, 모조 신변장식용품, 주화","               1,205","             132,313","               3,615","             189,597","             -57,284"
202602,2026,72,철강,"               1,551","             276,213",                 734,"              76,164","             200,049"
202602,2026,73,철강의 제품,"               3,838","              26,935","               7,814","              22,114","               4,821"
202602,2026,74,구리와 그 제품,                 678,"              22,819",                 447,"              21,428","               1,392"
202602,2026,75,니켈과 그 제품,                  54,"               2,069",                  95,"               6,901","              -4,832"
202602,2026,76,알루미늄과 그 제품,                 509,"              19,638",                 868,"              32,426","             -12,788"
202602,2026,78,납과 그 제품,                   6,                  82,                   2,                   1,                  82
202602,2026,79,아연과 그 제품,                  47,"               2,368",                  97,"               1,105","               1,263"
202602,2026,80,주석과 그 제품,                  27,                 318,                  18,"               3,168","              -2,850"
202602,2026,81,"그 밖의 비금속(卑金屬), 서멧(cermet), 이들의 제품",                  58,"               4,200",                 246,"              17,564","             -13,363"
202602,2026,82,"비금속(卑金屬)으로 만든 공구ㆍ도구ㆍ칼붙이ㆍ스푼ㆍ포크, 이들의 부분품","               3,074","              36,692","               4,222","               9,421","              27,271"
202602,2026,83,비금속(卑金屬)으로 만든 각종 제품,                 810,"               5,595","               2,184","               9,720","              -4,125"
202602,2026,84,원자로ㆍ보일러ㆍ기계류와 이들의 부분품,"              14,918","             301,614","              15,090","             232,919","              68,695"
202602,2026,85,"전기기기와 그 부분품, 녹음기ㆍ음성 재생기ㆍ텔레비전의 영상과 음성의 기록기ㆍ재생기와 이들의 부분품ㆍ부속품","              28,709","           1,532,543","              38,457","           1,614,230","             -81,687"
202602,2026,86,"철도용이나 궤도용 기관차ㆍ차량과 이들의 부분품, 철도용이나 궤도용 장비품과 그 부분품, 기계식(전기기계식을 포함한다) 각종 교통신호용 기기",                 138,"               8,082",                  33,                 636,"               7,446"
202602,2026,87,철도용이나 궤도용 외의 차량과 그 부분품ㆍ부속품,"              22,758","             575,389","               3,508","             103,921","             471,469"
202602,2026,88,"항공기와 우주선, 이들의 부분품",                 790,"              34,372",                 390,"              87,732","             -53,360"
202602,2026,89,선박과 수상 구조물,                  25,"               1,654",                   3,                   8,"               1,646"
202602,2026,90,"광학기기ㆍ사진용 기기ㆍ영화용 기기ㆍ측정기기ㆍ검사기기ㆍ정밀기기ㆍ의료용 기기, 이들의 부분품과 부속품","               5,010","              80,850","               7,839","             158,177","             -77,327"
202602,2026,91,시계와 그 부분품,                 196,"               1,490","               1,218",                 338,"               1,151"
202602,2026,92,악기와 그 부분품과 부속품,                 287,"               2,418",                 410,"               1,678",                 740
202602,2026,93,무기ㆍ총포탄과 이들의 부분품과 부속품,                   2,                 222,                   8,                  14,                 208
202602,2026,94,"가구, 침구ㆍ매트리스ㆍ매트리스 서포트(mattress support)ㆍ쿠션과 이와 유사한 물품, 다른 류로 분류되지 않은 조명기구, 조명용 사인ㆍ조명용 네임플레이트(name-plate)와 이와 유사한 물품, 조립식 건축물","               1,075","               7,204","               5,018","              23,714","             -16,510"
202602,2026,95,완구ㆍ게임용구ㆍ운동용구와 이들의 부분품과 부속품,"               5,284","               7,113","               8,238","               6,016","               1,098"
202602,2026,96,잡품,"               1,248","               2,571","               5,930","               2,342",                 229
202602,2026,97,예술품ㆍ수집품ㆍ골동품,                  36,                 920,                  44,"               1,311",                -392
202603,총계,,,"             203,728","           5,525,671","             540,606","           5,209,310","             316,361"
202603,2026,01,살아 있는 동물,                   3,                   3,                 145,                 367,                -364
202603,2026,02,육과 식용 설육(屑肉),                   4,                  14,                 181,"              13,356","             -13,342"
202603,2026,03,어류ㆍ갑각류ㆍ연체동물과 그 밖의 수생(水生) 무척추동물,"               1,093","               9,558","               2,830","              31,135","             -21,576"
202603,2026,04,"낙농품, 새의 알, 천연꿀, 다른 류로 분류되지 않은 식용인 동물성 생산품",                  15,                  71,                 978,"               1,785","              -1,714"
202603,2026,05,다른 류로 분류되지 않은 동물성 생산품,                   4,                 498,                  18,                 383,                 115
202603,2026,06,"살아 있는 수목과 그 밖의 식물, 인경(鱗莖)ㆍ뿌리와 이와 유사한 물품, 절화(切花)와 장식용 잎",                   3,                  63,                 272,"               1,415","              -1,352"
202603,2026,07,식용의 채소ㆍ뿌리ㆍ괴경(塊莖),                  84,                 110,                 744,"               5,544","              -5,434"
202603,2026,08,"식용의 과실과 견과류, 감귤류ㆍ멜론의 껍질",                  20,                  24,                 756,"               5,404","              -5,380"
202603,2026,09,커피ㆍ차ㆍ마테(maté)ㆍ향신료,                  53,                 285,"               1,863","              28,203","             -27,918"
202603,2026,10,곡물,                  45,                 141,                 302,"              40,561","             -40,420"
202603,2026,11,"제분공업의 생산품과 맥아, 전분, 이눌린(inulin), 밀의 글루텐(gluten)",                  36,                 295,                 354,                 275,                  20
202603,2026,12,"채유(採油)에 적합한 종자와 과실, 각종 종자와 과실, 공업용ㆍ의약용 식물, 짚과 사료용 식물",                  80,                 261,"               1,097","              41,563","             -41,302"
202603,2026,13,"락(lac), 검ㆍ수지ㆍ그 밖의 식물성 수액과 추출물(extract)",                 154,                 326,                 161,                 645,                -319
202603,2026,14,식물성 편조물(編組物)용 재료와 다른 류로 분류되지 않은 식물성 생산품,                   8,                  55,                  11,                   4,                  51
202603,2026,15,"동물성ㆍ식물성ㆍ미생물성 지방과 기름 및이들의 분해생산물, 조제한 식용 지방과 동물성ㆍ식물성 왁스",                 172,"               9,182","               1,023","              16,140","              -6,958"
202603,2026,16,육류ㆍ어류ㆍ갑각류ㆍ연체동물이나 그 밖의 수생(水生) 무척추동물 또는 곤충의 조제품,                 133,"               1,337","               1,478","               6,554","              -5,217"
202603,2026,17,당류(糖類)와 설탕과자,                 329,"               6,028","              11,520","              15,197","              -9,169"
202603,2026,18,코코아와 그 조제품,                  34,                 258,"               4,169",                 824,                -566
202603,2026,19,곡물ㆍ고운 가루ㆍ전분ㆍ밀크의 조제품과 베이커리 제품,                 827,"               9,433","              25,820","               2,576","               6,857"
202603,2026,20,채소ㆍ과실ㆍ견과류나 식물의그 밖의 부분의 조제품,                 283,"               1,458","               9,840","              11,181","              -9,723"
202603,2026,21,각종 조제 식료품,"               2,676","               8,659","             116,288","               8,047",                 612
202603,2026,22,음료ㆍ주류ㆍ식초,                 263,"               1,822","               6,589","               5,228","              -3,406"
202603,2026,23,"식품 공업에서 생기는 잔재물과 웨이스트(waste), 조제 사료",                  30,"               3,264",                 599,"               8,273","              -5,010"
202603,2026,24,"담배와 제조한 담배 대용물, 연소시키지 않고흡입하도록 만들어진 물품(니코틴을 함유하였는지에 상관없다), 니코틴을 함유한 그 밖의 물품으로 인체 내에 니코틴을 흡수시키도록 만들어진 것",                 202,                 362,                 162,"              16,314","             -15,952"
202603,2026,25,"소금, 황, 토석류(土石類), 석고ㆍ석회ㆍ시멘트",                 135,                 448,                 385,"               4,217","              -3,770"
202603,2026,26,광(鑛)ㆍ슬래그(slag)ㆍ회(灰),                   5,                  12,                  40,"             214,280","            -214,268"
202603,2026,27,"광물성 연료ㆍ광물유(鑛物油)와 이들의 증류물, 역청(瀝靑)물질, 광물성 왁스",                 144,"             126,424",                 218,"           1,214,274","          -1,087,849"
202603,2026,28,"무기화학품, 귀금속ㆍ희토류(稀土類)금속ㆍ방사성원소ㆍ동위원소의 유기화합물이나 무기화합물","               1,282","              20,447","               1,626","               9,511","              10,935"
202603,2026,29,유기화학품,"               2,758","             199,207","               3,697","              33,505","             165,702"
202603,2026,30,의료용품,"               2,002","             562,936","               5,478","              77,319","             485,617"
202603,2026,31,비료,                  47,                 718,                  69,"               3,374","              -2,656"
202603,2026,32,"유연용ㆍ염색용 추출물(extract), 탄닌과 이들의 유도체, 염료ㆍ안료와 그 밖의 착색제, 페인트ㆍ바니시(varnish), 퍼티(putty)와 그 밖의 매스틱(mastic), 잉크","               1,474","              23,803",                 650,"              14,941","               8,862"
202603,2026,33,"정유(essential oil)와 레지노이드(resinoid), 조제향료와 화장품ㆍ화장용품","              22,265","             192,739","              26,515","               3,521","             189,219"
202603,2026,34,비누ㆍ유기계면활성제ㆍ조제 세제ㆍ조제 윤활제ㆍ인조 왁스ㆍ조제 왁스ㆍ광택용이나 연마용 조제품ㆍ양초와 이와 유사한 물품ㆍ조형용 페이스트(paste)ㆍ치과용 왁스와 플라스터(plaster)를 기본 재료로 한 치과용 조제품,"               2,016","              14,921","               8,710","               4,614","              10,307"
202603,2026,35,"단백질계 물질, 변성전분, 글루(glue), 효소",                 902,"              17,292",                 463,"               3,006","              14,285"
202603,2026,36,"화약류, 화공품, 성냥, 발화성 합금, 특정 가연성 조제품",                   4,                   4,                   6,                 135,                -131
202603,2026,37,사진용이나 영화용 재료,                 169,"              12,555",                 131,"               3,853","               8,701"
202603,2026,38,각종 화학공업 생산품,                 978,"              34,545","               1,095","              25,357","               9,188"
202603,2026,39,플라스틱과 그 제품,"              13,864","              87,689","              31,519","              81,907","               5,782"
202603,2026,40,고무와 그 제품,"               2,223","              12,556","               2,926","               8,714","               3,841"
202603,2026,41,원피(모피는 제외한다)와 가죽,                  23,                 181,                  16,                 107,                  75
202603,2026,42,"가죽제품, 마구, 여행용구ㆍ핸드백과 이와 유사한 용기, 동물 거트(gut)[누에의 거트(gut)는 제외한다]의 제품","               3,383","              10,075","              20,094","               5,721","               4,354"
202603,2026,43,모피ㆍ인조모피와 이들의 제품,                   5,                   5,                   8,                 423,                -418
202603,2026,44,"목재와 그 제품, 목탄",                 223,"               1,073","               2,510","              52,658","             -51,585"
202603,2026,45,코르크(cork)와 그 제품,                   1,                   0,                  17,                  22,                 -22
202603,2026,46,"짚ㆍ에스파르토(esparto)나 그 밖의 조물 재료의 제품, 바구니 세공물(basketware)과 지조세공물(枝條細工物)",                  11,                  12,                  73,                  45,                 -33
202603,2026,47,"목재나 그 밖의 섬유질 셀룰로오스재료의 펄프, 회수한 종이ㆍ판지[웨이스트(waste)와 스크랩(scrap)]",                  53,"               1,323",                  12,                 248,"               1,076"
202603,2026,48,"종이와 판지, 제지용 펄프ㆍ종이ㆍ판지의 제품","               2,009","               4,574","               4,314","               7,662","              -3,089"
202603,2026,49,"인쇄서적ㆍ신문ㆍ회화ㆍ그 밖의 인쇄물, 수제(手製)문서ㆍ타자문서ㆍ도면","               6,435","               3,680","               2,707",                 748,"               2,932"
202603,2026,50,견,                  23,                   3,                   6,                   1,                   1
202603,2026,51,양모ㆍ동물의 부드러운 털이나 거친 털ㆍ말의 털로 만든 실과 직물,                  37,                 316,                  42,                  10,                 306
202603,2026,52,면,                 348,"               1,646",                 106,                 256,"               1,389"
202603,2026,53,"그 밖의 식물성 방직용 섬유, 종이실(paper yarn)과 종이실로 만든 직물",                  63,                  97,                   5,                   2,                  95
202603,2026,54,"인조필라멘트, 인조방직용 섬유재료의 스트립(strip)과 이와 유사한 것",                 426,"               2,993",                 110,                 276,"               2,717"
202603,2026,55,인조스테이플섬유,                 286,"               1,885",                 128,                 387,"               1,499"
202603,2026,56,"워딩(wadding)ㆍ펠트(felt)ㆍ부직포, 특수사, 끈ㆍ배의 밧줄(cordage)ㆍ로프ㆍ케이블과 이들의 제품",                 201,"               3,147",                 793,"               2,109","               1,039"
202603,2026,57,양탄자류와 그 밖의 방직용 섬유로 만든 바닥깔개,                  40,                  84,                 724,                 350,                -267
202603,2026,58,"특수직물, 터프트(tuft)한 직물, 레이스, 태피스트리(tapestry), 트리밍(trimming), 자수천",                 199,                 736,                 366,                 151,                 585
202603,2026,59,"침투ㆍ도포ㆍ피복하거나 적층한 방직용 섬유의 직물, 공업용인 방직용 섬유제품",                 413,"               4,866",                 244,"               1,267","               3,600"
202603,2026,60,메리야스 편물과 뜨개질 편물,                 531,"               1,517",                  42,                  75,"               1,442"
202603,2026,61,의류와 그 부속품(메리야스 편물이나 뜨개질 편물로 한정한다),"               4,578","              12,378","              18,339","               8,065","               4,313"
202603,2026,62,의류와 그 부속품(메리야스 편물이나 뜨개질편물은 제외한다),"               4,205","              22,224","              31,603","              20,078","               2,146"
202603,2026,63,"제품으로 된 방직용 섬유의 그 밖의 물품, 세트, 사용하던 의류ㆍ방직용 섬유제품, 넝마","               1,026","               6,987","               8,077","               4,176","               2,812"
202603,2026,64,"신발류ㆍ각반과 이와 유사한 것, 이들의 부분품","               5,961","               6,955","              21,908","               4,821","               2,134"
202603,2026,65,모자류와 그 부분품,                 609,                 905,"               2,624",                 594,                 311
202603,2026,66,산류(傘類)ㆍ지팡이ㆍ시트스틱(seat-stick)ㆍ채찍ㆍ승마용 채찍과 이들의 부분품,                  32,                 224,                 405,                 248,                 -24
202603,2026,67,"조제 깃털ㆍ솜털과 그 제품, 조화, 사람 머리카락으로 된 제품",                 106,                 197,"               1,110",                 370,                -173
202603,2026,68,돌ㆍ플라스터(plaster)ㆍ시멘트ㆍ석면ㆍ운모나 이와 유사한 재료의 제품,                 666,"               5,545",                 728,"               4,474","               1,071"
202603,2026,69,도자제품,                 211,"               1,401","               2,746","              11,223","              -9,822"
202603,2026,70,유리와 유리제품,                 435,"               2,505","               2,782","               7,051","              -4,546"
202603,2026,71,"천연진주ㆍ양식진주ㆍ귀석ㆍ반귀석ㆍ귀금속ㆍ귀금속을 입힌 금속과 이들의 제품, 모조 신변장식용품, 주화","               1,286","             214,606","               5,491","             108,394","             106,212"
202603,2026,72,철강,"               2,045","             315,612",                 600,"              96,496","             219,116"
202603,2026,73,철강의 제품,"               4,861","              33,573","              11,146","              23,999","               9,574"
202603,2026,74,구리와 그 제품,                 777,"              31,285",                 650,"              30,671",                 614
202603,2026,75,니켈과 그 제품,                  68,"               2,681",                  96,"               8,657","              -5,976"
202603,2026,76,알루미늄과 그 제품,                 738,"              39,774","               1,160","              47,933","              -8,159"
202603,2026,78,납과 그 제품,                   7,                  99,                   4,                   1,                  98
202603,2026,79,아연과 그 제품,                  69,"               2,247",                 119,"               2,978",                -731
202603,2026,80,주석과 그 제품,                  52,                 533,                  17,"               8,984","              -8,451"
202603,2026,81,"그 밖의 비금속(卑金屬), 서멧(cermet), 이들의 제품",                  82,"              11,909",                 333,"              26,612","             -14,703"
202603,2026,82,"비금속(卑金屬)으로 만든 공구ㆍ도구ㆍ칼붙이ㆍ스푼ㆍ포크, 이들의 부분품","               3,717","              34,990","               5,626","              12,195","              22,795"
202603,2026,83,비금속(卑金屬)으로 만든 각종 제품,                 839,"               8,395","               3,300","               9,631","              -1,236"
202603,2026,84,원자로ㆍ보일러ㆍ기계류와 이들의 부분품,"              18,596","             489,634","              21,078","             362,561","             127,073"
202603,2026,85,"전기기기와 그 부분품, 녹음기ㆍ음성 재생기ㆍ텔레비전의 영상과 음성의 기록기ㆍ재생기와 이들의 부분품ㆍ부속품","              35,636","           1,894,878","              52,003","           1,948,268","             -53,389"
202603,2026,86,"철도용이나 궤도용 기관차ㆍ차량과 이들의 부분품, 철도용이나 궤도용 장비품과 그 부분품, 기계식(전기기계식을 포함한다) 각종 교통신호용 기기",                 170,"               7,030",                  40,"               1,555","               5,475"
202603,2026,87,철도용이나 궤도용 외의 차량과 그 부분품ㆍ부속품,"              28,546","             829,807","               5,294","             129,353","             700,454"
202603,2026,88,"항공기와 우주선, 이들의 부분품","               1,192","              15,522",                 589,"              66,698","             -51,176"
202603,2026,89,선박과 수상 구조물,                  23,"               1,440",                   5,                  15,"               1,425"
202603,2026,90,"광학기기ㆍ사진용 기기ㆍ영화용 기기ㆍ측정기기ㆍ검사기기ㆍ정밀기기ㆍ의료용 기기, 이들의 부분품과 부속품","               6,303","             111,583","              10,186","             197,271","             -85,688"
202603,2026,91,시계와 그 부분품,                 180,"               1,795","               1,889",                 597,"               1,198"
202603,2026,92,악기와 그 부분품과 부속품,                 352,"               3,360",                 572,"               1,359","               2,001"
202603,2026,93,무기ㆍ총포탄과 이들의 부분품과 부속품,                   1,                   1,                  18,                  18,                 -17
202603,2026,94,"가구, 침구ㆍ매트리스ㆍ매트리스 서포트(mattress support)ㆍ쿠션과 이와 유사한 물품, 다른 류로 분류되지 않은 조명기구, 조명용 사인ㆍ조명용 네임플레이트(name-plate)와 이와 유사한 물품, 조립식 건축물","               2,161","               7,908","               6,616","              18,773","             -10,865"
202603,2026,95,완구ㆍ게임용구ㆍ운동용구와 이들의 부분품과 부속품,"               5,376","               6,735","              11,205","               5,595","               1,139"
202603,2026,96,잡품,"               1,266","               2,375","               9,144","               2,891",                -517
202603,2026,97,예술품ㆍ수집품ㆍ골동품,                  27,                 565,                  58,                 687,                -123
202604,총계,,,"             221,616","           5,321,908","             554,588","           4,855,324","             466,584"
202604,2026,01,살아 있는 동물,                   9,                  20,                 188,                 488,                -467
202604,2026,02,육과 식용 설육(屑肉),                   0,                   0,                 228,"              15,981","             -15,981"
202604,2026,03,어류ㆍ갑각류ㆍ연체동물과 그 밖의 수생(水生) 무척추동물,"               1,435","              14,614","               2,897","              36,463","             -21,849"
202604,2026,04,"낙농품, 새의 알, 천연꿀, 다른 류로 분류되지 않은 식용인 동물성 생산품",                  18,                  75,"               1,188","               1,771","              -1,695"
202604,2026,05,다른 류로 분류되지 않은 동물성 생산품,                   0,                   0,                  36,                 794,                -794
202604,2026,06,"살아 있는 수목과 그 밖의 식물, 인경(鱗莖)ㆍ뿌리와 이와 유사한 물품, 절화(切花)와 장식용 잎",                   2,                   0,                 272,"               2,073","              -2,073"
202604,2026,07,식용의 채소ㆍ뿌리ㆍ괴경(塊莖),                  79,                  65,                 635,"               4,436","              -4,370"
202604,2026,08,"식용의 과실과 견과류, 감귤류ㆍ멜론의 껍질",                  29,                  52,                 859,"               8,166","              -8,115"
202604,2026,09,커피ㆍ차ㆍ마테(maté)ㆍ향신료,                  68,                 417,"               2,118","              35,889","             -35,472"
202604,2026,10,곡물,                  66,                 107,                 218,"              39,164","             -39,057"
202604,2026,11,"제분공업의 생산품과 맥아, 전분, 이눌린(inulin), 밀의 글루텐(gluten)",                  36,                 257,                 367,                 306,                 -49
202604,2026,12,"채유(採油)에 적합한 종자와 과실, 각종 종자와 과실, 공업용ㆍ의약용 식물, 짚과 사료용 식물",                  67,                 164,"               1,001","              53,615","             -53,452"
202604,2026,13,"락(lac), 검ㆍ수지ㆍ그 밖의 식물성 수액과 추출물(extract)",                 130,                 435,                 149,                 806,                -371
202604,2026,14,식물성 편조물(編組物)용 재료와 다른 류로 분류되지 않은 식물성 생산품,                   4,                  30,                  12,                  25,                   6
202604,2026,15,"동물성ㆍ식물성ㆍ미생물성 지방과 기름 및이들의 분해생산물, 조제한 식용 지방과 동물성ㆍ식물성 왁스",                 217,"               1,164","               1,029","              21,696","             -20,532"
202604,2026,16,육류ㆍ어류ㆍ갑각류ㆍ연체동물이나 그 밖의 수생(水生) 무척추동물 또는 곤충의 조제품,                 158,"               2,523","               1,470","               7,011","              -4,488"
202604,2026,17,당류(糖類)와 설탕과자,                 347,"               6,977","              10,791","              36,543","             -29,565"
202604,2026,18,코코아와 그 조제품,                  38,                 103,"               3,694",                 652,                -549
202604,2026,19,곡물ㆍ고운 가루ㆍ전분ㆍ밀크의 조제품과 베이커리 제품,                 920,"               6,586","              26,059","               2,424","               4,161"
202604,2026,20,채소ㆍ과실ㆍ견과류나 식물의그 밖의 부분의 조제품,                 334,"               1,259","               9,880","              11,243","              -9,984"
202604,2026,21,각종 조제 식료품,"               2,295","               9,966","             115,526","               8,736","               1,230"
202604,2026,22,음료ㆍ주류ㆍ식초,                 294,"               1,849","               5,908","               5,242","              -3,393"
202604,2026,23,"식품 공업에서 생기는 잔재물과 웨이스트(waste), 조제 사료",                  24,"               2,526",                 651,"               8,956","              -6,430"
202604,2026,24,"담배와 제조한 담배 대용물, 연소시키지 않고흡입하도록 만들어진 물품(니코틴을 함유하였는지에 상관없다), 니코틴을 함유한 그 밖의 물품으로 인체 내에 니코틴을 흡수시키도록 만들어진 것",                 163,                 269,                  84,"               2,598","              -2,329"
202604,2026,25,"소금, 황, 토석류(土石類), 석고ㆍ석회ㆍ시멘트",                 156,                 346,                 439,"               5,058","              -4,711"
202604,2026,26,광(鑛)ㆍ슬래그(slag)ㆍ회(灰),                   9,                 327,                  42,"             205,085","            -204,758"
202604,2026,27,"광물성 연료ㆍ광물유(鑛物油)와 이들의 증류물, 역청(瀝靑)물질, 광물성 왁스",                 121,"               4,538",                 221,"           1,158,548","          -1,154,010"
202604,2026,28,"무기화학품, 귀금속ㆍ희토류(稀土類)금속ㆍ방사성원소ㆍ동위원소의 유기화합물이나 무기화합물","               1,406","              31,917","               1,495","              10,191","              21,726"
202604,2026,29,유기화학품,"               2,906","             148,032","               3,630","              32,030","             116,002"
202604,2026,30,의료용품,"               2,363","             731,902","               5,440","              94,484","             637,418"
202604,2026,31,비료,                  49,                 337,                  75,"               1,407","              -1,070"
202604,2026,32,"유연용ㆍ염색용 추출물(extract), 탄닌과 이들의 유도체, 염료ㆍ안료와 그 밖의 착색제, 페인트ㆍ바니시(varnish), 퍼티(putty)와 그 밖의 매스틱(mastic), 잉크","               1,386","              23,640",                 603,"              14,661","               8,979"
202604,2026,33,"정유(essential oil)와 레지노이드(resinoid), 조제향료와 화장품ㆍ화장용품","              15,973","             211,640","              27,756","               2,910","             208,730"
202604,2026,34,비누ㆍ유기계면활성제ㆍ조제 세제ㆍ조제 윤활제ㆍ인조 왁스ㆍ조제 왁스ㆍ광택용이나 연마용 조제품ㆍ양초와 이와 유사한 물품ㆍ조형용 페이스트(paste)ㆍ치과용 왁스와 플라스터(plaster)를 기본 재료로 한 치과용 조제품,"               1,680","              14,887","               7,559","               4,598","              10,290"
202604,2026,35,"단백질계 물질, 변성전분, 글루(glue), 효소","               1,069","              31,913",                 465,"               1,839","              30,074"
202604,2026,36,"화약류, 화공품, 성냥, 발화성 합금, 특정 가연성 조제품",                   1,                   0,                  10,                  24,                 -23
202604,2026,37,사진용이나 영화용 재료,                 169,"              15,930",                 136,"               4,349","              11,581"
202604,2026,38,각종 화학공업 생산품,"               1,019","              16,882","               1,281","              25,419","              -8,537"
202604,2026,39,플라스틱과 그 제품,"              14,015","             100,316","              34,961","              56,794","              43,521"
202604,2026,40,고무와 그 제품,"               2,238","              13,082","               2,969","               7,658","               5,424"
202604,2026,41,원피(모피는 제외한다)와 가죽,                  39,                 164,                   8,                  27,                 136
202604,2026,42,"가죽제품, 마구, 여행용구ㆍ핸드백과 이와 유사한 용기, 동물 거트(gut)[누에의 거트(gut)는 제외한다]의 제품","               3,288","              10,878","              20,547","               7,228","               3,650"
202604,2026,43,모피ㆍ인조모피와 이들의 제품,                   6,                  12,                   6,                   1,                  10
202604,2026,44,"목재와 그 제품, 목탄",                 306,                 855,"               2,557","              56,379","             -55,525"
202604,2026,45,코르크(cork)와 그 제품,                   0,                   0,                  10,                  16,                 -16
202604,2026,46,"짚ㆍ에스파르토(esparto)나 그 밖의 조물 재료의 제품, 바구니 세공물(basketware)과 지조세공물(枝條細工物)",                   9,                   5,                  95,                  25,                 -20
202604,2026,47,"목재나 그 밖의 섬유질 셀룰로오스재료의 펄프, 회수한 종이ㆍ판지[웨이스트(waste)와 스크랩(scrap)]",                  43,"               1,100",                   6,                 130,                 970
202604,2026,48,"종이와 판지, 제지용 펄프ㆍ종이ㆍ판지의 제품","               1,905","               5,237","               4,373","               7,454","              -2,217"
202604,2026,49,"인쇄서적ㆍ신문ㆍ회화ㆍ그 밖의 인쇄물, 수제(手製)문서ㆍ타자문서ㆍ도면","               5,230","               6,122","               2,755",                 416,"               5,706"
202604,2026,50,견,                  10,                   2,                   3,                   1,                   0
202604,2026,51,양모ㆍ동물의 부드러운 털이나 거친 털ㆍ말의 털로 만든 실과 직물,                  32,                 244,                  32,                   7,                 238
202604,2026,52,면,                 300,"               2,543",                 143,                 135,"               2,408"
202604,2026,53,"그 밖의 식물성 방직용 섬유, 종이실(paper yarn)과 종이실로 만든 직물",                  46,                 100,                  11,                   6,                  94
202604,2026,54,"인조필라멘트, 인조방직용 섬유재료의 스트립(strip)과 이와 유사한 것",                 401,"               3,223",                 134,                 584,"               2,640"
202604,2026,55,인조스테이플섬유,                 221,"               2,115",                 116,                 373,"               1,742"
202604,2026,56,"워딩(wadding)ㆍ펠트(felt)ㆍ부직포, 특수사, 끈ㆍ배의 밧줄(cordage)ㆍ로프ㆍ케이블과 이들의 제품",                 238,"               3,990",                 850,"               2,163","               1,827"
202604,2026,57,양탄자류와 그 밖의 방직용 섬유로 만든 바닥깔개,                  65,                  44,                 889,                 442,                -398
202604,2026,58,"특수직물, 터프트(tuft)한 직물, 레이스, 태피스트리(tapestry), 트리밍(trimming), 자수천",                 216,                 678,                 369,                 126,                 552
202604,2026,59,"침투ㆍ도포ㆍ피복하거나 적층한 방직용 섬유의 직물, 공업용인 방직용 섬유제품",                 441,"               4,945",                 280,"               1,177","               3,768"
202604,2026,60,메리야스 편물과 뜨개질 편물,                 422,"               2,512",                  53,                 145,"               2,367"
202604,2026,61,의류와 그 부속품(메리야스 편물이나 뜨개질 편물로 한정한다),"               6,847","              11,551","              22,073","              10,625",                 926
202604,2026,62,의류와 그 부속품(메리야스 편물이나 뜨개질편물은 제외한다),"               4,537","              16,738","              35,628","              18,110","              -1,372"
202604,2026,63,"제품으로 된 방직용 섬유의 그 밖의 물품, 세트, 사용하던 의류ㆍ방직용 섬유제품, 넝마","               1,220","               7,544","               9,040","               6,687",                 857
202604,2026,64,"신발류ㆍ각반과 이와 유사한 것, 이들의 부분품","              16,665","               7,890","              24,104","               7,135",                 754
202604,2026,65,모자류와 그 부분품,"               5,969","               1,401","               3,113",                 752,                 650
202604,2026,66,산류(傘類)ㆍ지팡이ㆍ시트스틱(seat-stick)ㆍ채찍ㆍ승마용 채찍과 이들의 부분품,                  35,                  24,                 693,                 607,                -583
202604,2026,67,"조제 깃털ㆍ솜털과 그 제품, 조화, 사람 머리카락으로 된 제품",                 103,                 208,"               1,159",                 343,                -136
202604,2026,68,돌ㆍ플라스터(plaster)ㆍ시멘트ㆍ석면ㆍ운모나 이와 유사한 재료의 제품,                 663,"               5,618",                 760,"               4,712",                 906
202604,2026,69,도자제품,                 345,"               1,047","               2,795","               9,074","              -8,027"
202604,2026,70,유리와 유리제품,                 578,"               2,978","               2,700","               7,104","              -4,126"
202604,2026,71,"천연진주ㆍ양식진주ㆍ귀석ㆍ반귀석ㆍ귀금속ㆍ귀금속을 입힌 금속과 이들의 제품, 모조 신변장식용품, 주화","               1,200","             154,832","               6,804","              93,646","              61,186"
202604,2026,72,철강,"               1,833","             277,505",                 629,"              78,485","             199,019"
202604,2026,73,철강의 제품,"               4,967","              33,780","              12,051","              26,592","               7,188"
202604,2026,74,구리와 그 제품,                 859,"              36,226",                 645,"              35,349",                 877
202604,2026,75,니켈과 그 제품,                  74,"               4,771",                  89,"              11,181","              -6,410"
202604,2026,76,알루미늄과 그 제품,                 764,"              31,990","               1,233","              53,962","             -21,972"
202604,2026,78,납과 그 제품,                   4,                  45,                   1,                   0,                  45
202604,2026,79,아연과 그 제품,                  65,"               3,289",                 138,"               1,152","               2,136"
202604,2026,80,주석과 그 제품,                  52,"               1,124",                  14,"               8,653","              -7,529"
202604,2026,81,"그 밖의 비금속(卑金屬), 서멧(cermet), 이들의 제품",                  98,"               7,620",                 275,"              31,476","             -23,856"
202604,2026,82,"비금속(卑金屬)으로 만든 공구ㆍ도구ㆍ칼붙이ㆍ스푼ㆍ포크, 이들의 부분품","               4,033","              41,222","               5,846","              12,324","              28,898"
202604,2026,83,비금속(卑金屬)으로 만든 각종 제품,                 920,"               9,439","               4,646","              12,427","              -2,988"
202604,2026,84,원자로ㆍ보일러ㆍ기계류와 이들의 부분품,"              20,001","             413,829","              19,003","             326,495","              87,335"
202604,2026,85,"전기기기와 그 부분품, 녹음기ㆍ음성 재생기ㆍ텔레비전의 영상과 음성의 기록기ㆍ재생기와 이들의 부분품ㆍ부속품","              37,292","           1,844,522","              46,881","           1,638,623","             205,900"
202604,2026,86,"철도용이나 궤도용 기관차ㆍ차량과 이들의 부분품, 철도용이나 궤도용 장비품과 그 부분품, 기계식(전기기계식을 포함한다) 각종 교통신호용 기기",                 198,"               9,438",                  69,"               2,663","               6,776"
202604,2026,87,철도용이나 궤도용 외의 차량과 그 부분품ㆍ부속품,"              31,298","             803,188","               5,603","             146,755","             656,434"
202604,2026,88,"항공기와 우주선, 이들의 부분품",                 984,"              19,146",                 456,"              87,809","             -68,663"
202604,2026,89,선박과 수상 구조물,                  47,"               2,480",                  12,                 405,"               2,075"
202604,2026,90,"광학기기ㆍ사진용 기기ㆍ영화용 기기ㆍ측정기기ㆍ검사기기ㆍ정밀기기ㆍ의료용 기기, 이들의 부분품과 부속품","               6,511","             104,745","              11,150","             175,313","             -70,568"
202604,2026,91,시계와 그 부분품,                 192,"               1,071","               1,917",                 704,                 367
202604,2026,92,악기와 그 부분품과 부속품,                 395,"               4,181",                 567,"               1,289","               2,892"
202604,2026,93,무기ㆍ총포탄과 이들의 부분품과 부속품,                   1,                   0,                  20,                  29,                 -29
202604,2026,94,"가구, 침구ㆍ매트리스ㆍ매트리스 서포트(mattress support)ㆍ쿠션과 이와 유사한 물품, 다른 류로 분류되지 않은 조명기구, 조명용 사인ㆍ조명용 네임플레이트(name-plate)와 이와 유사한 물품, 조립식 건축물","               1,888","               9,510","               7,393","              25,929","             -16,419"
202604,2026,95,완구ㆍ게임용구ㆍ운동용구와 이들의 부분품과 부속품,"               5,054","               9,753","              12,064","               8,652","               1,101"
202604,2026,96,잡품,"               1,390","               2,917","               9,390","               3,037",                -121
202604,2026,97,예술품ㆍ수집품ㆍ골동품,                  23,                 374,                  48,                 259,                 115
202605,총계,,,"             201,118","           5,184,064","             509,795","           4,870,399","             313,665"
202605,2026,01,살아 있는 동물,                  17,                  27,                 183,                 520,                -492
202605,2026,02,육과 식용 설육(屑肉),                   0,                   0,                 175,"              12,549","             -12,549"
202605,2026,03,어류ㆍ갑각류ㆍ연체동물과 그 밖의 수생(水生) 무척추동물,"               1,524","              14,035","               1,984","              26,401","             -12,366"
202605,2026,04,"낙농품, 새의 알, 천연꿀, 다른 류로 분류되지 않은 식용인 동물성 생산품",                  19,                  87,                 918,"               1,346","              -1,259"
202605,2026,05,다른 류로 분류되지 않은 동물성 생산품,                   1,                 117,                  24,                 557,                -441
202605,2026,06,"살아 있는 수목과 그 밖의 식물, 인경(鱗莖)ㆍ뿌리와 이와 유사한 물품, 절화(切花)와 장식용 잎",                   0,                   0,                 181,"               1,148","              -1,148"
202605,2026,07,식용의 채소ㆍ뿌리ㆍ괴경(塊莖),                  84,                  69,                 570,"               3,665","              -3,596"
202605,2026,08,"식용의 과실과 견과류, 감귤류ㆍ멜론의 껍질",                  89,                 113,                 888,"               7,596","              -7,482"
202605,2026,09,커피ㆍ차ㆍ마테(maté)ㆍ향신료,                  68,                 410,"               1,826","              21,020","             -20,611"
202605,2026,10,곡물,                  62,                  58,                 310,"              36,113","             -36,055"
202605,2026,11,"제분공업의 생산품과 맥아, 전분, 이눌린(inulin), 밀의 글루텐(gluten)",                  32,                 161,                 309,                 275,                -114
202605,2026,12,"채유(採油)에 적합한 종자와 과실, 각종 종자와 과실, 공업용ㆍ의약용 식물, 짚과 사료용 식물",                  65,                 149,"               1,014","              51,697","             -51,548"
202605,2026,13,"락(lac), 검ㆍ수지ㆍ그 밖의 식물성 수액과 추출물(extract)",                  94,                 456,                 137,                 443,                  13
202605,2026,14,식물성 편조물(編組物)용 재료와 다른 류로 분류되지 않은 식물성 생산품,                   6,                  15,                  14,                  10,                   5
202605,2026,15,"동물성ㆍ식물성ㆍ미생물성 지방과 기름 및이들의 분해생산물, 조제한 식용 지방과 동물성ㆍ식물성 왁스",                 163,"               8,028",                 938,"              14,121","              -6,093"
202605,2026,16,육류ㆍ어류ㆍ갑각류ㆍ연체동물이나 그 밖의 수생(水生) 무척추동물 또는 곤충의 조제품,                 161,"               2,986","               1,113","               4,892","              -1,907"
202605,2026,17,당류(糖類)와 설탕과자,                 394,"               6,942","               9,049","              26,417","             -19,475"
202605,2026,18,코코아와 그 조제품,                  43,                 175,"               2,799",                 512,                -337
202605,2026,19,곡물ㆍ고운 가루ㆍ전분ㆍ밀크의 조제품과 베이커리 제품,                 769,"               5,102","              22,875","               1,879","               3,223"
202605,2026,20,채소ㆍ과실ㆍ견과류나 식물의그 밖의 부분의 조제품,                 321,"               1,321","               8,414","               9,200","              -7,879"
202605,2026,21,각종 조제 식료품,"               3,731","               8,448","             108,845","               8,385",                  63
202605,2026,22,음료ㆍ주류ㆍ식초,                 255,"               1,413","               5,352","               4,762","              -3,349"
202605,2026,23,"식품 공업에서 생기는 잔재물과 웨이스트(waste), 조제 사료",                  26,"               1,101",                 618,"               4,267","              -3,166"
202605,2026,24,"담배와 제조한 담배 대용물, 연소시키지 않고흡입하도록 만들어진 물품(니코틴을 함유하였는지에 상관없다), 니코틴을 함유한 그 밖의 물품으로 인체 내에 니코틴을 흡수시키도록 만들어진 것",                 133,                 228,                  67,                  24,                 204
202605,2026,25,"소금, 황, 토석류(土石類), 석고ㆍ석회ㆍ시멘트",                 124,                 349,                 452,"               2,671","              -2,322"
202605,2026,26,광(鑛)ㆍ슬래그(slag)ㆍ회(灰),                   4,                   8,                  33,"             112,722","            -112,714"
202605,2026,27,"광물성 연료ㆍ광물유(鑛物油)와 이들의 증류물, 역청(瀝靑)물질, 광물성 왁스",                 101,"              39,567",                 172,"           1,095,128","          -1,055,562"
202605,2026,28,"무기화학품, 귀금속ㆍ희토류(稀土類)금속ㆍ방사성원소ㆍ동위원소의 유기화합물이나 무기화합물","               1,223","              21,591","               1,911","               9,448","              12,143"
202605,2026,29,유기화학품,"               2,446","             136,312","               4,196","              31,945","             104,367"
202605,2026,30,의료용품,"               2,361","             617,229","               5,324","             224,119","             393,110"
202605,2026,31,비료,                  55,"               1,360",                  70,"               5,014","              -3,654"
202605,2026,32,"유연용ㆍ염색용 추출물(extract), 탄닌과 이들의 유도체, 염료ㆍ안료와 그 밖의 착색제, 페인트ㆍ바니시(varnish), 퍼티(putty)와 그 밖의 매스틱(mastic), 잉크","               1,258","              19,019",                 564,"              12,733","               6,286"
202605,2026,33,"정유(essential oil)와 레지노이드(resinoid), 조제향료와 화장품ㆍ화장용품","              25,929","             215,299","              25,845","               2,640","             212,660"
202605,2026,34,비누ㆍ유기계면활성제ㆍ조제 세제ㆍ조제 윤활제ㆍ인조 왁스ㆍ조제 왁스ㆍ광택용이나 연마용 조제품ㆍ양초와 이와 유사한 물품ㆍ조형용 페이스트(paste)ㆍ치과용 왁스와 플라스터(plaster)를 기본 재료로 한 치과용 조제품,"               2,292","              15,385","               7,352","               4,866","              10,520"
202605,2026,35,"단백질계 물질, 변성전분, 글루(glue), 효소",                 755,"              15,096",                 386,"               2,482","              12,614"
202605,2026,36,"화약류, 화공품, 성냥, 발화성 합금, 특정 가연성 조제품",                   0,                   0,                  18,                 160,                -160
202605,2026,37,사진용이나 영화용 재료,                 169,"              13,543",                 115,"               3,692","               9,851"
202605,2026,38,각종 화학공업 생산품,                 850,"              14,942","               1,558","              21,609","              -6,667"
202605,2026,39,플라스틱과 그 제품,"              12,860","              78,347","              30,357","              61,488","              16,858"
202605,2026,40,고무와 그 제품,"               2,003","              12,133","               2,490","               9,064","               3,069"
202605,2026,41,원피(모피는 제외한다)와 가죽,                  35,                 452,                  14,                 116,                 337
202605,2026,42,"가죽제품, 마구, 여행용구ㆍ핸드백과 이와 유사한 용기, 동물 거트(gut)[누에의 거트(gut)는 제외한다]의 제품","               2,980","              15,118","              17,644","               6,402","               8,716"
202605,2026,43,모피ㆍ인조모피와 이들의 제품,                   4,                  41,                   6,                  19,                  22
202605,2026,44,"목재와 그 제품, 목탄",                 211,                 518,"               2,487","              58,655","             -58,137"
202605,2026,45,코르크(cork)와 그 제품,                   1,                   0,                  14,                  33,                 -33
202605,2026,46,"짚ㆍ에스파르토(esparto)나 그 밖의 조물 재료의 제품, 바구니 세공물(basketware)과 지조세공물(枝條細工物)",                  12,                   2,                  91,                  52,                 -49
202605,2026,47,"목재나 그 밖의 섬유질 셀룰로오스재료의 펄프, 회수한 종이ㆍ판지[웨이스트(waste)와 스크랩(scrap)]",                  43,"               1,190",                  10,                 288,                 902
202605,2026,48,"종이와 판지, 제지용 펄프ㆍ종이ㆍ판지의 제품","               1,817","               4,976","               3,737","               8,368","              -3,392"
202605,2026,49,"인쇄서적ㆍ신문ㆍ회화ㆍ그 밖의 인쇄물, 수제(手製)문서ㆍ타자문서ㆍ도면","               3,779","               4,682","               2,456",                 627,"               4,056"
202605,2026,50,견,                   9,                   3,                   4,                   0,                   3
202605,2026,51,양모ㆍ동물의 부드러운 털이나 거친 털ㆍ말의 털로 만든 실과 직물,                  42,                 237,                  28,                  18,                 220
202605,2026,52,면,                 272,"               2,567",                  92,                  58,"               2,509"
202605,2026,53,"그 밖의 식물성 방직용 섬유, 종이실(paper yarn)과 종이실로 만든 직물",                  33,                  28,                   6,                   4,                  24
202605,2026,54,"인조필라멘트, 인조방직용 섬유재료의 스트립(strip)과 이와 유사한 것",                 401,"               2,644",                 137,                 443,"               2,201"
202605,2026,55,인조스테이플섬유,                 256,"               2,113",                 115,                 443,"               1,670"
202605,2026,56,"워딩(wadding)ㆍ펠트(felt)ㆍ부직포, 특수사, 끈ㆍ배의 밧줄(cordage)ㆍ로프ㆍ케이블과 이들의 제품",                 253,"               2,630",                 795,"               2,144",                 486
202605,2026,57,양탄자류와 그 밖의 방직용 섬유로 만든 바닥깔개,                  46,                  33,                 743,                 297,                -264
202605,2026,58,"특수직물, 터프트(tuft)한 직물, 레이스, 태피스트리(tapestry), 트리밍(trimming), 자수천",                 206,                 582,                 369,                 147,                 435
202605,2026,59,"침투ㆍ도포ㆍ피복하거나 적층한 방직용 섬유의 직물, 공업용인 방직용 섬유제품",                 434,"               7,064",                 253,                 996,"               6,067"
202605,2026,60,메리야스 편물과 뜨개질 편물,                 413,"               2,097",                  42,                 109,"               1,988"
202605,2026,61,의류와 그 부속품(메리야스 편물이나 뜨개질 편물로 한정한다),"               6,961","               9,564","              21,257","               6,994","               2,570"
202605,2026,62,의류와 그 부속품(메리야스 편물이나 뜨개질편물은 제외한다),"               4,364","              16,438","              31,695","              12,353","               4,085"
202605,2026,63,"제품으로 된 방직용 섬유의 그 밖의 물품, 세트, 사용하던 의류ㆍ방직용 섬유제품, 넝마","               1,287","               3,068","               8,107","               6,666","              -3,598"
202605,2026,64,"신발류ㆍ각반과 이와 유사한 것, 이들의 부분품","              10,896","               6,305","              26,648","               6,816",                -511
202605,2026,65,모자류와 그 부분품,"               1,577","               1,333","               3,052",                 654,                 679
202605,2026,66,산류(傘類)ㆍ지팡이ㆍ시트스틱(seat-stick)ㆍ채찍ㆍ승마용 채찍과 이들의 부분품,                  31,                 212,                 712,                 910,                -698
202605,2026,67,"조제 깃털ㆍ솜털과 그 제품, 조화, 사람 머리카락으로 된 제품",                 169,                 247,                 980,                 301,                 -53
202605,2026,68,돌ㆍ플라스터(plaster)ㆍ시멘트ㆍ석면ㆍ운모나 이와 유사한 재료의 제품,                 572,"               5,064",                 678,"               4,408",                 656
202605,2026,69,도자제품,                 273,"               1,049","               2,131","               8,750","              -7,701"
202605,2026,70,유리와 유리제품,                 542,"               3,639","               2,381","               6,970","              -3,331"
202605,2026,71,"천연진주ㆍ양식진주ㆍ귀석ㆍ반귀석ㆍ귀금속ㆍ귀금속을 입힌 금속과 이들의 제품, 모조 신변장식용품, 주화",                 980,"             139,661","               5,782","              85,135","              54,526"
202605,2026,72,철강,"               1,722","             279,189",                 411,"              75,818","             203,372"
202605,2026,73,철강의 제품,"               4,432","              30,555","              11,412","              27,295","               3,261"
202605,2026,74,구리와 그 제품,                 759,"              33,221",                 562,"              36,494","              -3,273"
202605,2026,75,니켈과 그 제품,                  79,"               2,432",                 105,"              14,971","             -12,539"
202605,2026,76,알루미늄과 그 제품,                 689,"              35,834","               1,095","              45,725","              -9,891"
202605,2026,78,납과 그 제품,                   4,                  20,                   1,                   0,                  20
202605,2026,79,아연과 그 제품,                  45,"               1,920",                 139,"               2,165",                -245
202605,2026,80,주석과 그 제품,                  61,"               2,891",                  32,"               9,832","              -6,942"
202605,2026,81,"그 밖의 비금속(卑金屬), 서멧(cermet), 이들의 제품",                  95,"              10,709",                 286,"              26,345","             -15,636"
202605,2026,82,"비금속(卑金屬)으로 만든 공구ㆍ도구ㆍ칼붙이ㆍ스푼ㆍ포크, 이들의 부분품","               3,545","              44,167","               4,994","              11,765","              32,401"
202605,2026,83,비금속(卑金屬)으로 만든 각종 제품,                 851,"               7,860","               2,652","              10,817","              -2,956"
202605,2026,84,원자로ㆍ보일러ㆍ기계류와 이들의 부분품,"              17,369","             381,251","              18,234","             306,884","              74,367"
202605,2026,85,"전기기기와 그 부분품, 녹음기ㆍ음성 재생기ㆍ텔레비전의 영상과 음성의 기록기ㆍ재생기와 이들의 부분품ㆍ부속품","              31,942","           1,980,674","              44,552","           1,862,556","             118,117"
202605,2026,86,"철도용이나 궤도용 기관차ㆍ차량과 이들의 부분품, 철도용이나 궤도용 장비품과 그 부분품, 기계식(전기기계식을 포함한다) 각종 교통신호용 기기",                 120,"               9,101",                  39,"               1,144","               7,957"
202605,2026,87,철도용이나 궤도용 외의 차량과 그 부분품ㆍ부속품,"              27,113","             733,062","               4,677","             111,929","             621,133"
202605,2026,88,"항공기와 우주선, 이들의 부분품",                 427,"              16,815",                 573,"              62,448","             -45,633"
202605,2026,89,선박과 수상 구조물,                  84,"               3,765",                  13,                  92,"               3,673"
202605,2026,90,"광학기기ㆍ사진용 기기ㆍ영화용 기기ㆍ측정기기ㆍ검사기기ㆍ정밀기기ㆍ의료용 기기, 이들의 부분품과 부속품","               5,675","             101,334","               9,898","             168,119","             -66,786"
202605,2026,91,시계와 그 부분품,                 159,"               1,046","               1,842","               3,423","              -2,377"
202605,2026,92,악기와 그 부분품과 부속품,                 303,"               3,674",                 446,"               1,291","               2,383"
202605,2026,93,무기ㆍ총포탄과 이들의 부분품과 부속품,                  12,                 125,                  12,                  28,                  97
202605,2026,94,"가구, 침구ㆍ매트리스ㆍ매트리스 서포트(mattress support)ㆍ쿠션과 이와 유사한 물품, 다른 류로 분류되지 않은 조명기구, 조명용 사인ㆍ조명용 네임플레이트(name-plate)와 이와 유사한 물품, 조립식 건축물","               1,353","               8,586","               7,278","              24,247","             -15,661"
202605,2026,95,완구ㆍ게임용구ㆍ운동용구와 이들의 부분품과 부속품,"               3,156","               7,418","              11,310","               7,369",                  49
202605,2026,96,잡품,"               1,721","               2,965","               7,277","               2,791",                 174
202605,2026,97,예술품ㆍ수집품ㆍ골동품,                  16,                 270,                  43,                  95,                 175
202606,총계,,,"             245,067","           5,589,661","             565,561","           5,814,339","            -224,678"
202606,2026,01,살아 있는 동물,                  15,                  16,                 146,                 422,                -406
202606,2026,02,육과 식용 설육(屑肉),                   0,                   0,                 202,"              14,219","             -14,219"
202606,2026,03,어류ㆍ갑각류ㆍ연체동물과 그 밖의 수생(水生) 무척추동물,"               1,632","              11,896","               1,904","              27,982","             -16,086"
202606,2026,04,"낙농품, 새의 알, 천연꿀, 다른 류로 분류되지 않은 식용인 동물성 생산품",                  19,                  77,"               1,476","               1,628","              -1,550"
202606,2026,05,다른 류로 분류되지 않은 동물성 생산품,                   2,                 434,                  30,                 559,                -125
202606,2026,06,"살아 있는 수목과 그 밖의 식물, 인경(鱗莖)ㆍ뿌리와 이와 유사한 물품, 절화(切花)와 장식용 잎",                   1,                  23,                 132,                 868,                -845
202606,2026,07,식용의 채소ㆍ뿌리ㆍ괴경(塊莖),                  62,                  57,                 631,"               4,295","              -4,238"
202606,2026,08,"식용의 과실과 견과류, 감귤류ㆍ멜론의 껍질",                  96,                  18,                 732,"               8,417","              -8,399"
202606,2026,09,커피ㆍ차ㆍ마테(maté)ㆍ향신료,                  63,                 557,"               1,653","              23,378","             -22,821"
202606,2026,10,곡물,                  89,                 100,                 246,"              41,427","             -41,327"
202606,2026,11,"제분공업의 생산품과 맥아, 전분, 이눌린(inulin), 밀의 글루텐(gluten)",                  37,                 297,                 299,                 501,                -204
202606,2026,12,"채유(採油)에 적합한 종자와 과실, 각종 종자와 과실, 공업용ㆍ의약용 식물, 짚과 사료용 식물",                  53,                 511,"               1,335","              45,787","             -45,277"
202606,2026,13,"락(lac), 검ㆍ수지ㆍ그 밖의 식물성 수액과 추출물(extract)",                  87,                 352,                 123,                 487,                -135
202606,2026,14,식물성 편조물(編組物)용 재료와 다른 류로 분류되지 않은 식물성 생산품,                   4,                  53,                  14,                  23,                  30
202606,2026,15,"동물성ㆍ식물성ㆍ미생물성 지방과 기름 및이들의 분해생산물, 조제한 식용 지방과 동물성ㆍ식물성 왁스",                 211,"               5,028",                 845,"              19,238","             -14,211"
202606,2026,16,육류ㆍ어류ㆍ갑각류ㆍ연체동물이나 그 밖의 수생(水生) 무척추동물 또는 곤충의 조제품,                 189,"               3,820","               1,114","               6,641","              -2,821"
202606,2026,17,당류(糖類)와 설탕과자,                 475,"               5,225","               9,171","              47,381","             -42,156"
202606,2026,18,코코아와 그 조제품,                  51,                 211,"               2,425",                 451,                -240
202606,2026,19,곡물ㆍ고운 가루ㆍ전분ㆍ밀크의 조제품과 베이커리 제품,                 844,"               5,544","              23,843","               2,652","               2,893"
202606,2026,20,채소ㆍ과실ㆍ견과류나 식물의그 밖의 부분의 조제품,                 484,"               1,096","               8,653","              10,353","              -9,257"
202606,2026,21,각종 조제 식료품,"               4,931","               8,365","             105,843","               8,176",                 190
202606,2026,22,음료ㆍ주류ㆍ식초,"               2,270","               1,334","               5,619","               5,655","              -4,321"
202606,2026,23,"식품 공업에서 생기는 잔재물과 웨이스트(waste), 조제 사료",                  17,"               1,256",                 549,"               9,323","              -8,067"
202606,2026,24,"담배와 제조한 담배 대용물, 연소시키지 않고흡입하도록 만들어진 물품(니코틴을 함유하였는지에 상관없다), 니코틴을 함유한 그 밖의 물품으로 인체 내에 니코틴을 흡수시키도록 만들어진 것",                 160,                 272,                  46,                 472,                -200
202606,2026,25,"소금, 황, 토석류(土石類), 석고ㆍ석회ㆍ시멘트",                 142,                 471,                 354,"               5,395","              -4,923"
202606,2026,26,광(鑛)ㆍ슬래그(slag)ㆍ회(灰),                   7,                   5,                  44,"             137,525","            -137,521"
202606,2026,27,"광물성 연료ㆍ광물유(鑛物油)와 이들의 증류물, 역청(瀝靑)물질, 광물성 왁스",                 133,"              37,599",                 216,"           1,232,808","          -1,195,209"
202606,2026,28,"무기화학품, 귀금속ㆍ희토류(稀土類)금속ㆍ방사성원소ㆍ동위원소의 유기화합물이나 무기화합물","               1,395","              26,634","               1,797","              10,791","              15,843"
202606,2026,29,유기화학품,"               2,792","             135,685","               4,195","              33,405","             102,280"
202606,2026,30,의료용품,"               2,833","             896,581","               5,787","             133,504","             763,077"
202606,2026,31,비료,                  41,                 130,                  77,"               5,146","              -5,016"
202606,2026,32,"유연용ㆍ염색용 추출물(extract), 탄닌과 이들의 유도체, 염료ㆍ안료와 그 밖의 착색제, 페인트ㆍ바니시(varnish), 퍼티(putty)와 그 밖의 매스틱(mastic), 잉크","               1,262","              19,535",                 715,"              14,852","               4,684"
202606,2026,33,"정유(essential oil)와 레지노이드(resinoid), 조제향료와 화장품ㆍ화장용품","              42,222","             199,801","              27,197","               2,570","             197,231"
202606,2026,34,비누ㆍ유기계면활성제ㆍ조제 세제ㆍ조제 윤활제ㆍ인조 왁스ㆍ조제 왁스ㆍ광택용이나 연마용 조제품ㆍ양초와 이와 유사한 물품ㆍ조형용 페이스트(paste)ㆍ치과용 왁스와 플라스터(plaster)를 기본 재료로 한 치과용 조제품,"               3,407","              15,903","               7,081","               5,120","              10,782"
202606,2026,35,"단백질계 물질, 변성전분, 글루(glue), 효소",                 840,"              16,906",                 585,"               2,881","              14,024"
202606,2026,36,"화약류, 화공품, 성냥, 발화성 합금, 특정 가연성 조제품",                   3,                   2,                   7,                 245,                -242
202606,2026,37,사진용이나 영화용 재료,                 171,"              10,666",                 149,"               3,910","               6,757"
202606,2026,38,각종 화학공업 생산품,                 950,"              13,657","               2,343","              34,919","             -21,262"
202606,2026,39,플라스틱과 그 제품,"              14,496","              95,407","              41,359","             130,943","             -35,536"
202606,2026,40,고무와 그 제품,"               2,259","              13,264","               3,040","               8,684","               4,580"
202606,2026,41,원피(모피는 제외한다)와 가죽,                  35,                 362,                  15,                 180,                 183
202606,2026,42,"가죽제품, 마구, 여행용구ㆍ핸드백과 이와 유사한 용기, 동물 거트(gut)[누에의 거트(gut)는 제외한다]의 제품","               4,108","              19,395","              18,846","               6,691","              12,704"
202606,2026,43,모피ㆍ인조모피와 이들의 제품,                   6,                   1,                   3,                  44,                 -43
202606,2026,44,"목재와 그 제품, 목탄",                 247,                 944,"               2,735","              60,395","             -59,451"
202606,2026,45,코르크(cork)와 그 제품,                   0,                   0,                   6,                  23,                 -23
202606,2026,46,"짚ㆍ에스파르토(esparto)나 그 밖의 조물 재료의 제품, 바구니 세공물(basketware)과 지조세공물(枝條細工物)",                   9,                   3,                 140,                  44,                 -41
202606,2026,47,"목재나 그 밖의 섬유질 셀룰로오스재료의 펄프, 회수한 종이ㆍ판지[웨이스트(waste)와 스크랩(scrap)]",                  51,"               1,073",                   6,                 399,                 673
202606,2026,48,"종이와 판지, 제지용 펄프ㆍ종이ㆍ판지의 제품","               2,181","               4,725","               4,421","               8,970","              -4,246"
202606,2026,49,"인쇄서적ㆍ신문ㆍ회화ㆍ그 밖의 인쇄물, 수제(手製)문서ㆍ타자문서ㆍ도면","               5,416","               2,308","               2,698",                 584,"               1,724"
202606,2026,50,견,                   5,                  13,                   7,                   0,                  13
202606,2026,51,양모ㆍ동물의 부드러운 털이나 거친 털ㆍ말의 털로 만든 실과 직물,                  50,                 305,                  48,                 211,                  93
202606,2026,52,면,                 290,"               2,668",                 130,                 266,"               2,402"
202606,2026,53,"그 밖의 식물성 방직용 섬유, 종이실(paper yarn)과 종이실로 만든 직물",                  26,                  13,                  11,                  11,                   2
202606,2026,54,"인조필라멘트, 인조방직용 섬유재료의 스트립(strip)과 이와 유사한 것",                 512,"               3,854",                 145,                 431,"               3,423"
202606,2026,55,인조스테이플섬유,                 232,"               1,946",                 121,                 507,"               1,439"
202606,2026,56,"워딩(wadding)ㆍ펠트(felt)ㆍ부직포, 특수사, 끈ㆍ배의 밧줄(cordage)ㆍ로프ㆍ케이블과 이들의 제품",                 374,"               2,932","               1,039","               2,293",                 640
202606,2026,57,양탄자류와 그 밖의 방직용 섬유로 만든 바닥깔개,                  75,                  12,                 743,                 283,                -270
202606,2026,58,"특수직물, 터프트(tuft)한 직물, 레이스, 태피스트리(tapestry), 트리밍(trimming), 자수천",                 218,                 636,                 408,                 147,                 489
202606,2026,59,"침투ㆍ도포ㆍ피복하거나 적층한 방직용 섬유의 직물, 공업용인 방직용 섬유제품",                 399,"               5,220",                 276,"               1,039","               4,181"
202606,2026,60,메리야스 편물과 뜨개질 편물,                 419,"               2,239",                  58,                 148,"               2,091"
202606,2026,61,의류와 그 부속품(메리야스 편물이나 뜨개질 편물로 한정한다),"               7,029","              16,023","              24,844","               7,007","               9,016"
202606,2026,62,의류와 그 부속품(메리야스 편물이나 뜨개질편물은 제외한다),"               5,290","              22,509","              35,350","              13,424","               9,086"
202606,2026,63,"제품으로 된 방직용 섬유의 그 밖의 물품, 세트, 사용하던 의류ㆍ방직용 섬유제품, 넝마","               1,516","               3,081","              10,611","               6,289","              -3,208"
202606,2026,64,"신발류ㆍ각반과 이와 유사한 것, 이들의 부분품","               6,826","               5,063","              28,500","               6,549","              -1,486"
202606,2026,65,모자류와 그 부분품,"               1,075","               2,094","               3,929",                 710,"               1,384"
202606,2026,66,산류(傘類)ㆍ지팡이ㆍ시트스틱(seat-stick)ㆍ채찍ㆍ승마용 채찍과 이들의 부분품,                  43,                 175,                 986,"               1,043",                -868
202606,2026,67,"조제 깃털ㆍ솜털과 그 제품, 조화, 사람 머리카락으로 된 제품",                 282,                 276,"               1,375",                 352,                 -76
202606,2026,68,돌ㆍ플라스터(plaster)ㆍ시멘트ㆍ석면ㆍ운모나 이와 유사한 재료의 제품,                 687,"               6,135",                 790,"               5,082","               1,053"
202606,2026,69,도자제품,                 311,"               1,064","               2,206","              10,186","              -9,122"
202606,2026,70,유리와 유리제품,                 581,"               2,646","               3,137","               7,499","              -4,854"
202606,2026,71,"천연진주ㆍ양식진주ㆍ귀석ㆍ반귀석ㆍ귀금속ㆍ귀금속을 입힌 금속과 이들의 제품, 모조 신변장식용품, 주화","               1,380","             112,092","               8,883","              69,899","              42,193"
202606,2026,72,철강,"               1,826","             290,454",                 570,"              93,796","             196,658"
202606,2026,73,철강의 제품,"               4,836","              31,410","              14,324","              27,447","               3,962"
202606,2026,74,구리와 그 제품,                 875,"              37,374",                 609,"              40,292","              -2,919"
202606,2026,75,니켈과 그 제품,                  70,"               2,095",                 108,"              15,783","             -13,688"
202606,2026,76,알루미늄과 그 제품,                 807,"              39,142","               1,230","              39,687",                -546
202606,2026,78,납과 그 제품,                   7,                 139,                   2,                   0,                 139
202606,2026,79,아연과 그 제품,                  66,"               4,430",                 198,"               2,641","               1,789"
202606,2026,80,주석과 그 제품,                  51,                 977,                  16,"               4,873","              -3,896"
202606,2026,81,"그 밖의 비금속(卑金屬), 서멧(cermet), 이들의 제품",                  94,"              21,807",                 316,"              61,513","             -39,706"
202606,2026,82,"비금속(卑金屬)으로 만든 공구ㆍ도구ㆍ칼붙이ㆍ스푼ㆍ포크, 이들의 부분품","               3,753","              42,834","               6,274","              14,033","              28,801"
202606,2026,83,비금속(卑金屬)으로 만든 각종 제품,                 914,"               9,813","               3,439","              10,951","              -1,138"
202606,2026,84,원자로ㆍ보일러ㆍ기계류와 이들의 부분품,"              19,149","             436,165","              21,156","             329,930","             106,236"
202606,2026,85,"전기기기와 그 부분품, 녹음기ㆍ음성 재생기ㆍ텔레비전의 영상과 음성의 기록기ㆍ재생기와 이들의 부분품ㆍ부속품","              35,864","           1,876,164","              51,145","           2,529,147","            -652,983"
202606,2026,86,"철도용이나 궤도용 기관차ㆍ차량과 이들의 부분품, 철도용이나 궤도용 장비품과 그 부분품, 기계식(전기기계식을 포함한다) 각종 교통신호용 기기",                 127,"               7,400",                  72,"               2,443","               4,957"
202606,2026,87,철도용이나 궤도용 외의 차량과 그 부분품ㆍ부속품,"              33,036","             856,765","               5,885","             116,118","             740,647"
202606,2026,88,"항공기와 우주선, 이들의 부분품",                 378,"              12,643",                 498,"              38,458","             -25,815"
202606,2026,89,선박과 수상 구조물,                  28,"              42,137",                  12,                  69,"              42,068"
202606,2026,90,"광학기기ㆍ사진용 기기ㆍ영화용 기기ㆍ측정기기ㆍ검사기기ㆍ정밀기기ㆍ의료용 기기, 이들의 부분품과 부속품","               6,283","              98,058","              11,781","             187,475","             -89,418"
202606,2026,91,시계와 그 부분품,                 266,                 870,"               1,983","               5,519","              -4,649"
202606,2026,92,악기와 그 부분품과 부속품,                 383,"               4,007",                 513,"               1,351","               2,656"
202606,2026,93,무기ㆍ총포탄과 이들의 부분품과 부속품,                   4,                 403,                  14,                  16,                 387
202606,2026,94,"가구, 침구ㆍ매트리스ㆍ매트리스 서포트(mattress support)ㆍ쿠션과 이와 유사한 물품, 다른 류로 분류되지 않은 조명기구, 조명용 사인ㆍ조명용 네임플레이트(name-plate)와 이와 유사한 물품, 조립식 건축물","               1,649","               8,471","               8,142","              27,838","             -19,367"
202606,2026,95,완구ㆍ게임용구ㆍ운동용구와 이들의 부분품과 부속품,"               4,282","              13,558","              13,527","               8,192","               5,367"
202606,2026,96,잡품,"               5,863","               2,981","               9,268","               2,981",                   0
202606,2026,97,예술품ㆍ수집품ㆍ골동품,                  38,                 968,                  35,                  48,                 921
202607,총계,,,"             238,289","           5,507,396","             599,480","           6,243,899","            -736,503"
202607,2026,01,살아 있는 동물,                  11,                  18,                 139,                 565,                -547
202607,2026,02,육과 식용 설육(屑肉),                   0,                   0,                 146,"              10,119","             -10,119"
202607,2026,03,어류ㆍ갑각류ㆍ연체동물과 그 밖의 수생(水生) 무척추동물,"               1,380","               9,788","               1,881","              29,583","             -19,795"
202607,2026,04,"낙농품, 새의 알, 천연꿀, 다른 류로 분류되지 않은 식용인 동물성 생산품",                  16,                  15,                 961,"               1,365","              -1,350"
202607,2026,05,다른 류로 분류되지 않은 동물성 생산품,                   1,                   4,                  26,                 592,                -589
202607,2026,06,"살아 있는 수목과 그 밖의 식물, 인경(鱗莖)ㆍ뿌리와 이와 유사한 물품, 절화(切花)와 장식용 잎",                   2,                   0,                 130,                 871,                -871
202607,2026,07,식용의 채소ㆍ뿌리ㆍ괴경(塊莖),                  56,                  50,                 609,"               3,889","              -3,839"
202607,2026,08,"식용의 과실과 견과류, 감귤류ㆍ멜론의 껍질",                  80,                  15,                 513,"               4,041","              -4,026"
202607,2026,09,커피ㆍ차ㆍ마테(maté)ㆍ향신료,                  59,                 521,"               1,831","              19,566","             -19,046"
202607,2026,10,곡물,                  24,                  29,                 161,"              33,198","             -33,168"
202607,2026,11,"제분공업의 생산품과 맥아, 전분, 이눌린(inulin), 밀의 글루텐(gluten)",                  37,                 181,                 337,                 440,                -259
202607,2026,12,"채유(採油)에 적합한 종자와 과실, 각종 종자와 과실, 공업용ㆍ의약용 식물, 짚과 사료용 식물",                  40,                 431,"               1,128","              39,805","             -39,374"
202607,2026,13,"락(lac), 검ㆍ수지ㆍ그 밖의 식물성 수액과 추출물(extract)",                  89,                 249,                 133,                 367,                -118
202607,2026,14,식물성 편조물(編組物)용 재료와 다른 류로 분류되지 않은 식물성 생산품,                   3,                  15,                  14,                  26,                 -11
202607,2026,15,"동물성ㆍ식물성ㆍ미생물성 지방과 기름 및이들의 분해생산물, 조제한 식용 지방과 동물성ㆍ식물성 왁스",                 217,"               1,197",                 815,"              28,022","             -26,826"
202607,2026,16,육류ㆍ어류ㆍ갑각류ㆍ연체동물이나 그 밖의 수생(水生) 무척추동물 또는 곤충의 조제품,                 175,"               1,789","               1,129","               6,448","              -4,658"
202607,2026,17,당류(糖類)와 설탕과자,                 481,"               7,739","               9,359","              33,233","             -25,494"
202607,2026,18,코코아와 그 조제품,                  36,                 298,"               2,260",                 651,                -353
202607,2026,19,곡물ㆍ고운 가루ㆍ전분ㆍ밀크의 조제품과 베이커리 제품,                 881,"               5,268","              24,487","               2,483","               2,784"
202607,2026,20,채소ㆍ과실ㆍ견과류나 식물의그 밖의 부분의 조제품,                 497,"               1,501","               8,711","              10,230","              -8,729"
202607,2026,21,각종 조제 식료품,"               4,064","               8,974","             107,834","               8,436",                 539
202607,2026,22,음료ㆍ주류ㆍ식초,                 290,"               1,340","               6,149","               3,499","              -2,159"
202607,2026,23,"식품 공업에서 생기는 잔재물과 웨이스트(waste), 조제 사료",                  32,"               1,174",                 548,"              11,876","             -10,702"
202607,2026,24,"담배와 제조한 담배 대용물, 연소시키지 않고흡입하도록 만들어진 물품(니코틴을 함유하였는지에 상관없다), 니코틴을 함유한 그 밖의 물품으로 인체 내에 니코틴을 흡수시키도록 만들어진 것",                 198,                 286,                  66,"               1,231",                -945
202607,2026,25,"소금, 황, 토석류(土石類), 석고ㆍ석회ㆍ시멘트",                 136,                 479,                 395,"               1,073",                -594
202607,2026,26,광(鑛)ㆍ슬래그(slag)ㆍ회(灰),                   5,"               1,207",                  31,"             203,934","            -202,728"
202607,2026,27,"광물성 연료ㆍ광물유(鑛物油)와 이들의 증류물, 역청(瀝靑)물질, 광물성 왁스",                 160,"               1,992",                 227,"           1,619,855","          -1,617,863"
202607,2026,28,"무기화학품, 귀금속ㆍ희토류(稀土類)금속ㆍ방사성원소ㆍ동위원소의 유기화합물이나 무기화합물","               1,366","              30,903","               1,595","               8,082","              22,822"
202607,2026,29,유기화학품,"               2,792","             106,875","               3,478","              31,443","              75,432"
202607,2026,30,의료용품,"               2,723","             585,973","               5,810","             193,315","             392,658"
202607,2026,31,비료,                  41,                 779,                  74,"               1,297",                -518
202607,2026,32,"유연용ㆍ염색용 추출물(extract), 탄닌과 이들의 유도체, 염료ㆍ안료와 그 밖의 착색제, 페인트ㆍ바니시(varnish), 퍼티(putty)와 그 밖의 매스틱(mastic), 잉크","               1,142","              20,760",                 888,"              14,201","               6,559"
202607,2026,33,"정유(essential oil)와 레지노이드(resinoid), 조제향료와 화장품ㆍ화장용품","              31,287","             225,596","              31,175","               3,636","             221,960"
202607,2026,34,비누ㆍ유기계면활성제ㆍ조제 세제ㆍ조제 윤활제ㆍ인조 왁스ㆍ조제 왁스ㆍ광택용이나 연마용 조제품ㆍ양초와 이와 유사한 물품ㆍ조형용 페이스트(paste)ㆍ치과용 왁스와 플라스터(plaster)를 기본 재료로 한 치과용 조제품,"               2,972","              20,401","               7,792","               4,226","              16,175"
202607,2026,35,"단백질계 물질, 변성전분, 글루(glue), 효소",                 871,"              17,182",                 602,"               2,799","              14,383"
202607,2026,36,"화약류, 화공품, 성냥, 발화성 합금, 특정 가연성 조제품",                   1,                   0,                  11,                  76,                 -76
202607,2026,37,사진용이나 영화용 재료,                 171,"              15,335",                 144,"               4,154","              11,181"
202607,2026,38,각종 화학공업 생산품,"               1,060","              17,353","               2,222","              34,705","             -17,351"
202607,2026,39,플라스틱과 그 제품,"              16,667","             112,822","              48,449","              74,710","              38,112"
202607,2026,40,고무와 그 제품,"               2,695","              16,851","               3,441","               8,007","               8,843"
202607,2026,41,원피(모피는 제외한다)와 가죽,                  48,                 315,                  29,                 272,                  43
202607,2026,42,"가죽제품, 마구, 여행용구ㆍ핸드백과 이와 유사한 용기, 동물 거트(gut)[누에의 거트(gut)는 제외한다]의 제품","               4,500","              21,446","              20,169","               6,664","              14,782"
202607,2026,43,모피ㆍ인조모피와 이들의 제품,                   5,                  11,                   7,                  31,                 -20
202607,2026,44,"목재와 그 제품, 목탄",                 218,                 704,"               2,528","              51,674","             -50,971"
202607,2026,45,코르크(cork)와 그 제품,                   2,                   0,                   6,                   1,                  -1
202607,2026,46,"짚ㆍ에스파르토(esparto)나 그 밖의 조물 재료의 제품, 바구니 세공물(basketware)과 지조세공물(枝條細工物)",                  10,                   2,                 132,                  28,                 -27
202607,2026,47,"목재나 그 밖의 섬유질 셀룰로오스재료의 펄프, 회수한 종이ㆍ판지[웨이스트(waste)와 스크랩(scrap)]",                  70,                 844,                   1,                  19,                 825
202607,2026,48,"종이와 판지, 제지용 펄프ㆍ종이ㆍ판지의 제품","               2,149","               4,907","               4,863","               7,348","              -2,441"
202607,2026,49,"인쇄서적ㆍ신문ㆍ회화ㆍ그 밖의 인쇄물, 수제(手製)문서ㆍ타자문서ㆍ도면","               5,895","               3,743","               3,163",                 732,"               3,011"
202607,2026,50,견,                  10,                   9,                   1,                   0,                   9
202607,2026,51,양모ㆍ동물의 부드러운 털이나 거친 털ㆍ말의 털로 만든 실과 직물,                  44,                 312,                  42,                 171,                 141
202607,2026,52,면,                 273,"               3,005",                 122,                  28,"               2,977"
202607,2026,53,"그 밖의 식물성 방직용 섬유, 종이실(paper yarn)과 종이실로 만든 직물",                  36,                  27,                  11,                  28,                  -1
202607,2026,54,"인조필라멘트, 인조방직용 섬유재료의 스트립(strip)과 이와 유사한 것",                 512,"               3,629",                 192,                 269,"               3,360"
202607,2026,55,인조스테이플섬유,                 228,"               2,044",                 120,                 385,"               1,660"
202607,2026,56,"워딩(wadding)ㆍ펠트(felt)ㆍ부직포, 특수사, 끈ㆍ배의 밧줄(cordage)ㆍ로프ㆍ케이블과 이들의 제품",                 337,"               3,651","               1,185","               2,325","               1,326"
202607,2026,57,양탄자류와 그 밖의 방직용 섬유로 만든 바닥깔개,                  92,                  22,                 944,                 294,                -272
202607,2026,58,"특수직물, 터프트(tuft)한 직물, 레이스, 태피스트리(tapestry), 트리밍(trimming), 자수천",                 261,"               1,093",                 587,                 194,                 898
202607,2026,59,"침투ㆍ도포ㆍ피복하거나 적층한 방직용 섬유의 직물, 공업용인 방직용 섬유제품",                 454,"               4,335",                 272,"               1,069","               3,266"
202607,2026,60,메리야스 편물과 뜨개질 편물,                 392,"               2,385",                  58,                 128,"               2,257"
202607,2026,61,의류와 그 부속품(메리야스 편물이나 뜨개질 편물로 한정한다),"               6,978","              10,326","              23,646","               5,524","               4,802"
202607,2026,62,의류와 그 부속품(메리야스 편물이나 뜨개질편물은 제외한다),"               5,544","              12,362","              32,071","              12,201",                 161
202607,2026,63,"제품으로 된 방직용 섬유의 그 밖의 물품, 세트, 사용하던 의류ㆍ방직용 섬유제품, 넝마","               1,706","               3,184","              12,411","               6,163","              -2,979"
202607,2026,64,"신발류ㆍ각반과 이와 유사한 것, 이들의 부분품","               6,048","               6,578","              38,719","               5,417","               1,161"
202607,2026,65,모자류와 그 부분품,                 866,"               1,623","               4,211",                 641,                 982
202607,2026,66,산류(傘類)ㆍ지팡이ㆍ시트스틱(seat-stick)ㆍ채찍ㆍ승마용 채찍과 이들의 부분품,                  49,                 385,                 846,                 608,                -224
202607,2026,67,"조제 깃털ㆍ솜털과 그 제품, 조화, 사람 머리카락으로 된 제품",                 229,                 322,"               1,573",                 320,                   2
202607,2026,68,돌ㆍ플라스터(plaster)ㆍ시멘트ㆍ석면ㆍ운모나 이와 유사한 재료의 제품,                 688,"               5,751",                 813,"               4,933",                 818
202607,2026,69,도자제품,                 359,"               1,133","               2,480","               7,859","              -6,726"
202607,2026,70,유리와 유리제품,                 783,"               4,142","               3,622","               7,057","              -2,915"
202607,2026,71,"천연진주ㆍ양식진주ㆍ귀석ㆍ반귀석ㆍ귀금속ㆍ귀금속을 입힌 금속과 이들의 제품, 모조 신변장식용품, 주화","               1,436","              83,010","               9,322","              61,299","              21,710"
202607,2026,72,철강,"               2,009","             292,559",                 404,"              80,190","             212,368"
202607,2026,73,철강의 제품,"               5,211","              39,952","              15,558","              24,562","              15,390"
202607,2026,74,구리와 그 제품,                 893,"              43,568",                 573,"              33,024","              10,544"
202607,2026,75,니켈과 그 제품,                  73,"               2,886",                 113,"              13,724","             -10,838"
202607,2026,76,알루미늄과 그 제품,                 763,"              31,566","               1,495","              37,881","              -6,316"
202607,2026,78,납과 그 제품,                   7,                  25,                   3,                   0,                  25
202607,2026,79,아연과 그 제품,                  76,"               3,875",                 207,"               6,931","              -3,056"
202607,2026,80,주석과 그 제품,                  53,                 421,                  24,"              10,630","             -10,208"
202607,2026,81,"그 밖의 비금속(卑金屬), 서멧(cermet), 이들의 제품",                 100,"              34,902",                 322,"              43,068","              -8,165"
202607,2026,82,"비금속(卑金屬)으로 만든 공구ㆍ도구ㆍ칼붙이ㆍ스푼ㆍ포크, 이들의 부분품","               4,008","              40,620","               7,607","              15,626","              24,994"
202607,2026,83,비금속(卑金屬)으로 만든 각종 제품,"               1,076","              10,149","               3,786","              11,370","              -1,221"
202607,2026,84,원자로ㆍ보일러ㆍ기계류와 이들의 부분품,"              21,181","             395,927","              20,565","             349,723","              46,204"
202607,2026,85,"전기기기와 그 부분품, 녹음기ㆍ음성 재생기ㆍ텔레비전의 영상과 음성의 기록기ㆍ재생기와 이들의 부분품ㆍ부속품","              39,411","           2,113,766","              51,010","           2,486,559","            -372,793"
202607,2026,86,"철도용이나 궤도용 기관차ㆍ차량과 이들의 부분품, 철도용이나 궤도용 장비품과 그 부분품, 기계식(전기기계식을 포함한다) 각종 교통신호용 기기",                 137,"              11,071",                  44,"               1,487","               9,584"
202607,2026,87,철도용이나 궤도용 외의 차량과 그 부분품ㆍ부속품,"              33,274","             784,157","               5,641","             113,126","             671,031"
202607,2026,88,"항공기와 우주선, 이들의 부분품",                 373,"              14,123",                 623,"             141,338","            -127,215"
202607,2026,89,선박과 수상 구조물,                  28,"             146,046",                  12,                  49,"             145,997"
202607,2026,90,"광학기기ㆍ사진용 기기ㆍ영화용 기기ㆍ측정기기ㆍ검사기기ㆍ정밀기기ㆍ의료용 기기, 이들의 부분품과 부속품","               6,916","             117,506","              12,002","             194,058","             -76,552"
202607,2026,91,시계와 그 부분품,                 215,"               2,084","               2,146","               4,760","              -2,676"
202607,2026,92,악기와 그 부분품과 부속품,                 377,"               4,673",                 554,                 999,"               3,674"
202607,2026,93,무기ㆍ총포탄과 이들의 부분품과 부속품,                   1,                   2,                  14,                   4,                  -3
202607,2026,94,"가구, 침구ㆍ매트리스ㆍ매트리스 서포트(mattress support)ㆍ쿠션과 이와 유사한 물품, 다른 류로 분류되지 않은 조명기구, 조명용 사인ㆍ조명용 네임플레이트(name-plate)와 이와 유사한 물품, 조립식 건축물","               2,334","               7,560","               8,835","              23,899","             -16,339"
202607,2026,95,완구ㆍ게임용구ㆍ운동용구와 이들의 부분품과 부속품,"               4,293","               9,820","              16,472","               8,136","               1,684"
202607,2026,96,잡품,"               2,466","               2,811","              11,583","               2,713",                  98
202607,2026,97,예술품ㆍ수집품ㆍ골동품,                  34,                 638,                  40,                 307,                 330
202608,총계,,,"             190,625","           5,149,385","             577,622","           5,909,931","            -760,546"
202608,2026,01,살아 있는 동물,                   9,                  16,                 162,                 386,                -370
202608,2026,02,육과 식용 설육(屑肉),                   0,                   0,                 179,"              11,472","             -11,472"
202608,2026,03,어류ㆍ갑각류ㆍ연체동물과 그 밖의 수생(水生) 무척추동물,"               1,040","               9,726","               1,799","              34,394","             -24,667"
202608,2026,04,"낙농품, 새의 알, 천연꿀, 다른 류로 분류되지 않은 식용인 동물성 생산품",                  18,                  35,                 750,"               1,737","              -1,701"
202608,2026,05,다른 류로 분류되지 않은 동물성 생산품,                   1,                   8,                  26,                 477,                -470
202608,2026,06,"살아 있는 수목과 그 밖의 식물, 인경(鱗莖)ㆍ뿌리와 이와 유사한 물품, 절화(切花)와 장식용 잎",                   0,                   0,                 164,                 877,                -877
202608,2026,07,식용의 채소ㆍ뿌리ㆍ괴경(塊莖),                  38,                  44,                 773,"               4,489","              -4,444"
202608,2026,08,"식용의 과실과 견과류, 감귤류ㆍ멜론의 껍질",                  56,                 125,                 645,"               2,988","              -2,864"
202608,2026,09,커피ㆍ차ㆍ마테(maté)ㆍ향신료,                  51,                 441,"               1,812","              23,905","             -23,464"
202608,2026,10,곡물,                  52,                  70,                 161,"              50,370","             -50,300"
202608,2026,11,"제분공업의 생산품과 맥아, 전분, 이눌린(inulin), 밀의 글루텐(gluten)",                  40,                 245,                 354,                 402,                -157
202608,2026,12,"채유(採油)에 적합한 종자와 과실, 각종 종자와 과실, 공업용ㆍ의약용 식물, 짚과 사료용 식물",                  37,                 107,"               1,084","              36,450","             -36,343"
202608,2026,13,"락(lac), 검ㆍ수지ㆍ그 밖의 식물성 수액과 추출물(extract)",                 106,                 212,                 152,                 540,                -328
202608,2026,14,식물성 편조물(編組物)용 재료와 다른 류로 분류되지 않은 식물성 생산품,                   5,                  28,                  13,                   9,                  19
202608,2026,15,"동물성ㆍ식물성ㆍ미생물성 지방과 기름 및이들의 분해생산물, 조제한 식용 지방과 동물성ㆍ식물성 왁스",                 175,                 961,                 906,"              12,814","             -11,853"
202608,2026,16,육류ㆍ어류ㆍ갑각류ㆍ연체동물이나 그 밖의 수생(水生) 무척추동물 또는 곤충의 조제품,                 145,"               1,433","               1,108","               5,784","              -4,351"
202608,2026,17,당류(糖類)와 설탕과자,                 435,"               7,695","               9,704","              33,018","             -25,323"
202608,2026,18,코코아와 그 조제품,                  39,                 164,"               2,267",                 775,                -611
202608,2026,19,곡물ㆍ고운 가루ㆍ전분ㆍ밀크의 조제품과 베이커리 제품,                 726,"               5,047","              23,915","               2,973","               2,074"
202608,2026,20,채소ㆍ과실ㆍ견과류나 식물의그 밖의 부분의 조제품,                 527,"               1,323","               7,408","               9,855","              -8,532"
202608,2026,21,각종 조제 식료품,"               4,030","               7,622","             110,586","               9,364","              -1,742"
202608,2026,22,음료ㆍ주류ㆍ식초,                 245,"               1,141","               6,518","               5,243","              -4,103"
202608,2026,23,"식품 공업에서 생기는 잔재물과 웨이스트(waste), 조제 사료",                  26,"               2,088",                 586,"               6,520","              -4,432"
202608,2026,24,"담배와 제조한 담배 대용물, 연소시키지 않고흡입하도록 만들어진 물품(니코틴을 함유하였는지에 상관없다), 니코틴을 함유한 그 밖의 물품으로 인체 내에 니코틴을 흡수시키도록 만들어진 것",                 118,                 179,                  63,                 837,                -658
202608,2026,25,"소금, 황, 토석류(土石類), 석고ㆍ석회ㆍ시멘트",                 130,                 515,                 389,"               1,749","              -1,234"
202608,2026,26,광(鑛)ㆍ슬래그(slag)ㆍ회(灰),                  11,"               1,172",                  32,"             146,092","            -144,920"
202608,2026,27,"광물성 연료ㆍ광물유(鑛物油)와 이들의 증류물, 역청(瀝靑)물질, 광물성 왁스",                 104,"              39,073",                 181,"           1,396,068","          -1,356,995"
202608,2026,28,"무기화학품, 귀금속ㆍ희토류(稀土類)금속ㆍ방사성원소ㆍ동위원소의 유기화합물이나 무기화합물","               1,268","              22,025","               2,242","              10,118","              11,907"
202608,2026,29,유기화학품,"               2,472","             120,404","               5,079","              31,202","              89,202"
202608,2026,30,의료용품,"               2,261","             592,876","               5,504","             122,065","             470,811"
202608,2026,31,비료,                  33,                 151,                  84,"               2,998","              -2,847"
202608,2026,32,"유연용ㆍ염색용 추출물(extract), 탄닌과 이들의 유도체, 염료ㆍ안료와 그 밖의 착색제, 페인트ㆍ바니시(varnish), 퍼티(putty)와 그 밖의 매스틱(mastic), 잉크","               1,215","              20,477",                 644,"              13,074","               7,404"
202608,2026,33,"정유(essential oil)와 레지노이드(resinoid), 조제향료와 화장품ㆍ화장용품","              26,901","             177,809","              32,520","               3,074","             174,736"
202608,2026,34,비누ㆍ유기계면활성제ㆍ조제 세제ㆍ조제 윤활제ㆍ인조 왁스ㆍ조제 왁스ㆍ광택용이나 연마용 조제품ㆍ양초와 이와 유사한 물품ㆍ조형용 페이스트(paste)ㆍ치과용 왁스와 플라스터(plaster)를 기본 재료로 한 치과용 조제품,"               2,661","              19,629","              10,048","               4,250","              15,379"
202608,2026,35,"단백질계 물질, 변성전분, 글루(glue), 효소",                 771,"              17,196",                 833,"               2,820","              14,376"
202608,2026,36,"화약류, 화공품, 성냥, 발화성 합금, 특정 가연성 조제품",                   1,                   1,                   5,                   0,                   1
202608,2026,37,사진용이나 영화용 재료,                 173,"              15,300",                 107,"               2,667","              12,633"
202608,2026,38,각종 화학공업 생산품,                 952,"              17,771","               1,550","              35,312","             -17,540"
202608,2026,39,플라스틱과 그 제품,"              13,167","              81,130","              43,813","              60,625","              20,505"
202608,2026,40,고무와 그 제품,"               1,976","              14,274","               2,928","               6,255","               8,018"
202608,2026,41,원피(모피는 제외한다)와 가죽,                  36,                 267,                  35,                 152,                 115
202608,2026,42,"가죽제품, 마구, 여행용구ㆍ핸드백과 이와 유사한 용기, 동물 거트(gut)[누에의 거트(gut)는 제외한다]의 제품","               3,610","              11,456","              18,725","               6,305","               5,151"
202608,2026,43,모피ㆍ인조모피와 이들의 제품,                   3,                  90,                  17,                 262,                -172
202608,2026,44,"목재와 그 제품, 목탄",                 247,                 835,"               2,431","              49,647","             -48,812"
202608,2026,45,코르크(cork)와 그 제품,                   3,                   0,                  14,                   7,                  -7
202608,2026,46,"짚ㆍ에스파르토(esparto)나 그 밖의 조물 재료의 제품, 바구니 세공물(basketware)과 지조세공물(枝條細工物)",                  11,                   4,                  96,                  18,                 -14
202608,2026,47,"목재나 그 밖의 섬유질 셀룰로오스재료의 펄프, 회수한 종이ㆍ판지[웨이스트(waste)와 스크랩(scrap)]",                  40,                 491,                   8,                 123,                 368
202608,2026,48,"종이와 판지, 제지용 펄프ㆍ종이ㆍ판지의 제품","               1,530","               4,634","               4,884","               6,589","              -1,955"
202608,2026,49,"인쇄서적ㆍ신문ㆍ회화ㆍ그 밖의 인쇄물, 수제(手製)문서ㆍ타자문서ㆍ도면","               3,914","               3,116","               3,170","               1,471","               1,645"
202608,2026,50,견,                   5,                   2,                   3,                   0,                   2
202608,2026,51,양모ㆍ동물의 부드러운 털이나 거친 털ㆍ말의 털로 만든 실과 직물,                  30,                 156,                  21,                  67,                  89
202608,2026,52,면,                 211,"               2,744",                 113,                  86,"               2,658"
202608,2026,53,"그 밖의 식물성 방직용 섬유, 종이실(paper yarn)과 종이실로 만든 직물",                  20,                  39,                  10,                   1,                  38
202608,2026,54,"인조필라멘트, 인조방직용 섬유재료의 스트립(strip)과 이와 유사한 것",                 286,"               1,900",                 177,                 321,"               1,579"
202608,2026,55,인조스테이플섬유,                 135,                 675,                 125,                 301,                 374
202608,2026,56,"워딩(wadding)ㆍ펠트(felt)ㆍ부직포, 특수사, 끈ㆍ배의 밧줄(cordage)ㆍ로프ㆍ케이블과 이들의 제품",                 250,"               2,470","               1,152","               2,602",                -132
202608,2026,57,양탄자류와 그 밖의 방직용 섬유로 만든 바닥깔개,                  91,                  58,                 707,                 344,                -286
202608,2026,58,"특수직물, 터프트(tuft)한 직물, 레이스, 태피스트리(tapestry), 트리밍(trimming), 자수천",                 199,                 954,                 505,                 131,                 822
202608,2026,59,"침투ㆍ도포ㆍ피복하거나 적층한 방직용 섬유의 직물, 공업용인 방직용 섬유제품",                 356,"               4,036",                 265,                 914,"               3,122"
202608,2026,60,메리야스 편물과 뜨개질 편물,                 311,"               1,352",                  62,                 141,"               1,211"
202608,2026,61,의류와 그 부속품(메리야스 편물이나 뜨개질 편물로 한정한다),"               4,303","               6,974","              20,784","               7,097",                -123
202608,2026,62,의류와 그 부속품(메리야스 편물이나 뜨개질편물은 제외한다),"               4,457","               9,910","              31,957","              16,887","              -6,977"
202608,2026,63,"제품으로 된 방직용 섬유의 그 밖의 물품, 세트, 사용하던 의류ㆍ방직용 섬유제품, 넝마","               1,228","               2,650","              11,322","               4,880","              -2,230"
202608,2026,64,"신발류ㆍ각반과 이와 유사한 것, 이들의 부분품","               4,226","               3,224","              26,665","               4,679","              -1,455"
202608,2026,65,모자류와 그 부분품,                 725,                 926,"               2,823",                 528,                 398
202608,2026,66,산류(傘類)ㆍ지팡이ㆍ시트스틱(seat-stick)ㆍ채찍ㆍ승마용 채찍과 이들의 부분품,                  39,                 115,                 692,                 445,                -330
202608,2026,67,"조제 깃털ㆍ솜털과 그 제품, 조화, 사람 머리카락으로 된 제품",                 247,                 283,"               1,763",                 456,                -173
202608,2026,68,돌ㆍ플라스터(plaster)ㆍ시멘트ㆍ석면ㆍ운모나 이와 유사한 재료의 제품,                 568,"               5,103",                 866,"               3,820","               1,283"
202608,2026,69,도자제품,                 349,                 858,"               2,533","               7,671","              -6,814"
202608,2026,70,유리와 유리제품,                 669,"               3,268","               3,255","               7,383","              -4,114"
202608,2026,71,"천연진주ㆍ양식진주ㆍ귀석ㆍ반귀석ㆍ귀금속ㆍ귀금속을 입힌 금속과 이들의 제품, 모조 신변장식용품, 주화",                 982,"              91,129","               7,706","              79,846","              11,283"
202608,2026,72,철강,"               2,094","             307,675",                 397,"              77,514","             230,161"
202608,2026,73,철강의 제품,"               4,359","              35,953","              13,371","              22,789","              13,164"
202608,2026,74,구리와 그 제품,                 806,"              25,458",                 542,"              31,762","              -6,304"
202608,2026,75,니켈과 그 제품,                  73,"               2,099",                 127,"               9,068","              -6,970"
202608,2026,76,알루미늄과 그 제품,                 644,"              29,544","               1,447","              39,926","             -10,382"
202608,2026,78,납과 그 제품,                   8,                   3,                   4,                   0,                   3
202608,2026,79,아연과 그 제품,                  79,"               4,127",                 202,"               4,901",                -774
202608,2026,80,주석과 그 제품,                  46,                 657,                  18,"               4,020","              -3,363"
202608,2026,81,"그 밖의 비금속(卑金屬), 서멧(cermet), 이들의 제품",                  72,"              26,408",                 352,"              46,520","             -20,112"
202608,2026,82,"비금속(卑金屬)으로 만든 공구ㆍ도구ㆍ칼붙이ㆍ스푼ㆍ포크, 이들의 부분품","               3,429","              34,371","               7,416","              13,001","              21,370"
202608,2026,83,비금속(卑金屬)으로 만든 각종 제품,                 751,"               8,043","               3,588","               9,364","              -1,321"
202608,2026,84,원자로ㆍ보일러ㆍ기계류와 이들의 부분품,"              16,423","             371,546","              20,347","             313,205","              58,341"
202608,2026,85,"전기기기와 그 부분품, 녹음기ㆍ음성 재생기ㆍ텔레비전의 영상과 음성의 기록기ㆍ재생기와 이들의 부분품ㆍ부속품","              31,613","           2,407,315","              53,802","           2,665,768","            -258,453"
202608,2026,86,"철도용이나 궤도용 기관차ㆍ차량과 이들의 부분품, 철도용이나 궤도용 장비품과 그 부분품, 기계식(전기기계식을 포함한다) 각종 교통신호용 기기",                 137,"              16,218",                  50,"               1,773","              14,445"
202608,2026,87,철도용이나 궤도용 외의 차량과 그 부분품ㆍ부속품,"              26,434","             419,153","               5,063","              80,019","             339,133"
202608,2026,88,"항공기와 우주선, 이들의 부분품",                 353,"              13,131",                 552,"             117,536","            -104,405"
202608,2026,89,선박과 수상 구조물,                   4,"               1,916",                  13,                 120,"               1,795"
202608,2026,90,"광학기기ㆍ사진용 기기ㆍ영화용 기기ㆍ측정기기ㆍ검사기기ㆍ정밀기기ㆍ의료용 기기, 이들의 부분품과 부속품","               5,435","              86,815","              11,741","             135,346","             -48,532"
202608,2026,91,시계와 그 부분품,                 144,                 548,"               2,172","               4,690","              -4,142"
202608,2026,92,악기와 그 부분품과 부속품,                 291,"               3,098",                 517,"               1,227","               1,870"
202608,2026,93,무기ㆍ총포탄과 이들의 부분품과 부속품,                   2,                   3,                  10,                   3,                   0
202608,2026,94,"가구, 침구ㆍ매트리스ㆍ매트리스 서포트(mattress support)ㆍ쿠션과 이와 유사한 물품, 다른 류로 분류되지 않은 조명기구, 조명용 사인ㆍ조명용 네임플레이트(name-plate)와 이와 유사한 물품, 조립식 건축물","               1,518","               8,727","               8,062","              22,953","             -14,226"
202608,2026,95,완구ㆍ게임용구ㆍ운동용구와 이들의 부분품과 부속품,"               2,689","               5,365","              17,269","               8,641","              -3,277"
202608,2026,96,잡품,"               2,098","               2,569","              10,468","               2,488",                  81
202608,2026,97,예술품ㆍ수집품ㆍ골동품,                  27,                 412,                 112,                  68,                 343
