reqYymm,year,cstmSgn,portCd,statKor,expCnt,expDlr,impCnt,impDlr,balPayments
202412,202412,010,010,서울세관,32,1160,0,0,1160
202412,202412,012,010,서울세관,588,45679,0,0,45679
202412,202412,017,010,서울세관,2,20,0,0,20
202412,202412,130,010,서울세관,204,3302,0,0,3302
202412,202412,011,037,부산국제우편세관,1,2062,0,0,2062
202412,202412,030,037,부산국제우편세관,6,23897,0,0,23897
202412,202412,033,037,부산국제우편세관,6,6332,0,0,6332
202412,202412,037,037,부산국제우편세관,1,480,26,56193,-55713
202412,202412,039,037,부산국제우편세관,1,595,0,0,595
202412,202412,040,037,부산국제우편세관,0,0,1,1052,-1052
202412,202412,050,037,부산국제우편세관,2,491,0,0,491
202412,202412,151,037,부산국제우편세관,1,4144,0,0,4144
202412,202412,037,040,인천공항세관,0,0,1,2834,-2834
202412,202412,040,040,인천공항세관,0,0,16,31421,-31421
202412,202412,151,CJJ,청주국제공항,0,0,60,206387,-206387
202412,202412,090,CJU,제주국제공항,9,19802,149,583116,-563314
202412,202412,010,GMP,김포국제공항,57,6967991,1,1406,6966585
202412,202412,011,GMP,김포국제공항,2,4940,0,0,4940
202412,202412,012,GMP,김포국제공항,17,882,0,0,882
202412,202412,017,GMP,김포국제공항,5,18249,0,0,18249
202412,202412,020,GMP,김포국제공항,15,17429,0,0,17429
202412,202412,021,GMP,김포국제공항,1,29808,0,0,29808
202412,202412,023,GMP,김포국제공항,519,3781086,0,0,3781086
202412,202412,030,GMP,김포국제공항,17,312,0,0,312
202412,202412,040,GMP,김포국제공항,36204,3643671,0,0,3643671
202412,202412,041,GMP,김포국제공항,265,1651499,1959,168146805,-166495306
202412,202412,053,GMP,김포국제공항,0,0,1,7605,-7605
202412,202412,102,GMP,김포국제공항,1,818,0,0,818
202412,202412,120,GMP,김포국제공항,4,5086,0,0,5086
202412,202412,130,GMP,김포국제공항,219,21877,0,0,21877
202412,202412,131,GMP,김포국제공항,4,29957,0,0,29957
202412,202412,152,GMP,김포국제공항,1,1934,0,0,1934
202412,202412,010,ICN,인천국제공항,50135,157136373,2577,130911476,26224897
202412,202412,011,ICN,인천국제공항,4043,6012903,1,2025,6010878
202412,202412,012,ICN,인천국제공항,12550,2416070814,1795,911415453,1504655361
202412,202412,014,ICN,인천국제공항,9066,177027931,198,15805258,161222673
202412,202412,016,ICN,인천국제공항,12823,1668304899,3562,517847373,1150457526
202412,202412,017,ICN,인천국제공항,29790,352251312,3312,178673098,173578214
202412,202412,020,ICN,인천국제공항,13209,964714572,3341,1136611886,-171897314
202412,202412,021,ICN,인천국제공항,24613,1424637026,9105,1005072191,419564835
202412,202412,023,ICN,인천국제공항,31925,189044022,1092,139678331,49365691
202412,202412,030,ICN,인천국제공항,5254,120744981,913,66588109,54156872
202412,202412,033,ICN,인천국제공항,436,3717611,13,375392,3342219
202412,202412,037,ICN,인천국제공항,0,0,4,6089,-6089
202412,202412,039,ICN,인천국제공항,3342,20551055,202,30548794,-9997739
202412,202412,040,ICN,인천국제공항,477972,8398011885,3452159,9838155373,-1440143488
202412,202412,041,ICN,인천국제공항,4307,13234184,2636,148503509,-135269325
202412,202412,050,ICN,인천국제공항,528,11476409,122,12611096,-1134687
202412,202412,051,ICN,인천국제공항,17,70207,346,10967951,-10897744
202412,202412,053,ICN,인천국제공항,5069,77828007,1998,85016124,-7188117
202412,202412,054,ICN,인천국제공항,23,199198,5,1933592,-1734394
202412,202412,056,ICN,인천국제공항,2477,46709475,1455,62967466,-16257991
202412,202412,060,ICN,인천국제공항,147,3081099,10,199811,2881288
202412,202412,062,ICN,인천국제공항,100,16823503,10,55336,16768167
202412,202412,070,ICN,인천국제공항,73,1433863,73,3490912,-2057049
202412,202412,071,ICN,인천국제공항,3153,207050578,1942,785195348,-578144770
202412,202412,080,ICN,인천국제공항,123,13508147,6,1020687,12487460
202412,202412,081,ICN,인천국제공항,501,20625069,139,3302652,17322417
202412,202412,082,ICN,인천국제공항,733,5894845,41,1747869,4146976
202412,202412,084,ICN,인천국제공항,7,61431,6,24780,36651
202412,202412,090,ICN,인천국제공항,403,562384,136,5572272,-5009888
202412,202412,100,ICN,인천국제공항,117,2387693,0,0,2387693
202412,202412,101,ICN,인천국제공항,27,654323,0,0,654323
202412,202412,102,ICN,인천국제공항,957,43331930,0,0,43331930
202412,202412,110,ICN,인천국제공항,638,21199187,1038,45803212,-24604025
202412,202412,120,ICN,인천국제공항,4600,97606116,309,30311732,67294384
202412,202412,121,ICN,인천국제공항,11989,1383648817,5958,997759462,385889355
202412,202412,122,ICN,인천국제공항,242,9702361,31,380541,9321820
202412,202412,130,ICN,인천국제공항,22302,111573294,318,16119058,95454236
202412,202412,131,ICN,인천국제공항,5204,70874079,155,2095221,68778858
202412,202412,140,ICN,인천국제공항,252,2192535,1394,31715537,-29523002
202412,202412,150,ICN,인천국제공항,2910,90936020,240,9807927,81128093
202412,202412,151,ICN,인천국제공항,6975,1633303895,1047,219847274,1413456621
202412,202412,152,ICN,인천국제공항,8875,2868632340,3015,976816237,1891816103
202412,202412,153,ICN,인천국제공항,1317,30868666,77,1345040,29523626
202412,202412,154,ICN,인천국제공항,108,994819,9,124172,870647
202412,202412,010,KRBNP,부산신항,77,2164332,547,20944491,-18780159
202412,202412,011,KRBNP,부산신항,103,3937994,0,0,3937994
202412,202412,012,KRBNP,부산신항,382,21075045,5022,288345295,-267270250
202412,202412,014,KRBNP,부산신항,670,42305322,256,19777659,22527663
202412,202412,016,KRBNP,부산신항,559,56344875,1718,108096522,-51751647
202412,202412,017,KRBNP,부산신항,629,40010664,97,4888945,35121719
202412,202412,020,KRBNP,부산신항,583,57018843,673,31447622,25571221
202412,202412,021,KRBNP,부산신항,856,61892441,3800,216789402,-154896961
202412,202412,023,KRBNP,부산신항,423,20470308,177,6744890,13725418
202412,202412,030,KRBNP,부산신항,20727,1846758006,39642,4589247576,-2742489570
202412,202412,033,KRBNP,부산신항,855,44092645,2207,104864658,-60772013
202412,202412,039,KRBNP,부산신항,239,31905857,227,15194175,16711682
202412,202412,040,KRBNP,부산신항,24,2630064,513,20333550,-17703486
202412,202412,041,KRBNP,부산신항,24,1224972,974,33682336,-32457364
202412,202412,050,KRBNP,부산신항,313,34929749,57,919770,34009979
202412,202412,051,KRBNP,부산신항,2,566790,107,37586647,-37019857
202412,202412,052,KRBNP,부산신항,2,68762,0,0,68762
202412,202412,053,KRBNP,부산신항,13322,422862448,723,43340264,379522184
202412,202412,054,KRBNP,부산신항,19,1913881,6,1429151,484730
202412,202412,056,KRBNP,부산신항,332,25820492,227,30176166,-4355674
202412,202412,060,KRBNP,부산신항,2540,195839316,19,3767367,192071949
202412,202412,062,KRBNP,부산신항,693,75306271,50,19231755,56074516
202412,202412,070,KRBNP,부산신항,141,5149401,78,13366858,-8217457
202412,202412,071,KRBNP,부산신항,1052,42005094,33,2021583,39983511
202412,202412,080,KRBNP,부산신항,119,8722628,67,5992061,2730567
202412,202412,081,KRBNP,부산신항,84,5399044,30,8933115,-3534071
202412,202412,082,KRBNP,부산신항,194,10096965,76,4615440,5481525
202412,202412,084,KRBNP,부산신항,107,6695783,51,9556188,-2860405
202412,202412,090,KRBNP,부산신항,21,316108,59,1364781,-1048673
202412,202412,100,KRBNP,부산신항,20,3434912,1,21595,3413317
202412,202412,101,KRBNP,부산신항,3,259746,0,0,259746
202412,202412,102,KRBNP,부산신항,134,10475269,7,258608,10216661
202412,202412,110,KRBNP,부산신항,3017,350959788,1054,230205086,120754702
202412,202412,120,KRBNP,부산신항,1586,109274686,91,10708868,98565818
202412,202412,121,KRBNP,부산신항,1167,84659143,155,28103736,56555407
202412,202412,122,KRBNP,부산신항,424,31820128,58,22925126,8895002
202412,202412,130,KRBNP,부산신항,115,5469135,32,3384992,2084143
202412,202412,131,KRBNP,부산신항,443,19170949,860,99926615,-80755666
202412,202412,140,KRBNP,부산신항,144,16195594,12,695125,15500469
202412,202412,150,KRBNP,부산신항,478,40979365,12,12352876,28626489
202412,202412,151,KRBNP,부산신항,322,39168252,315,36777161,2391091
202412,202412,152,KRBNP,부산신항,867,61221984,324,26592209,34629775
202412,202412,153,KRBNP,부산신항,318,36937769,73,4780993,32156776
202412,202412,154,KRBNP,부산신항,651,53251783,2,821279,52430504
202412,202412,030,KRBOR,보령항,0,0,1,120,-120
202412,202412,084,KRBOR,보령항,1,861,30,382304124,-382303263
202412,202412,090,KRCHA,제주항,1,939440,0,0,939440
202412,202412,051,KRCHF,진해항,0,0,2,650264,-650264
202412,202412,053,KRCHF,진해항,3,997659,21,8909783,-7912124
202412,202412,070,KRCHF,진해항,1,14890,0,0,14890
202412,202412,080,KRCHF,진해항,1,10530,0,0,10530
202412,202412,153,KRCHF,진해항,2,5775,0,0,5775
202412,202412,080,KRCHG,장항항,2,975199,9,7796413,-6821214
202412,202412,150,KRCHG,장항항,1,114657,0,0,114657
202412,202412,062,KRDBL,대불항,1,1746786,0,0,1746786
202412,202412,070,KRDBL,대불항,19,7217314,0,0,7217314
202412,202412,122,KRDBL,대불항,2,514749,0,0,514749
202412,202412,152,KRDBL,대불항,5,1964428,0,0,1964428
202412,202412,153,KRDBL,대불항,2,796368,0,0,796368
202412,202412,012,KRGIN,경인항,0,0,8,86323,-86323
202412,202412,016,KRGIN,경인항,3,59613,4,203947,-144334
202412,202412,020,KRGIN,경인항,212,6314275,1164,40359213,-34044938
202412,202412,021,KRGIN,경인항,1,26286,5,182852,-156566
202412,202412,023,KRGIN,경인항,4,233245,1,19730,213515
202412,202412,040,KRGIN,경인항,0,0,5,35552,-35552
202412,202412,041,KRGIN,경인항,0,0,11,1004927,-1004927
202412,202412,053,KRGIN,경인항,0,0,28,414882,-414882
202412,202412,081,KRGIN,경인항,0,0,1,104048,-104048
202412,202412,130,KRGIN,경인항,3,1951,7,139777,-137826
202412,202412,131,KRGIN,경인항,0,0,3,12970,-12970
202412,202412,151,KRGIN,경인항,0,0,1,24764,-24764
202412,202412,152,KRGIN,경인항,1,55552,0,0,55552
202412,202412,100,KRHSA,호산항,0,0,3,18308674,-18308674
202412,202412,010,KRINC,인천항,1324,20853725,475,13803635,7050090
202412,202412,011,KRINC,인천항,196,6844843,0,0,6844843
202412,202412,012,KRINC,인천항,754,44670628,855,60095959,-15425331
202412,202412,014,KRINC,인천항,1872,116335650,188,11421293,104914357
202412,202412,016,KRINC,인천항,1129,133234020,531,34815214,98418806
202412,202412,017,KRINC,인천항,1449,169302403,205,12446758,156855645
202412,202412,020,KRINC,인천항,58405,1627849660,611741,6812102879,-5184253219
202412,202412,021,KRINC,인천항,1983,116959726,419,26929942,90029784
202412,202412,023,KRINC,인천항,2315,513184927,73,6097065,507087862
202412,202412,030,KRINC,인천항,284,11887885,45,7117638,4770247
202412,202412,033,KRINC,인천항,49,1141703,16,582648,559055
202412,202412,039,KRINC,인천항,216,1024977,6,580422,444555
202412,202412,040,KRINC,인천항,694,61018217,500,36975443,24042774
202412,202412,041,KRINC,인천항,29,1839056,392,54698615,-52859559
202412,202412,050,KRINC,인천항,24,1198393,7,143910,1054483
202412,202412,053,KRINC,인천항,210,6488269,34,693464,5794805
202412,202412,054,KRINC,인천항,1,182091,0,0,182091
202412,202412,056,KRINC,인천항,19,948699,0,0,948699
202412,202412,060,KRINC,인천항,51,2916845,0,0,2916845
202412,202412,062,KRINC,인천항,56,2469020,0,0,2469020
202412,202412,070,KRINC,인천항,18,3361602,1,52137,3309465
202412,202412,071,KRINC,인천항,88,3462718,27,719110,2743608
202412,202412,080,KRINC,인천항,31,4575323,3,110354,4464969
202412,202412,081,KRINC,인천항,49,1538889,42,1310867,228022
202412,202412,082,KRINC,인천항,91,4263974,50,567951,3696023
202412,202412,084,KRINC,인천항,17,1429530,0,0,1429530
202412,202412,090,KRINC,인천항,3,8651,0,0,8651
202412,202412,100,KRINC,인천항,17,1326528,4,237866,1088662
202412,202412,101,KRINC,인천항,1,14634,3,89557,-74923
202412,202412,102,KRINC,인천항,128,6789912,19,208358,6581554
202412,202412,110,KRINC,인천항,96,16901941,28,840343,16061598
202412,202412,120,KRINC,인천항,447,43235482,29,1930482,41305000
202412,202412,121,KRINC,인천항,314,55671906,59,3317855,52354051
202412,202412,122,KRINC,인천항,82,16172904,0,0,16172904
202412,202412,130,KRINC,인천항,645,18949037,104,1962506,16986531
202412,202412,131,KRINC,인천항,454,17177143,118,9158211,8018932
202412,202412,150,KRINC,인천항,283,19263637,24,808473,18455164
202412,202412,151,KRINC,인천항,447,41124417,135,15877435,25246982
202412,202412,152,KRINC,인천항,1250,261331398,309,11967462,249363936
202412,202412,153,KRINC,인천항,169,9983781,10,311719,9672062
202412,202412,154,KRINC,인천항,1176,110608019,0,0,110608019
202412,202412,010,KRKAN,광양항,8,240569,0,0,240569
202412,202412,011,KRKAN,광양항,3,161651,0,0,161651
202412,202412,012,KRKAN,광양항,18,521507,2,101886,419621
202412,202412,014,KRKAN,광양항,38,3382589,0,0,3382589
202412,202412,016,KRKAN,광양항,49,4004759,0,0,4004759
202412,202412,017,KRKAN,광양항,3,59580,0,0,59580
202412,202412,020,KRKAN,광양항,193,3299830,0,0,3299830
202412,202412,021,KRKAN,광양항,28,4813505,0,0,4813505
202412,202412,023,KRKAN,광양항,9,528582,0,0,528582
202412,202412,030,KRKAN,광양항,24,1879055,11,44283,1834772
202412,202412,033,KRKAN,광양항,28,950683,0,0,950683
202412,202412,039,KRKAN,광양항,46,1226360,1,100,1226260
202412,202412,040,KRKAN,광양항,1,238499,0,0,238499
202412,202412,041,KRKAN,광양항,3,694522,0,0,694522
202412,202412,050,KRKAN,광양항,3,44666936,1,76449,44590487
202412,202412,052,KRKAN,광양항,0,0,6,278576,-278576
202412,202412,053,KRKAN,광양항,68,3562989,0,0,3562989
202412,202412,056,KRKAN,광양항,25,1732793,0,0,1732793
202412,202412,060,KRKAN,광양항,4555,408764933,11,677487,408087446
202412,202412,062,KRKAN,광양항,7468,1214976311,6553,1348453672,-133477361
202412,202412,070,KRKAN,광양항,128,6882713,7,1221049,5661664
202412,202412,071,KRKAN,광양항,1235,55103093,15,955825,54147268
202412,202412,080,KRKAN,광양항,386,42632938,33,5023048,37609890
202412,202412,081,KRKAN,광양항,224,13965242,19,27641713,-13676471
202412,202412,082,KRKAN,광양항,314,29060664,40,2362057,26698607
202412,202412,084,KRKAN,광양항,18,1667658,0,0,1667658
202412,202412,102,KRKAN,광양항,5,305706,0,0,305706
202412,202412,110,KRKAN,광양항,20,2521170,2,105851,2415319
202412,202412,120,KRKAN,광양항,122,6152207,0,0,6152207
202412,202412,121,KRKAN,광양항,310,9686770,0,0,9686770
202412,202412,122,KRKAN,광양항,55,7267295,0,0,7267295
202412,202412,130,KRKAN,광양항,3,75915,2,7118,68797
202412,202412,131,KRKAN,광양항,1,2000,4,186047,-184047
202412,202412,150,KRKAN,광양항,124,4069182,0,0,4069182
202412,202412,151,KRKAN,광양항,46,61325965,0,0,61325965
202412,202412,152,KRKAN,광양항,94,15178246,0,0,15178246
202412,202412,153,KRKAN,광양항,19,1588083,0,0,1588083
202412,202412,154,KRKAN,광양항,368,41157713,0,0,41157713
202412,202412,020,KRKCN,감천항,106,2217875,0,0,2217875
202412,202412,030,KRKCN,감천항,263,8315071,817,172707872,-164392801
202412,202412,052,KRKCN,감천항,14,141612,0,0,141612
202412,202412,053,KRKCN,감천항,1,75,4,25061,-24986
202412,202412,056,KRKCN,감천항,0,0,6,2652914,-2652914
202412,202412,062,KRKCN,감천항,0,0,1,297322,-297322
202412,202412,110,KRKCN,감천항,2,61480,0,0,61480
202412,202412,120,KRKCN,감천항,0,0,1,118041,-118041
202412,202412,151,KRKCN,감천항,3,154894,0,0,154894
202412,202412,051,KRKHN,고현항,58,1280351187,61,42979234,1237371953
202412,202412,020,KRKPO,포항항,2,132216,0,0,132216
202412,202412,023,KRKPO,포항항,1,15760,0,0,15760
202412,202412,030,KRKPO,포항항,2,77486,3,294,77192
202412,202412,033,KRKPO,포항항,2,309330,0,0,309330
202412,202412,039,KRKPO,포항항,1,470556,0,0,470556
202412,202412,053,KRKPO,포항항,21,1283097,0,0,1283097
202412,202412,060,KRKPO,포항항,3,162570,0,0,162570
202412,202412,062,KRKPO,포항항,16,700911,0,0,700911
202412,202412,110,KRKPO,포항항,0,0,1,236,-236
202412,202412,122,KRKPO,포항항,1448,478391924,176,111531272,366860652
202412,202412,152,KRKPO,포항항,5,755701,0,0,755701
202412,202412,011,KRKUV,군산항,1,12131,0,0,12131
202412,202412,020,KRKUV,군산항,28,3286174,5164,32159425,-28873251
202412,202412,023,KRKUV,군산항,1,183619,0,0,183619
202412,202412,030,KRKUV,군산항,30,631533,2,51924,579609
202412,202412,033,KRKUV,군산항,2,37986,0,0,37986
202412,202412,041,KRKUV,군산항,0,0,2,7467,-7467
202412,202412,053,KRKUV,군산항,2,182630,0,0,182630
202412,202412,054,KRKUV,군산항,0,0,2,122513,-122513
202412,202412,056,KRKUV,군산항,1,23476,0,0,23476
202412,202412,060,KRKUV,군산항,1,23321,0,0,23321
202412,202412,070,KRKUV,군산항,1,473879,0,0,473879
202412,202412,071,KRKUV,군산항,0,0,1,109366,-109366
202412,202412,080,KRKUV,군산항,315,59220081,94991,263190645,-203970564
202412,202412,081,KRKUV,군산항,4,269032,2,108377,160655
202412,202412,082,KRKUV,군산항,79,16774513,21,823452,15951061
202412,202412,110,KRKUV,군산항,8,5853728,0,0,5853728
202412,202412,120,KRKUV,군산항,3,334312,0,0,334312
202412,202412,122,KRKUV,군산항,2,48962,0,0,48962
202412,202412,150,KRKUV,군산항,6,282699,0,0,282699
202412,202412,151,KRKUV,군산항,3,2256900,0,0,2256900
202412,202412,152,KRKUV,군산항,12,3108433,0,0,3108433
202412,202412,010,KRMAS,마산항,1,67300,0,0,67300
202412,202412,012,KRMAS,마산항,2,3946177,0,0,3946177
202412,202412,014,KRMAS,마산항,1,1850000,0,0,1850000
202412,202412,016,KRMAS,마산항,25,38694908,3,154342,38540566
202412,202412,017,KRMAS,마산항,24,603914,67,3350181,-2746267
202412,202412,020,KRMAS,마산항,326,15374569,0,0,15374569
202412,202412,021,KRMAS,마산항,8,57957463,0,0,57957463
202412,202412,023,KRMAS,마산항,12,11933538,0,0,11933538
202412,202412,030,KRMAS,마산항,49,47152820,8,4210,47148610
202412,202412,033,KRMAS,마산항,2,225686,0,0,225686
202412,202412,039,KRMAS,마산항,9,40396773,0,0,40396773
202412,202412,050,KRMAS,마산항,372,537401141,299,78424000,458977141
202412,202412,051,KRMAS,마산항,0,0,1,2980455,-2980455
202412,202412,053,KRMAS,마산항,342,760703061,1,689104,760013957
202412,202412,056,KRMAS,마산항,9,20109691,6,1216285,18893406
202412,202412,060,KRMAS,마산항,3,36908927,0,0,36908927
202412,202412,062,KRMAS,마산항,3,4054906,0,0,4054906
202412,202412,070,KRMAS,마산항,0,0,2,2973282,-2973282
202412,202412,071,KRMAS,마산항,1,54960,0,0,54960
202412,202412,080,KRMAS,마산항,51,11949961,0,0,11949961
202412,202412,082,KRMAS,마산항,1,1025113,0,0,1025113
202412,202412,102,KRMAS,마산항,1,81488,0,0,81488
202412,202412,110,KRMAS,마산항,60,85165656,2,2072618,83093038
202412,202412,120,KRMAS,마산항,10,5499619,0,0,5499619
202412,202412,121,KRMAS,마산항,15,48796817,0,0,48796817
202412,202412,122,KRMAS,마산항,12,3171819,0,0,3171819
202412,202412,131,KRMAS,마산항,1,121767,0,0,121767
202412,202412,150,KRMAS,마산항,2,2101693,0,0,2101693
202412,202412,151,KRMAS,마산항,3,52302477,0,0,52302477
202412,202412,152,KRMAS,마산항,40,14635580,0,0,14635580
202412,202412,153,KRMAS,마산항,3,7637812,0,0,7637812
202412,202412,154,KRMAS,마산항,6,9309508,0,0,9309508
202412,202412,110,KRMIP,미포항,19,869272215,0,0,869272215
202412,202412,070,KRMOK,목포항,103,986593024,43,54369261,932223763
202412,202412,082,KRMOK,목포항,1,120281,0,0,120281
202412,202412,020,KRMUK,묵호항,10,184741,0,0,184741
202412,202412,023,KRMUK,묵호항,1,26905,0,0,26905
202412,202412,100,KRMUK,묵호항,27,2106844,0,0,2106844
202412,202412,151,KRMUK,묵호항,6,289911,0,0,289911
202412,202412,100,KROKK,옥계항,3,3107820,29,2118905,988915
202412,202412,030,KROKP,옥포항,0,0,2,64792,-64792
202412,202412,051,KROKP,옥포항,18,10034040,36,237725028,-227690988
202412,202412,110,KRONS,온산항,364,1069520622,19,1003860569,65660053
202412,202412,121,KRONS,온산항,1,91624,0,0,91624
202412,202412,010,KRPTK,평택항,9,31325,1,100,31225
202412,202412,011,KRPTK,평택항,2,61260,0,0,61260
202412,202412,012,KRPTK,평택항,22,268197,77,3180507,-2912310
202412,202412,014,KRPTK,평택항,71,3210806,3,40114,3170692
202412,202412,016,KRPTK,평택항,5844,2022504917,208313,3200778332,-1178273415
202412,202412,017,KRPTK,평택항,13,7196849,0,0,7196849
202412,202412,020,KRPTK,평택항,1160,19135470,5768,30207466,-11071996
202412,202412,021,KRPTK,평택항,121,38609796,2270,137060027,-98450231
202412,202412,023,KRPTK,평택항,76,2868604,2,272620,2595984
202412,202412,030,KRPTK,평택항,162,26570197,44,9431636,17138561
202412,202412,033,KRPTK,평택항,13,600866,0,0,600866
202412,202412,039,KRPTK,평택항,4,136856,21470,969755,-832899
202412,202412,040,KRPTK,평택항,17,1250345,8,336103,914242
202412,202412,041,KRPTK,평택항,1,51781,0,0,51781
202412,202412,050,KRPTK,평택항,21,837921,0,0,837921
202412,202412,053,KRPTK,평택항,152,10661423,0,0,10661423
202412,202412,054,KRPTK,평택항,0,0,2,33532,-33532
202412,202412,056,KRPTK,평택항,6,2833551,3,906072,1927479
202412,202412,060,KRPTK,평택항,1,2024,0,0,2024
202412,202412,062,KRPTK,평택항,14,4011700,0,0,4011700
202412,202412,071,KRPTK,평택항,19,617305,16,525886,91419
202412,202412,080,KRPTK,평택항,8,5979197,0,0,5979197
202412,202412,081,KRPTK,평택항,18,930297,0,0,930297
202412,202412,082,KRPTK,평택항,25,1928810,2,87072,1841738
202412,202412,084,KRPTK,평택항,2,22583,0,0,22583
202412,202412,102,KRPTK,평택항,6,111002,3,34013,76989
202412,202412,110,KRPTK,평택항,21,2714532,30,953816,1760716
202412,202412,120,KRPTK,평택항,62,17532229,0,0,17532229
202412,202412,121,KRPTK,평택항,274,99384853,1,1213866,98170987
202412,202412,122,KRPTK,평택항,4,211804,0,0,211804
202412,202412,130,KRPTK,평택항,26,1420343,0,0,1420343
202412,202412,131,KRPTK,평택항,25,3139641,14,932924,2206717
202412,202412,150,KRPTK,평택항,54,2431252,14,1035469,1395783
202412,202412,151,KRPTK,평택항,324,67554653,71,8001068,59553585
202412,202412,152,KRPTK,평택항,950,249163426,243,67293792,181869634
202412,202412,153,KRPTK,평택항,12,4372113,2,338522,4033591
202412,202412,154,KRPTK,평택항,453,72334916,0,0,72334916
202412,202412,010,KRPUS,부산항,1810,36924766,113,4062524,32862242
202412,202412,011,KRPUS,부산항,436,16066326,0,0,16066326
202412,202412,012,KRPUS,부산항,2515,124499636,668,113707214,10792422
202412,202412,014,KRPUS,부산항,4580,335124546,59,9322486,325802060
202412,202412,016,KRPUS,부산항,4310,454376023,819,341276107,113099916
202412,202412,017,KRPUS,부산항,3295,157778004,150,8977072,148800932
202412,202412,020,KRPUS,부산항,5033,316205307,339,9008453,307196854
202412,202412,021,KRPUS,부산항,5209,535920313,570,140190096,395730217
202412,202412,023,KRPUS,부산항,2918,215583378,40,1418231,214165147
202412,202412,030,KRPUS,부산항,49062,3813803998,57981,4381262651,-567458653
202412,202412,033,KRPUS,부산항,4835,303797367,4267,113423321,190374046
202412,202412,037,KRPUS,부산항,0,0,2,4780,-4780
202412,202412,039,KRPUS,부산항,11971,180351335,65237,34180912,146170423
202412,202412,040,KRPUS,부산항,314,15045684,115,4426496,10619188
202412,202412,041,KRPUS,부산항,68,6871659,117,9300656,-2428997
202412,202412,050,KRPUS,부산항,1206,119265864,72,1125012,118140852
202412,202412,051,KRPUS,부산항,18,851279,112,17651954,-16800675
202412,202412,052,KRPUS,부산항,8,477140,0,0,477140
202412,202412,053,KRPUS,부산항,10383,494020020,722,31555882,462464138
202412,202412,054,KRPUS,부산항,29,2324485,20,673100,1651385
202412,202412,056,KRPUS,부산항,1365,121437667,98,12688566,108749101
202412,202412,060,KRPUS,부산항,2138,146284938,15,743795,145541143
202412,202412,062,KRPUS,부산항,748,106251666,15,3744057,102507609
202412,202412,070,KRPUS,부산항,427,24816152,85,6627369,18188783
202412,202412,071,KRPUS,부산항,1231,97664594,96,6226157,91438437
202412,202412,080,KRPUS,부산항,900,94919290,45,3899555,91019735
202412,202412,081,KRPUS,부산항,791,94519914,37,3162449,91357465
202412,202412,082,KRPUS,부산항,1761,135436502,113,5661043,129775459
202412,202412,084,KRPUS,부산항,86,4977979,15,1888671,3089308
202412,202412,090,KRPUS,부산항,133,3823201,57,2515115,1308086
202412,202412,100,KRPUS,부산항,75,3430571,18,800734,2629837
202412,202412,101,KRPUS,부산항,12,658648,47,1718234,-1059586
202412,202412,102,KRPUS,부산항,677,52105754,51,1036474,51069280
202412,202412,110,KRPUS,부산항,9239,1082976415,722,57718545,1025257870
202412,202412,120,KRPUS,부산항,9381,565891854,182,13445226,552446628
202412,202412,121,KRPUS,부산항,6994,630617341,656,44392691,586224650
202412,202412,122,KRPUS,부산항,2013,229848014,77,30112889,199735125
202412,202412,130,KRPUS,부산항,1032,48392291,9,590501,47801790
202412,202412,131,KRPUS,부산항,2054,75452812,159,19826704,55626108
202412,202412,140,KRPUS,부산항,23,3293126,28,2835152,457974
202412,202412,150,KRPUS,부산항,3589,278758829,122,115319807,163439022
202412,202412,151,KRPUS,부산항,3737,537477173,719,140509393,396967780
202412,202412,152,KRPUS,부산항,5272,607415686,276,54329433,553086253
202412,202412,153,KRPUS,부산항,2508,195820803,54,6013515,189807288
202412,202412,154,KRPUS,부산항,1595,146085025,9,240809,145844216
202412,202412,030,KRSCP,삼천포항,0,0,1,78,-78
202412,202412,052,KRSCP,삼천포항,0,0,14,93248764,-93248764
202412,202412,016,KRSHG,포항신항,2,238158,0,0,238158
202412,202412,110,KRSHG,포항신항,0,0,19,19690686,-19690686
202412,202412,121,KRSHG,포항신항,1,1115,0,0,1115
202412,202412,122,KRSHG,포항신항,44,28033696,116,410430829,-382397133
202412,202412,152,KRSHG,포항신항,1,140200,0,0,140200
202412,202412,100,KRSHO,속초항,2,8750,0,0,8750
202412,202412,101,KRSHO,속초항,0,0,33,6359894,-6359894
202412,202412,154,KRTAN,태안항,0,0,7,68848126,-68848126
202412,202412,010,KRTGH,동해항,50,289885,0,0,289885
202412,202412,012,KRTGH,동해항,19,292459,0,0,292459
202412,202412,014,KRTGH,동해항,6,123541,0,0,123541
202412,202412,017,KRTGH,동해항,24,270676,0,0,270676
202412,202412,020,KRTGH,동해항,294,8415496,0,0,8415496
202412,202412,021,KRTGH,동해항,3,37660,0,0,37660
202412,202412,023,KRTGH,동해항,39,406719,0,0,406719
202412,202412,030,KRTGH,동해항,15,153890,1,235,153655
202412,202412,053,KRTGH,동해항,2,8544,0,0,8544
202412,202412,100,KRTGH,동해항,82,10334866,175,132754508,-122419642
202412,202412,101,KRTGH,동해항,0,0,1,14600,-14600
202412,202412,102,KRTGH,동해항,2,97818,0,0,97818
202412,202412,120,KRTGH,동해항,5,5259,0,0,5259
202412,202412,130,KRTGH,동해항,7,92009,0,0,92009
202412,202412,131,KRTGH,동해항,11,479480,0,0,479480
202412,202412,151,KRTGH,동해항,78,2361601,0,0,2361601
202412,202412,153,KRTGH,동해항,2,24433,0,0,24433
202412,202412,016,KRTJI,당진항,13,14995248,85,342664011,-327668763
202412,202412,020,KRTJI,당진항,63,11609430,0,0,11609430
202412,202412,030,KRTJI,당진항,0,0,1,40,-40
202412,202412,039,KRTJI,당진항,23,1332748,0,0,1332748
202412,202412,053,KRTJI,당진항,5,703037,0,0,703037
202412,202412,060,KRTJI,당진항,40,5822475,0,0,5822475
202412,202412,070,KRTJI,당진항,2,21427,0,0,21427
202412,202412,080,KRTJI,당진항,30,2060863,0,0,2060863
202412,202412,122,KRTJI,당진항,5,1409665,0,0,1409665
202412,202412,152,KRTJI,당진항,687,246632447,1,111,246632336
202412,202412,154,KRTJI,당진항,0,0,10,107815645,-107815645
202412,202412,016,KRTSN,대산항,1,1345345,1,55,1345290
202412,202412,020,KRTSN,대산항,0,0,2,118,-118
202412,202412,060,KRTSN,대산항,1,306071,0,0,306071
202412,202412,110,KRTSN,대산항,1,1051050,0,0,1051050
202412,202412,154,KRTSN,대산항,541,1251441516,188,2315008745,-1063567229
202412,202412,030,KRTYG,통영항,28,447839,0,0,447839
202412,202412,039,KRTYG,통영항,5,116233,0,0,116233
202412,202412,054,KRTYG,통영항,14,63620762,475,84300025,-20679263
202412,202412,110,KRTYG,통영항,5,64726,0,0,64726
202412,202412,016,KRUSN,울산항,2,337050,0,0,337050
202412,202412,030,KRUSN,울산항,2,3381138,8,6866,3374272
202412,202412,039,KRUSN,울산항,1,4588269,0,0,4588269
202412,202412,053,KRUSN,울산항,2,887599,0,0,887599
202412,202412,056,KRUSN,울산항,1,11128,0,0,11128
202412,202412,060,KRUSN,울산항,18,14774950,0,0,14774950
202412,202412,062,KRUSN,울산항,2,1071384,0,0,1071384
202412,202412,080,KRUSN,울산항,7,1384443,0,0,1384443
202412,202412,110,KRUSN,울산항,6329,4156485043,2417,3377830810,778654233
202412,202412,120,KRUSN,울산항,8,1273756,0,0,1273756
202412,202412,121,KRUSN,울산항,1,255900,0,0,255900
202412,202412,122,KRUSN,울산항,3,298177,0,0,298177
202412,202412,150,KRUSN,울산항,1,143289,0,0,143289
202412,202412,151,KRUSN,울산항,7,12697856,0,0,12697856
202412,202412,152,KRUSN,울산항,3,1499609,0,0,1499609
202412,202412,154,KRUSN,울산항,3,4482248,0,0,4482248
202412,202412,122,KRYMH,영일만항,0,0,78,20675660,-20675660
202412,202412,060,KRYOC,여천항,0,0,63,506524129,-506524129
202412,202412,030,KRYOS,여수항,0,0,9,1230,-1230
202412,202412,060,KRYOS,여수항,344,1605148842,263,2404482126,-799333284
202412,202412,010,KRZZZ,기타불개항,23,18134183,0,0,18134183
202412,202412,012,KRZZZ,기타불개항,0,0,1,11342,-11342
202412,202412,016,KRZZZ,기타불개항,0,0,4,3907,-3907
202412,202412,017,KRZZZ,기타불개항,0,0,11,240011,-240011
202412,202412,020,KRZZZ,기타불개항,0,0,36,2616180,-2616180
202412,202412,040,KRZZZ,기타불개항,0,0,1,28,-28
202412,202412,051,KRZZZ,기타불개항,1,16482,3,696061,-679579
202412,202412,054,KRZZZ,기타불개항,1,282,9,420813479,-420813197
202412,202412,062,KRZZZ,기타불개항,0,0,8,91020457,-91020457
202412,202412,070,KRZZZ,기타불개항,2,242850,5,773146,-530296
202412,202412,080,KRZZZ,기타불개항,1,1150,0,0,1150
202412,202412,081,KRZZZ,기타불개항,12,1549404,0,0,1549404
202412,202412,082,KRZZZ,기타불개항,2,6444,0,0,6444
202412,202412,090,KRZZZ,기타불개항,7,558019,0,0,558019
202412,202412,100,KRZZZ,기타불개항,2,2692,5,188987052,-188984360
202412,202412,121,KRZZZ,기타불개항,0,0,4,146550,-146550
202412,202412,080,KUV,군산공항,1,2567652,0,0,2567652
202412,202412,071,MWX,무안국제공항,0,0,38,141372,-141372
202412,202412,017,PUS,김해국제공항,3,1749922,6,1233093,516829
202412,202412,030,PUS,김해국제공항,257,6854106,117,194707,6659399
202412,202412,033,PUS,김해국제공항,43,635787,0,0,635787
202412,202412,037,PUS,김해국제공항,0,0,1,616,-616
202412,202412,039,PUS,김해국제공항,72,1140721,0,0,1140721
202412,202412,040,PUS,김해국제공항,2,12341,1,710,11631
202412,202412,050,PUS,김해국제공항,70,17520242,2,10697,17509545
202412,202412,051,PUS,김해국제공항,1,1600,3,53826,-52226
202412,202412,053,PUS,김해국제공항,67,1529023,1,1832,1527191
202412,202412,056,PUS,김해국제공항,12,101160,37,545513,-444353
202412,202412,060,PUS,김해국제공항,2,28674,0,0,28674
202412,202412,082,PUS,김해국제공항,1,400,0,0,400
202412,202412,110,PUS,김해국제공항,22,41588,3,11327,30261
202412,202412,120,PUS,김해국제공항,5,37537,0,0,37537
202412,202412,121,PUS,김해국제공항,4,4103,16,2201429,-2197326
202412,202412,122,PUS,김해국제공항,1,18139,0,0,18139
202412,202412,131,PUS,김해국제공항,1,3968,0,0,3968
202412,202412,140,PUS,김해국제공항,241,1650266,954,336058392,-334408126
202412,202412,151,PUS,김해국제공항,2,24680,0,0,24680
202412,202412,153,PUS,김해국제공항,2,50137,0,0,50137
202412,202412,030,TAE,대구국제공항,1,7675,0,0,7675
202412,202412,033,TAE,대구국제공항,2,58525,0,0,58525
202412,202412,120,TAE,대구국제공항,8,24587,136,481861,-457274
202412,202412,012,ZZZZZ,기타항,6,20823,0,0,20823
202412,202412,039,ZZZZZ,기타항,1,7019,0,0,7019
202412,202412,040,ZZZZZ,기타항,1,7968,0,0,7968
202412,202412,150,ZZZZZ,기타항,1,1400,0,0,1400
202412,총계,,-,-,1135404,61359249829,4668507,54866379965,6492869864
202501,202501,010,010,서울세관,30,1159,0,0,1159
202501,202501,012,010,서울세관,599,40733,0,0,40733
202501,202501,020,010,서울세관,1,2514,0,0,2514
202501,202501,130,010,서울세관,220,3275,0,0,3275
202501,202501,010,037,부산국제우편세관,3,680,0,0,680
202501,202501,011,037,부산국제우편세관,2,3783,0,0,3783
202501,202501,030,037,부산국제우편세관,9,12330,0,0,12330
202501,202501,033,037,부산국제우편세관,2,924,0,0,924
202501,202501,037,037,부산국제우편세관,0,0,26,73363,-73363
202501,202501,039,037,부산국제우편세관,3,915,0,0,915
202501,202501,040,037,부산국제우편세관,0,0,3,3022,-3022
202501,202501,050,037,부산국제우편세관,1,2009,0,0,2009
202501,202501,130,037,부산국제우편세관,1,3235,0,0,3235
202501,202501,040,040,인천공항세관,0,0,13,28791,-28791
202501,202501,151,CJJ,청주국제공항,0,0,73,259830,-259830
202501,202501,040,CJU,제주국제공항,1,10941,2,6620,4321
202501,202501,090,CJU,제주국제공항,0,0,158,613561,-613561
202501,202501,154,CJU,제주국제공항,1,2000000,0,0,2000000
202501,202501,010,GMP,김포국제공항,20,2242849,0,0,2242849
202501,202501,011,GMP,김포국제공항,3,14345,0,0,14345
202501,202501,012,GMP,김포국제공항,8,967,0,0,967
202501,202501,017,GMP,김포국제공항,12,35155,0,0,35155
202501,202501,020,GMP,김포국제공항,22,45196,0,0,45196
202501,202501,023,GMP,김포국제공항,296,1928679,0,0,1928679
202501,202501,030,GMP,김포국제공항,7,144,0,0,144
202501,202501,040,GMP,김포국제공항,14436,1653673,9,311137,1342536
202501,202501,041,GMP,김포국제공항,245,1444217,1109,52508755,-51064538
202501,202501,120,GMP,김포국제공항,2,2202,0,0,2202
202501,202501,121,GMP,김포국제공항,0,0,12,321786,-321786
202501,202501,130,GMP,김포국제공항,98,17724,0,0,17724
202501,202501,131,GMP,김포국제공항,5,38337,0,0,38337
202501,202501,152,GMP,김포국제공항,1,11250,0,0,11250
202501,202501,010,ICN,인천국제공항,36388,140020509,1746,168030283,-28009774
202501,202501,011,ICN,인천국제공항,3768,6479025,1,4949,6474076
202501,202501,012,ICN,인천국제공항,11433,1655073064,1402,870385103,784687961
202501,202501,014,ICN,인천국제공항,8286,168154913,191,17153192,151001721
202501,202501,016,ICN,인천국제공항,9550,1559482115,3181,543853747,1015628368
202501,202501,017,ICN,인천국제공항,27301,316301839,3043,207492540,108809299
202501,202501,020,ICN,인천국제공항,12162,1067099086,2793,960451371,106647715
202501,202501,021,ICN,인천국제공항,19463,956188682,7949,827966821,128221861
202501,202501,023,ICN,인천국제공항,29228,207818892,852,105239366,102579526
202501,202501,030,ICN,인천국제공항,5122,115646177,751,53442050,62204127
202501,202501,033,ICN,인천국제공항,364,4367800,10,169942,4197858
202501,202501,039,ICN,인천국제공항,2880,9663464,189,22012179,-12348715
202501,202501,040,ICN,인천국제공항,369512,4959622505,2906856,7967373618,-3007751113
202501,202501,041,ICN,인천국제공항,5295,13771790,1967,97915562,-84143772
202501,202501,050,ICN,인천국제공항,524,10860571,84,7704510,3156061
202501,202501,051,ICN,인천국제공항,9,100660,205,10544290,-10443630
202501,202501,053,ICN,인천국제공항,4233,60133287,1476,56563180,3570107
202501,202501,054,ICN,인천국제공항,16,49906,5,35645,14261
202501,202501,056,ICN,인천국제공항,2364,59003932,1052,62457907,-3453975
202501,202501,060,ICN,인천국제공항,119,1558806,13,648047,910759
202501,202501,062,ICN,인천국제공항,90,15193489,9,60259,15133230
202501,202501,070,ICN,인천국제공항,75,1064250,45,7760097,-6695847
202501,202501,071,ICN,인천국제공항,2820,215767458,1639,457163866,-241396408
202501,202501,080,ICN,인천국제공항,115,4676132,4,646989,4029143
202501,202501,081,ICN,인천국제공항,494,16619337,127,5624619,10994718
202501,202501,082,ICN,인천국제공항,422,6178308,22,4265770,1912538
202501,202501,084,ICN,인천국제공항,14,166497,6,30326,136171
202501,202501,090,ICN,인천국제공항,297,367548,107,3503537,-3135989
202501,202501,100,ICN,인천국제공항,96,2695824,2,167298,2528526
202501,202501,101,ICN,인천국제공항,22,747763,3,50023,697740
202501,202501,102,ICN,인천국제공항,725,37422555,3,8178,37414377
202501,202501,110,ICN,인천국제공항,598,8127299,556,34368288,-26240989
202501,202501,120,ICN,인천국제공항,4281,93093392,185,14848833,78244559
202501,202501,121,ICN,인천국제공항,11719,1311593420,5682,1235976800,75616620
202501,202501,122,ICN,인천국제공항,212,2536277,16,309935,2226342
202501,202501,130,ICN,인천국제공항,18306,84553202,237,14633173,69920029
202501,202501,131,ICN,인천국제공항,5247,53842722,93,1013300,52829422
202501,202501,140,ICN,인천국제공항,280,2973720,929,21355902,-18382182
202501,202501,150,ICN,인천국제공항,3024,129949537,224,5159639,124789898
202501,202501,151,ICN,인천국제공항,6438,1323474134,810,135380345,1188093789
202501,202501,152,ICN,인천국제공항,8186,2322923788,2480,757121002,1565802786
202501,202501,153,ICN,인천국제공항,1300,29583712,57,4050540,25533172
202501,202501,154,ICN,인천국제공항,92,596877,5,150421,446456
202501,202501,010,KRBNP,부산신항,84,2210033,503,19017806,-16807773
202501,202501,011,KRBNP,부산신항,89,3701451,0,0,3701451
202501,202501,012,KRBNP,부산신항,339,9171105,5669,433307598,-424136493
202501,202501,014,KRBNP,부산신항,591,30143146,252,15229597,14913549
202501,202501,016,KRBNP,부산신항,479,53467382,1679,115097850,-61630468
202501,202501,017,KRBNP,부산신항,455,21044981,87,4117378,16927603
202501,202501,020,KRBNP,부산신항,532,31917593,699,28646274,3271319
202501,202501,021,KRBNP,부산신항,783,74920573,4804,381565274,-306644701
202501,202501,023,KRBNP,부산신항,356,21152650,98,14734099,6418551
202501,202501,030,KRBNP,부산신항,17457,1520099532,41711,4225887028,-2705787496
202501,202501,033,KRBNP,부산신항,749,38171317,2173,107072799,-68901482
202501,202501,039,KRBNP,부산신항,192,22811360,219,15227567,7583793
202501,202501,040,KRBNP,부산신항,33,1804569,401,21905223,-20100654
202501,202501,041,KRBNP,부산신항,26,969066,866,30423753,-29454687
202501,202501,050,KRBNP,부산신항,206,14711531,32,578925,14132606
202501,202501,051,KRBNP,부산신항,2,39816,71,25085520,-25045704
202501,202501,052,KRBNP,부산신항,1,6260,1,39600,-33340
202501,202501,053,KRBNP,부산신항,13209,394638027,735,44314197,350323830
202501,202501,054,KRBNP,부산신항,14,1246501,7,1612096,-365595
202501,202501,056,KRBNP,부산신항,317,24259561,232,36858061,-12598500
202501,202501,060,KRBNP,부산신항,2403,196800090,15,2670559,194129531
202501,202501,062,KRBNP,부산신항,698,64122794,38,38084882,26037912
202501,202501,070,KRBNP,부산신항,23,794869,71,15534942,-14740073
202501,202501,071,KRBNP,부산신항,1147,58547068,47,2809971,55737097
202501,202501,080,KRBNP,부산신항,90,8699195,48,2231407,6467788
202501,202501,081,KRBNP,부산신항,77,4834821,32,33525218,-28690397
202501,202501,082,KRBNP,부산신항,148,7265294,74,7161155,104139
202501,202501,084,KRBNP,부산신항,92,5480874,52,8102533,-2621659
202501,202501,090,KRBNP,부산신항,7,107022,84,2282598,-2175576
202501,202501,100,KRBNP,부산신항,24,2140185,0,0,2140185
202501,202501,101,KRBNP,부산신항,6,468895,0,0,468895
202501,202501,102,KRBNP,부산신항,108,8034037,8,311558,7722479
202501,202501,110,KRBNP,부산신항,2647,301451020,977,234647841,66803179
202501,202501,120,KRBNP,부산신항,1417,93627551,88,9822398,83805153
202501,202501,121,KRBNP,부산신항,1219,91741503,171,23446573,68294930
202501,202501,122,KRBNP,부산신항,350,27763711,47,18459330,9304381
202501,202501,130,KRBNP,부산신항,54,2438918,48,3710154,-1271236
202501,202501,131,KRBNP,부산신항,411,15700488,797,72614910,-56914422
202501,202501,140,KRBNP,부산신항,137,13521509,44,4676473,8845036
202501,202501,150,KRBNP,부산신항,390,30610773,18,4424483,26186290
202501,202501,151,KRBNP,부산신항,362,37685310,292,36814833,870477
202501,202501,152,KRBNP,부산신항,658,66772515,227,17285980,49486535
202501,202501,153,KRBNP,부산신항,264,11011253,46,3463133,7548120
202501,202501,154,KRBNP,부산신항,647,55103280,10,1267570,53835710
202501,202501,016,KRBOR,보령항,0,0,1,52,-52
202501,202501,084,KRBOR,보령항,0,0,27,377933994,-377933994
202501,202501,152,KRBOR,보령항,0,0,1,50,-50
202501,202501,090,KRCHA,제주항,1,98571,0,0,98571
202501,202501,012,KRCHF,진해항,1,619,0,0,619
202501,202501,017,KRCHF,진해항,1,10584,0,0,10584
202501,202501,030,KRCHF,진해항,4,150320375,0,0,150320375
202501,202501,051,KRCHF,진해항,0,0,1,1508745,-1508745
202501,202501,053,KRCHF,진해항,6,2875392,18,11192614,-8317222
202501,202501,153,KRCHF,진해항,2,5571,0,0,5571
202501,202501,080,KRCHG,장항항,2,1261822,12,13637983,-12376161
202501,202501,150,KRCHG,장항항,1,115809,0,0,115809
202501,202501,070,KRDBL,대불항,8,4413827,0,0,4413827
202501,202501,010,KRGIN,경인항,0,0,1,1221,-1221
202501,202501,012,KRGIN,경인항,0,0,2,29331,-29331
202501,202501,014,KRGIN,경인항,1,44375,0,0,44375
202501,202501,016,KRGIN,경인항,0,0,5,301598,-301598
202501,202501,020,KRGIN,경인항,167,2610869,911,29538592,-26927723
202501,202501,021,KRGIN,경인항,0,0,1,19484,-19484
202501,202501,023,KRGIN,경인항,6,148020,0,0,148020
202501,202501,040,KRGIN,경인항,0,0,2,83703,-83703
202501,202501,041,KRGIN,경인항,0,0,11,457438,-457438
202501,202501,053,KRGIN,경인항,0,0,34,263633,-263633
202501,202501,130,KRGIN,경인항,1,1114,0,0,1114
202501,202501,131,KRGIN,경인항,0,0,2,42387,-42387
202501,202501,151,KRGIN,경인항,2,20708,0,0,20708
202501,202501,100,KRHSA,호산항,0,0,1,5751816,-5751816
202501,202501,010,KRINC,인천항,1670,17664657,638,10618178,7046479
202501,202501,011,KRINC,인천항,134,4126363,0,0,4126363
202501,202501,012,KRINC,인천항,654,34886940,754,51418047,-16531107
202501,202501,014,KRINC,인천항,1429,88108670,141,9390787,78717883
202501,202501,016,KRINC,인천항,886,125868511,453,24104015,101764496
202501,202501,017,KRINC,인천항,1148,131661808,184,9397223,122264585
202501,202501,020,KRINC,인천항,51593,1249875370,478313,6366305016,-5116429646
202501,202501,021,KRINC,인천항,1667,86582739,389,29885695,56697044
202501,202501,023,KRINC,인천항,1742,291541469,56,3047264,288494205
202501,202501,030,KRINC,인천항,224,8871040,33,4048628,4822412
202501,202501,033,KRINC,인천항,50,1181182,38,1065337,115845
202501,202501,039,KRINC,인천항,208,1516732,5,575492,941240
202501,202501,040,KRINC,인천항,328,80791877,354,25337807,55454070
202501,202501,041,KRINC,인천항,20,952339,356,23423226,-22470887
202501,202501,050,KRINC,인천항,22,1393113,4,78425,1314688
202501,202501,053,KRINC,인천항,258,10635745,48,2061678,8574067
202501,202501,054,KRINC,인천항,3,59400,0,0,59400
202501,202501,056,KRINC,인천항,21,211659,0,0,211659
202501,202501,060,KRINC,인천항,32,811019,1,3131,807888
202501,202501,062,KRINC,인천항,32,431326,0,0,431326
202501,202501,070,KRINC,인천항,20,3589353,1,17463,3571890
202501,202501,071,KRINC,인천항,76,3853525,22,1165407,2688118
202501,202501,080,KRINC,인천항,38,6049983,0,0,6049983
202501,202501,081,KRINC,인천항,70,2498935,47,2164192,334743
202501,202501,082,KRINC,인천항,76,3877225,39,412862,3464363
202501,202501,084,KRINC,인천항,12,1014729,0,0,1014729
202501,202501,090,KRINC,인천항,0,0,9,446177,-446177
202501,202501,100,KRINC,인천항,7,1537015,2,4966,1532049
202501,202501,101,KRINC,인천항,1,10500,2,48323,-37823
202501,202501,102,KRINC,인천항,77,3571902,14,199270,3372632
202501,202501,110,KRINC,인천항,77,8458445,20,914012,7544433
202501,202501,120,KRINC,인천항,354,29351249,25,1943691,27407558
202501,202501,121,KRINC,인천항,260,45298027,81,4994125,40303902
202501,202501,122,KRINC,인천항,91,25113118,0,0,25113118
202501,202501,130,KRINC,인천항,459,14812068,55,1343632,13468436
202501,202501,131,KRINC,인천항,380,23842002,90,8841986,15000016
202501,202501,140,KRINC,인천항,0,0,1,26408,-26408
202501,202501,150,KRINC,인천항,221,15890152,26,758323,15131829
202501,202501,151,KRINC,인천항,355,50825032,97,11967563,38857469
202501,202501,152,KRINC,인천항,1033,211983277,273,9807944,202175333
202501,202501,153,KRINC,인천항,110,4439935,5,79405,4360530
202501,202501,154,KRINC,인천항,969,97965305,0,0,97965305
202501,202501,051,KRJSP,장승포항,1,12480000,1,1746427,10733573
202501,202501,010,KRKAN,광양항,1,30257,0,0,30257
202501,202501,011,KRKAN,광양항,3,76623,0,0,76623
202501,202501,012,KRKAN,광양항,16,502073,11,344671,157402
202501,202501,014,KRKAN,광양항,45,4870596,0,0,4870596
202501,202501,016,KRKAN,광양항,39,4078135,0,0,4078135
202501,202501,017,KRKAN,광양항,5,61923,0,0,61923
202501,202501,020,KRKAN,광양항,483,6610578,0,0,6610578
202501,202501,021,KRKAN,광양항,19,976646,0,0,976646
202501,202501,023,KRKAN,광양항,1,4795,0,0,4795
202501,202501,030,KRKAN,광양항,22,1576552,14,1007,1575545
202501,202501,033,KRKAN,광양항,17,476014,0,0,476014
202501,202501,039,KRKAN,광양항,28,847423,0,0,847423
202501,202501,041,KRKAN,광양항,2,592892,0,0,592892
202501,202501,050,KRKAN,광양항,1,38071,0,0,38071
202501,202501,052,KRKAN,광양항,0,0,7,399278,-399278
202501,202501,053,KRKAN,광양항,40,2053319,0,0,2053319
202501,202501,056,KRKAN,광양항,18,795667,0,0,795667
202501,202501,060,KRKAN,광양항,4315,423857563,13,572678,423284885
202501,202501,062,KRKAN,광양항,6393,1130065061,6127,1300479325,-170414264
202501,202501,070,KRKAN,광양항,89,6450820,18,1625870,4824950
202501,202501,071,KRKAN,광양항,1462,68524108,5,453607,68070501
202501,202501,080,KRKAN,광양항,290,30053163,45,7814114,22239049
202501,202501,081,KRKAN,광양항,202,11984137,10,3265228,8718909
202501,202501,082,KRKAN,광양항,330,29547290,29,1528888,28018402
202501,202501,084,KRKAN,광양항,9,1037782,0,0,1037782
202501,202501,102,KRKAN,광양항,5,512819,0,0,512819
202501,202501,110,KRKAN,광양항,24,3011483,0,0,3011483
202501,202501,120,KRKAN,광양항,143,8393477,0,0,8393477
202501,202501,121,KRKAN,광양항,236,7374204,0,0,7374204
202501,202501,122,KRKAN,광양항,75,5460456,0,0,5460456
202501,202501,130,KRKAN,광양항,1,13691,2,8421,5270
202501,202501,131,KRKAN,광양항,7,34470,0,0,34470
202501,202501,150,KRKAN,광양항,103,8760985,0,0,8760985
202501,202501,151,KRKAN,광양항,47,26982331,0,0,26982331
202501,202501,152,KRKAN,광양항,75,10880560,0,0,10880560
202501,202501,153,KRKAN,광양항,20,2219054,0,0,2219054
202501,202501,154,KRKAN,광양항,315,34384271,0,0,34384271
202501,202501,010,KRKCN,감천항,1,13228,0,0,13228
202501,202501,014,KRKCN,감천항,1,56086,0,0,56086
202501,202501,020,KRKCN,감천항,171,4010479,0,0,4010479
202501,202501,030,KRKCN,감천항,208,31646531,601,126490278,-94843747
202501,202501,052,KRKCN,감천항,12,143486,0,0,143486
202501,202501,053,KRKCN,감천항,0,0,3,13185,-13185
202501,202501,056,KRKCN,감천항,0,0,4,2057040,-2057040
202501,202501,080,KRKCN,감천항,0,0,2,670803,-670803
202501,202501,100,KRKCN,감천항,1,7183,0,0,7183
202501,202501,110,KRKCN,감천항,0,0,1,58420,-58420
202501,202501,120,KRKCN,감천항,0,0,1,139091,-139091
202501,202501,122,KRKCN,감천항,0,0,1,172256,-172256
202501,202501,151,KRKCN,감천항,14,434995,0,0,434995
202501,202501,051,KRKHN,고현항,31,128911288,63,94855930,34055358
202501,202501,030,KRKPO,포항항,0,0,5,385,-385
202501,202501,039,KRKPO,포항항,1,25539,0,0,25539
202501,202501,053,KRKPO,포항항,11,1801176,0,0,1801176
202501,202501,060,KRKPO,포항항,4,271613,0,0,271613
202501,202501,062,KRKPO,포항항,13,1147098,0,0,1147098
202501,202501,120,KRKPO,포항항,3,677962,0,0,677962
202501,202501,122,KRKPO,포항항,1479,413095404,157,158773308,254322096
202501,202501,140,KRKPO,포항항,0,0,2,520,-520
202501,202501,152,KRKPO,포항항,9,2649077,0,0,2649077
202501,202501,014,KRKUV,군산항,3,81737,0,0,81737
202501,202501,016,KRKUV,군산항,1,88161,0,0,88161
202501,202501,020,KRKUV,군산항,14,6451606,4294,30365550,-23913944
202501,202501,023,KRKUV,군산항,2,246324,0,0,246324
202501,202501,030,KRKUV,군산항,5,118993,1,150,118843
202501,202501,033,KRKUV,군산항,1,9100,0,0,9100
202501,202501,041,KRKUV,군산항,0,0,1,325156,-325156
202501,202501,050,KRKUV,군산항,1,422679,0,0,422679
202501,202501,053,KRKUV,군산항,1,14219,0,0,14219
202501,202501,054,KRKUV,군산항,1,17531,0,0,17531
202501,202501,062,KRKUV,군산항,2,262556,0,0,262556
202501,202501,070,KRKUV,군산항,1,473879,0,0,473879
202501,202501,071,KRKUV,군산항,0,0,3,324360,-324360
202501,202501,080,KRKUV,군산항,265,46764405,76426,291432336,-244667931
202501,202501,081,KRKUV,군산항,5,444462,2,88924,355538
202501,202501,082,KRKUV,군산항,60,8582851,19,677261,7905590
202501,202501,110,KRKUV,군산항,5,1277197,0,0,1277197
202501,202501,120,KRKUV,군산항,1,183629,0,0,183629
202501,202501,150,KRKUV,군산항,6,271256,0,0,271256
202501,202501,152,KRKUV,군산항,14,2732621,0,0,2732621
202501,202501,012,KRMAS,마산항,7,169482,0,0,169482
202501,202501,014,KRMAS,마산항,1,1417091,0,0,1417091
202501,202501,016,KRMAS,마산항,15,20820104,0,0,20820104
202501,202501,017,KRMAS,마산항,28,635594,97,5253793,-4618199
202501,202501,020,KRMAS,마산항,293,13444609,0,0,13444609
202501,202501,021,KRMAS,마산항,11,2327187,0,0,2327187
202501,202501,023,KRMAS,마산항,10,9197447,0,0,9197447
202501,202501,030,KRMAS,마산항,27,9527150,11,3146474,6380676
202501,202501,039,KRMAS,마산항,4,2036001,0,0,2036001
202501,202501,050,KRMAS,마산항,292,340691975,268,115919703,224772272
202501,202501,051,KRMAS,마산항,0,0,4,19789031,-19789031
202501,202501,053,KRMAS,마산항,178,383967853,0,0,383967853
202501,202501,054,KRMAS,마산항,1,854681,0,0,854681
202501,202501,056,KRMAS,마산항,9,2652424,3,479408,2173016
202501,202501,062,KRMAS,마산항,3,7123623,0,0,7123623
202501,202501,071,KRMAS,마산항,2,563316,0,0,563316
202501,202501,080,KRMAS,마산항,31,10352021,0,0,10352021
202501,202501,082,KRMAS,마산항,1,346016,0,0,346016
202501,202501,110,KRMAS,마산항,38,48200007,0,0,48200007
202501,202501,120,KRMAS,마산항,8,850761,0,0,850761
202501,202501,121,KRMAS,마산항,8,25535085,0,0,25535085
202501,202501,122,KRMAS,마산항,12,16955397,0,0,16955397
202501,202501,150,KRMAS,마산항,2,10333052,0,0,10333052
202501,202501,151,KRMAS,마산항,4,9712862,0,0,9712862
202501,202501,152,KRMAS,마산항,20,13531735,0,0,13531735
202501,202501,153,KRMAS,마산항,6,6663510,0,0,6663510
202501,202501,154,KRMAS,마산항,2,6516899,0,0,6516899
202501,202501,110,KRMIP,미포항,23,510149268,0,0,510149268
202501,202501,070,KRMOK,목포항,114,1189613268,32,28409642,1161203626
202501,202501,080,KRMOK,목포항,14,794038,0,0,794038
202501,202501,020,KRMUK,묵호항,3,61960,0,0,61960
202501,202501,100,KRMUK,묵호항,53,2681583,0,0,2681583
202501,202501,100,KROKK,옥계항,0,0,26,1737410,-1737410
202501,202501,030,KROKP,옥포항,0,0,4,147185,-147185
202501,202501,051,KROKP,옥포항,25,853689062,45,179333342,674355720
202501,202501,110,KRONS,온산항,330,1003879801,28,1465668600,-461788799
202501,202501,010,KRPTK,평택항,13,127167,0,0,127167
202501,202501,011,KRPTK,평택항,2,34784,0,0,34784
202501,202501,012,KRPTK,평택항,10,86562,46,1961964,-1875402
202501,202501,014,KRPTK,평택항,58,2352626,3,39771,2312855
202501,202501,016,KRPTK,평택항,4409,1732331292,110202,2652246765,-919915473
202501,202501,017,KRPTK,평택항,35,16813178,3,32360,16780818
202501,202501,020,KRPTK,평택항,806,18495297,3162,24511711,-6016414
202501,202501,021,KRPTK,평택항,89,16031898,1979,94150675,-78118777
202501,202501,023,KRPTK,평택항,55,3521996,8,1296039,2225957
202501,202501,030,KRPTK,평택항,138,30339475,51,9556044,20783431
202501,202501,033,KRPTK,평택항,13,587406,0,0,587406
202501,202501,039,KRPTK,평택항,4,1023522,23510,1049670,-26148
202501,202501,040,KRPTK,평택항,9,672592,16,1190605,-518013
202501,202501,050,KRPTK,평택항,21,602960,0,0,602960
202501,202501,053,KRPTK,평택항,138,8166944,0,0,8166944
202501,202501,056,KRPTK,평택항,9,3901804,11,940392,2961412
202501,202501,060,KRPTK,평택항,1,2880,0,0,2880
202501,202501,062,KRPTK,평택항,12,1941141,0,0,1941141
202501,202501,071,KRPTK,평택항,14,853450,5,150403,703047
202501,202501,080,KRPTK,평택항,6,402073,0,0,402073
202501,202501,081,KRPTK,평택항,18,1406741,0,0,1406741
202501,202501,082,KRPTK,평택항,21,3532974,0,0,3532974
202501,202501,102,KRPTK,평택항,16,1325409,3,22291,1303118
202501,202501,110,KRPTK,평택항,8,525265,6,192570,332695
202501,202501,120,KRPTK,평택항,60,23631326,0,0,23631326
202501,202501,121,KRPTK,평택항,239,69648496,0,0,69648496
202501,202501,122,KRPTK,평택항,3,436715,0,0,436715
202501,202501,130,KRPTK,평택항,22,1176692,0,0,1176692
202501,202501,131,KRPTK,평택항,21,1320591,25,1517630,-197039
202501,202501,150,KRPTK,평택항,34,2011801,11,1070695,941106
202501,202501,151,KRPTK,평택항,256,52579538,59,8610376,43969162
202501,202501,152,KRPTK,평택항,740,204825189,257,125241796,79583393
202501,202501,153,KRPTK,평택항,8,905038,0,0,905038
202501,202501,154,KRPTK,평택항,372,49924943,0,0,49924943
202501,202501,010,KRPUS,부산항,1982,34340374,114,3879940,30460434
202501,202501,011,KRPUS,부산항,336,12972683,0,0,12972683
202501,202501,012,KRPUS,부산항,2364,105714973,613,97396308,8318665
202501,202501,014,KRPUS,부산항,4084,272731629,39,5088073,267643556
202501,202501,016,KRPUS,부산항,3551,324734793,705,223020214,101714579
202501,202501,017,KRPUS,부산항,2587,128100989,117,7199426,120901563
202501,202501,020,KRPUS,부산항,4954,280523655,213,7318740,273204915
202501,202501,021,KRPUS,부산항,4347,413904853,541,168967323,244937530
202501,202501,023,KRPUS,부산항,2527,160054881,28,1222085,158832796
202501,202501,030,KRPUS,부산항,41580,3204396907,51891,3884750326,-680353419
202501,202501,033,KRPUS,부산항,4406,275374854,3295,99434168,175940686
202501,202501,037,KRPUS,부산항,0,0,11,8698,-8698
202501,202501,039,KRPUS,부산항,10221,157857940,57154,40249052,117608888
202501,202501,040,KRPUS,부산항,302,11140924,173,4383606,6757318
202501,202501,041,KRPUS,부산항,45,2970272,87,6774375,-3804103
202501,202501,050,KRPUS,부산항,1082,61726721,56,1059448,60667273
202501,202501,051,KRPUS,부산항,14,748927,75,12012634,-11263707
202501,202501,052,KRPUS,부산항,3,237201,0,0,237201
202501,202501,053,KRPUS,부산항,8914,417747834,698,23377168,394370666
202501,202501,054,KRPUS,부산항,28,1288504,5,95802,1192702
202501,202501,056,KRPUS,부산항,1188,97469191,113,10133063,87336128
202501,202501,060,KRPUS,부산항,2011,143541157,15,924558,142616599
202501,202501,062,KRPUS,부산항,632,82285809,18,3035447,79250362
202501,202501,070,KRPUS,부산항,355,19730523,60,5521520,14209003
202501,202501,071,KRPUS,부산항,1040,87952906,48,2408084,85544822
202501,202501,080,KRPUS,부산항,816,88081397,54,3416697,84664700
202501,202501,081,KRPUS,부산항,769,104952422,35,5096560,99855862
202501,202501,082,KRPUS,부산항,1663,131714712,83,4767413,126947299
202501,202501,084,KRPUS,부산항,89,4775314,11,1388977,3386337
202501,202501,090,KRPUS,부산항,64,1345250,45,1577405,-232155
202501,202501,100,KRPUS,부산항,50,3620440,8,275266,3345174
202501,202501,101,KRPUS,부산항,12,408791,23,771571,-362780
202501,202501,102,KRPUS,부산항,548,41230432,48,999668,40230764
202501,202501,110,KRPUS,부산항,8203,901415128,681,99179059,802236069
202501,202501,120,KRPUS,부산항,7883,442981425,225,14489631,428491794
202501,202501,121,KRPUS,부산항,6529,523309064,583,39890438,483418626
202501,202501,122,KRPUS,부산항,1845,219181105,59,21666605,197514500
202501,202501,130,KRPUS,부산항,843,27732756,4,1620036,26112720
202501,202501,131,KRPUS,부산항,1386,63484763,182,16582193,46902570
202501,202501,140,KRPUS,부산항,23,3236634,31,3189383,47251
202501,202501,150,KRPUS,부산항,3031,225207106,100,4388349,220818757
202501,202501,151,KRPUS,부산항,3282,438450498,510,71600338,366850160
202501,202501,152,KRPUS,부산항,4559,476231357,251,34081949,442149408
202501,202501,153,KRPUS,부산항,2191,160934338,54,7396261,153538077
202501,202501,154,KRPUS,부산항,1484,151433830,9,476430,150957400
202501,202501,052,KRSCP,삼천포항,0,0,12,72627250,-72627250
202501,202501,030,KRSHG,포항신항,1,293435,0,0,293435
202501,202501,110,KRSHG,포항신항,0,0,11,11533424,-11533424
202501,202501,122,KRSHG,포항신항,53,24392540,123,350514037,-326121497
202501,202501,030,KRSHO,속초항,1,4636,0,0,4636
202501,202501,101,KRSHO,속초항,0,0,29,6398907,-6398907
202501,202501,100,KRSUK,삼척항,0,0,2,16626648,-16626648
202501,202501,154,KRTAN,태안항,0,0,7,76699735,-76699735
202501,202501,010,KRTGH,동해항,46,327755,0,0,327755
202501,202501,012,KRTGH,동해항,26,290709,0,0,290709
202501,202501,014,KRTGH,동해항,1,161198,0,0,161198
202501,202501,016,KRTGH,동해항,2,57621,0,0,57621
202501,202501,017,KRTGH,동해항,20,182823,0,0,182823
202501,202501,020,KRTGH,동해항,386,10716898,0,0,10716898
202501,202501,021,KRTGH,동해항,3,89291,0,0,89291
202501,202501,023,KRTGH,동해항,52,1202479,0,0,1202479
202501,202501,030,KRTGH,동해항,6,62185,1,5,62180
202501,202501,039,KRTGH,동해항,2,3396,0,0,3396
202501,202501,100,KRTGH,동해항,127,11302132,113,137209821,-125907689
202501,202501,101,KRTGH,동해항,0,0,1,16094,-16094
202501,202501,130,KRTGH,동해항,5,67280,0,0,67280
202501,202501,131,KRTGH,동해항,9,377077,0,0,377077
202501,202501,140,KRTGH,동해항,0,0,1,150,-150
202501,202501,150,KRTGH,동해항,2,34860,0,0,34860
202501,202501,151,KRTGH,동해항,98,2823306,0,0,2823306
202501,202501,153,KRTGH,동해항,4,73428,0,0,73428
202501,202501,016,KRTJI,당진항,6,8463066,49,201291768,-192828702
202501,202501,020,KRTJI,당진항,52,8243137,0,0,8243137
202501,202501,030,KRTJI,당진항,1,83211,0,0,83211
202501,202501,039,KRTJI,당진항,3,554114,0,0,554114
202501,202501,053,KRTJI,당진항,3,705523,0,0,705523
202501,202501,060,KRTJI,당진항,33,4550172,0,0,4550172
202501,202501,070,KRTJI,당진항,1,4011,0,0,4011
202501,202501,080,KRTJI,당진항,21,1766289,0,0,1766289
202501,202501,122,KRTJI,당진항,6,1115749,0,0,1115749
202501,202501,152,KRTJI,당진항,557,223013306,2,20225689,202787617
202501,202501,154,KRTJI,당진항,0,0,10,103856284,-103856284
202501,202501,030,KRTSN,대산항,0,0,1,40,-40
202501,202501,060,KRTSN,대산항,5,7929455,0,0,7929455
202501,202501,110,KRTSN,대산항,1,1961979,0,0,1961979
202501,202501,154,KRTSN,대산항,470,902488357,206,2248580640,-1346092283
202501,202501,030,KRTYG,통영항,12,835872,0,0,835872
202501,202501,054,KRTYG,통영항,13,122627874,316,41131311,81496563
202501,202501,140,KRTYG,통영항,0,0,2,250,-250
202501,202501,020,KRUSN,울산항,3,930147,0,0,930147
202501,202501,023,KRUSN,울산항,1,271620,0,0,271620
202501,202501,030,KRUSN,울산항,8,100497,9,134945,-34448
202501,202501,033,KRUSN,울산항,2,1815,0,0,1815
202501,202501,039,KRUSN,울산항,3,4110799,0,0,4110799
202501,202501,051,KRUSN,울산항,0,0,1,1739914,-1739914
202501,202501,053,KRUSN,울산항,7,1835497,0,0,1835497
202501,202501,056,KRUSN,울산항,1,209320,0,0,209320
202501,202501,060,KRUSN,울산항,12,7139477,0,0,7139477
202501,202501,062,KRUSN,울산항,2,33938,0,0,33938
202501,202501,080,KRUSN,울산항,7,2442106,0,0,2442106
202501,202501,110,KRUSN,울산항,5614,3546503625,2265,4206638901,-660135276
202501,202501,120,KRUSN,울산항,16,3023922,0,0,3023922
202501,202501,121,KRUSN,울산항,4,601544,0,0,601544
202501,202501,122,KRUSN,울산항,4,516449,0,0,516449
202501,202501,130,KRUSN,울산항,1,13064,0,0,13064
202501,202501,140,KRUSN,울산항,0,0,1,60,-60
202501,202501,151,KRUSN,울산항,2,2602649,0,0,2602649
202501,202501,152,KRUSN,울산항,2,208059,0,0,208059
202501,202501,154,KRUSN,울산항,7,16314890,0,0,16314890
202501,202501,122,KRYMH,영일만항,0,0,53,3097548,-3097548
202501,202501,060,KRYOC,여천항,0,0,65,352196543,-352196543
202501,202501,030,KRYOS,여수항,0,0,7,492,-492
202501,202501,060,KRYOS,여수항,342,1434501430,274,2969207512,-1534706082
202501,202501,062,KRYOS,여수항,2,272969,0,0,272969
202501,202501,110,KRYOS,여수항,0,0,1,120,-120
202501,202501,152,KRYOS,여수항,6,1322793,0,0,1322793
202501,202501,154,KRYOS,여수항,1,1540770,0,0,1540770
202501,202501,010,KRZZZ,기타불개항,26,9199685,0,0,9199685
202501,202501,016,KRZZZ,기타불개항,0,0,6,7875,-7875
202501,202501,017,KRZZZ,기타불개항,0,0,3,17870,-17870
202501,202501,020,KRZZZ,기타불개항,0,0,27,249327,-249327
202501,202501,051,KRZZZ,기타불개항,1,226306,0,0,226306
202501,202501,054,KRZZZ,기타불개항,2,42000,10,392682925,-392640925
202501,202501,062,KRZZZ,기타불개항,0,0,7,87618264,-87618264
202501,202501,070,KRZZZ,기타불개항,4,492700,2,574100,-81400
202501,202501,082,KRZZZ,기타불개항,8,7277,0,0,7277
202501,202501,090,KRZZZ,기타불개항,6,508341,0,0,508341
202501,202501,100,KRZZZ,기타불개항,1,1346,7,277998949,-277997603
202501,202501,121,KRZZZ,기타불개항,0,0,2,39500,-39500
202501,202501,151,KRZZZ,기타불개항,0,0,10,25118204,-25118204
202501,202501,071,MWX,무안국제공항,0,0,1,4232,-4232
202501,202501,010,PUS,김해국제공항,1,13606,0,0,13606
202501,202501,017,PUS,김해국제공항,0,0,4,170046,-170046
202501,202501,030,PUS,김해국제공항,299,9196807,114,94480,9102327
202501,202501,033,PUS,김해국제공항,41,538646,0,0,538646
202501,202501,039,PUS,김해국제공항,70,999747,3,1700,998047
202501,202501,040,PUS,김해국제공항,2,9579,1,9193,386
202501,202501,050,PUS,김해국제공항,65,12530184,0,0,12530184
202501,202501,051,PUS,김해국제공항,0,0,2,79964,-79964
202501,202501,053,PUS,김해국제공항,74,1093083,3,78,1093005
202501,202501,056,PUS,김해국제공항,7,509372,22,267895,241477
202501,202501,060,PUS,김해국제공항,1,52409,0,0,52409
202501,202501,071,PUS,김해국제공항,3,20031,0,0,20031
202501,202501,082,PUS,김해국제공항,1,525,0,0,525
202501,202501,110,PUS,김해국제공항,9,187522,3,36896,150626
202501,202501,120,PUS,김해국제공항,8,61227,0,0,61227
202501,202501,121,PUS,김해국제공항,1,3024,10,2552155,-2549131
202501,202501,122,PUS,김해국제공항,1,21975,0,0,21975
202501,202501,131,PUS,김해국제공항,2,14313,0,0,14313
202501,202501,140,PUS,김해국제공항,224,1507901,873,7103531,-5595630
202501,202501,151,PUS,김해국제공항,2,18373,0,0,18373
202501,202501,030,TAE,대구국제공항,4,97786,0,0,97786
202501,202501,120,TAE,대구국제공항,7,26284,120,421479,-395195
202501,202501,110,USN,울산공항,1,5261454,0,0,5261454
202501,202501,012,ZZZZZ,기타항,1,1800,0,0,1800
202501,202501,017,ZZZZZ,기타항,2,2272,0,0,2272
202501,202501,090,ZZZZZ,기타항,1,618000,1,102204,515796
202501,202501,130,ZZZZZ,기타항,1,1313,0,0,1313
202501,총계,,-,-,924439,49176983282,3847092,51172291846,-1995308564
202502,202502,010,010,서울세관,30,3995,0,0,3995
202502,202502,012,010,서울세관,453,29304,0,0,29304
202502,202502,030,010,서울세관,1,16367,0,0,16367
202502,202502,130,010,서울세관,433,6878,0,0,6878
202502,202502,010,037,부산국제우편세관,1,4172,0,0,4172
202502,202502,011,037,부산국제우편세관,1,1197,0,0,1197
202502,202502,021,037,부산국제우편세관,1,4758,0,0,4758
202502,202502,030,037,부산국제우편세관,6,14710,0,0,14710
202502,202502,033,037,부산국제우편세관,6,5414,0,0,5414
202502,202502,037,037,부산국제우편세관,0,0,12,39514,-39514
202502,202502,039,037,부산국제우편세관,5,15167,0,0,15167
202502,202502,050,037,부산국제우편세관,3,1172,0,0,1172
202502,202502,130,037,부산국제우편세관,2,2551,0,0,2551
202502,202502,040,040,인천공항세관,0,0,8,32595,-32595
202502,202502,082,CHN,전주공항,1,4551,0,0,4551
202502,202502,056,CJJ,청주국제공항,1,1000,0,0,1000
202502,202502,151,CJJ,청주국제공항,0,0,67,233232,-233232
202502,202502,090,CJU,제주국제공항,2,2234,148,664484,-662250
202502,202502,010,GMP,김포국제공항,18,904827,2,6672237,-5767410
202502,202502,011,GMP,김포국제공항,4,3219,0,0,3219
202502,202502,012,GMP,김포국제공항,11,436,0,0,436
202502,202502,016,GMP,김포국제공항,1,50908,0,0,50908
202502,202502,017,GMP,김포국제공항,13,72172,0,0,72172
202502,202502,020,GMP,김포국제공항,26,41767,0,0,41767
202502,202502,023,GMP,김포국제공항,288,2423329,0,0,2423329
202502,202502,030,GMP,김포국제공항,13,256,0,0,256
202502,202502,040,GMP,김포국제공항,12738,1350885,4,103902,1246983
202502,202502,041,GMP,김포국제공항,268,1082152,1145,1179951,-97799
202502,202502,053,GMP,김포국제공항,1,2350,0,0,2350
202502,202502,071,GMP,김포국제공항,5,4428,0,0,4428
202502,202502,120,GMP,김포국제공항,3,2052,0,0,2052
202502,202502,121,GMP,김포국제공항,0,0,8,176260,-176260
202502,202502,130,GMP,김포국제공항,384,135621,0,0,135621
202502,202502,131,GMP,김포국제공항,2,14626,0,0,14626
202502,202502,153,GMP,김포국제공항,1,2904,0,0,2904
202502,202502,010,ICN,인천국제공항,38391,310944377,2315,160578381,150365996
202502,202502,011,ICN,인천국제공항,3901,7421354,4,7035,7414319
202502,202502,012,ICN,인천국제공항,14847,1409621684,1526,940298577,469323107
202502,202502,014,ICN,인천국제공항,9261,160627835,249,23099183,137528652
202502,202502,016,ICN,인천국제공항,11028,1456270453,3763,571959311,884311142
202502,202502,017,ICN,인천국제공항,29667,345006404,3158,187385247,157621157
202502,202502,020,ICN,인천국제공항,13027,1188483584,3167,1151099617,37383967
202502,202502,021,ICN,인천국제공항,21063,914085175,8811,798285562,115799613
202502,202502,023,ICN,인천국제공항,30404,228777038,1146,159944293,68832745
202502,202502,030,ICN,인천국제공항,5551,109847561,917,65762812,44084749
202502,202502,033,ICN,인천국제공항,424,4092604,19,540203,3552401
202502,202502,037,ICN,인천국제공항,0,0,4,3370,-3370
202502,202502,039,ICN,인천국제공항,3287,13032632,311,23856930,-10824298
202502,202502,040,ICN,인천국제공항,383506,5052221097,3012546,8748125737,-3695904640
202502,202502,041,ICN,인천국제공항,9388,18460800,2553,157203167,-138742367
202502,202502,050,ICN,인천국제공항,516,11269163,99,7874740,3394423
202502,202502,051,ICN,인천국제공항,13,100329,314,15777009,-15676680
202502,202502,053,ICN,인천국제공항,4914,76090751,2251,99703520,-23612769
202502,202502,054,ICN,인천국제공항,10,17512,7,1414735,-1397223
202502,202502,056,ICN,인천국제공항,2568,51994218,1598,90284131,-38289913
202502,202502,060,ICN,인천국제공항,146,1992938,27,2033662,-40724
202502,202502,062,ICN,인천국제공항,22,130028,14,874780,-744752
202502,202502,070,ICN,인천국제공항,70,1175478,107,20975440,-19799962
202502,202502,071,ICN,인천국제공항,3127,227916372,1654,536822942,-308906570
202502,202502,080,ICN,인천국제공항,175,6956661,6,44798,6911863
202502,202502,081,ICN,인천국제공항,550,21894465,147,24222731,-2328266
202502,202502,082,ICN,인천국제공항,473,6237244,39,8503192,-2265948
202502,202502,084,ICN,인천국제공항,16,108419,7,38119,70300
202502,202502,090,ICN,인천국제공항,194,109734,110,3444231,-3334497
202502,202502,100,ICN,인천국제공항,50,1679927,0,0,1679927
202502,202502,101,ICN,인천국제공항,5,137472,2,330485,-193013
202502,202502,102,ICN,인천국제공항,981,38396643,3,848960,37547683
202502,202502,110,ICN,인천국제공항,726,28716623,1073,42718177,-14001554
202502,202502,120,ICN,인천국제공항,5057,107915075,286,24328417,83586658
202502,202502,121,ICN,인천국제공항,12504,1390098160,5672,917371639,472726521
202502,202502,122,ICN,인천국제공항,276,4748730,39,445294,4303436
202502,202502,130,ICN,인천국제공항,19719,96062237,308,13968902,82093335
202502,202502,131,ICN,인천국제공항,4878,66570206,116,2651289,63918917
202502,202502,140,ICN,인천국제공항,337,2602280,1195,24965581,-22363301
202502,202502,150,ICN,인천국제공항,3061,98458765,261,11335174,87123591
202502,202502,151,ICN,인천국제공항,7092,1184200810,997,163764251,1020436559
202502,202502,152,ICN,인천국제공항,8439,2242178374,2703,674039210,1568139164
202502,202502,153,ICN,인천국제공항,1464,32716087,91,2049238,30666849
202502,202502,154,ICN,인천국제공항,102,1118005,26,934594,183411
202502,202502,010,KRBNP,부산신항,97,2027064,647,22536394,-20509330
202502,202502,011,KRBNP,부산신항,90,3866725,0,0,3866725
202502,202502,012,KRBNP,부산신항,490,12376586,5135,355556994,-343180408
202502,202502,014,KRBNP,부산신항,620,34026953,271,17430769,16596184
202502,202502,016,KRBNP,부산신항,558,55688385,1731,121864263,-66175878
202502,202502,017,KRBNP,부산신항,576,24015626,104,5509035,18506591
202502,202502,020,KRBNP,부산신항,676,39474515,825,46170872,-6696357
202502,202502,021,KRBNP,부산신항,799,55755521,4109,306750064,-250994543
202502,202502,023,KRBNP,부산신항,410,19012987,103,6840165,12172822
202502,202502,030,KRBNP,부산신항,20902,1766145369,39800,4082081417,-2315936048
202502,202502,033,KRBNP,부산신항,926,42412714,2095,117357680,-74944966
202502,202502,039,KRBNP,부산신항,248,31942817,295,14220944,17721873
202502,202502,040,KRBNP,부산신항,24,483746,462,21088679,-20604933
202502,202502,041,KRBNP,부산신항,27,1111293,901,40757521,-39646228
202502,202502,050,KRBNP,부산신항,260,23774120,34,491024,23283096
202502,202502,051,KRBNP,부산신항,0,0,100,31623308,-31623308
202502,202502,053,KRBNP,부산신항,15962,471931057,789,49964565,421966492
202502,202502,054,KRBNP,부산신항,20,1899661,6,1955106,-55445
202502,202502,056,KRBNP,부산신항,330,24820814,272,48105008,-23284194
202502,202502,060,KRBNP,부산신항,2760,227653098,13,2942656,224710442
202502,202502,062,KRBNP,부산신항,872,82221208,30,22162890,60058318
202502,202502,070,KRBNP,부산신항,28,2389160,91,13912902,-11523742
202502,202502,071,KRBNP,부산신항,1311,65467187,53,5074592,60392595
202502,202502,080,KRBNP,부산신항,163,11601046,51,3405162,8195884
202502,202502,081,KRBNP,부산신항,87,5250870,17,10082871,-4832001
202502,202502,082,KRBNP,부산신항,187,10845061,47,4157623,6687438
202502,202502,084,KRBNP,부산신항,88,5823716,51,8935284,-3111568
202502,202502,090,KRBNP,부산신항,1,19041,81,2454964,-2435923
202502,202502,100,KRBNP,부산신항,19,3795519,0,0,3795519
202502,202502,101,KRBNP,부산신항,5,383555,0,0,383555
202502,202502,102,KRBNP,부산신항,124,9417654,13,508765,8908889
202502,202502,110,KRBNP,부산신항,3299,431131130,1074,273470104,157661026
202502,202502,120,KRBNP,부산신항,1500,116700720,94,11609037,105091683
202502,202502,121,KRBNP,부산신항,1342,92213900,130,18944326,73269574
202502,202502,122,KRBNP,부산신항,396,31083207,46,18570642,12512565
202502,202502,130,KRBNP,부산신항,90,3487959,52,4857210,-1369251
202502,202502,131,KRBNP,부산신항,410,16241668,729,71081507,-54839839
202502,202502,140,KRBNP,부산신항,180,20655828,33,1628226,19027602
202502,202502,150,KRBNP,부산신항,532,44721519,14,3060274,41661245
202502,202502,151,KRBNP,부산신항,370,34072635,301,32044852,2027783
202502,202502,152,KRBNP,부산신항,822,72269123,297,36728559,35540564
202502,202502,153,KRBNP,부산신항,265,12458427,57,8727746,3730681
202502,202502,154,KRBNP,부산신항,663,56629651,13,1134140,55495511
202502,202502,030,KRBOR,보령항,0,0,2,1100,-1100
202502,202502,084,KRBOR,보령항,0,0,29,408274666,-408274666
202502,202502,152,KRBOR,보령항,0,0,2,230,-230
202502,202502,090,KRCHA,제주항,0,0,1,1,-1
202502,202502,030,KRCHF,진해항,1,20401200,0,0,20401200
202502,202502,051,KRCHF,진해항,0,0,4,3360528,-3360528
202502,202502,053,KRCHF,진해항,3,244245,21,11290261,-11046016
202502,202502,060,KRCHF,진해항,1,19400,0,0,19400
202502,202502,153,KRCHF,진해항,2,5091,0,0,5091
202502,202502,080,KRCHG,장항항,0,0,8,5998838,-5998838
202502,202502,150,KRCHG,장항항,1,123809,0,0,123809
202502,202502,012,KRGIN,경인항,0,0,5,55913,-55913
202502,202502,016,KRGIN,경인항,0,0,7,268845,-268845
202502,202502,020,KRGIN,경인항,127,1471631,695,24858225,-23386594
202502,202502,021,KRGIN,경인항,0,0,4,67258,-67258
202502,202502,023,KRGIN,경인항,3,12013,1,19730,-7717
202502,202502,040,KRGIN,경인항,0,0,1,32730,-32730
202502,202502,041,KRGIN,경인항,0,0,13,1005519,-1005519
202502,202502,053,KRGIN,경인항,0,0,32,332124,-332124
202502,202502,131,KRGIN,경인항,0,0,1,5826,-5826
202502,202502,152,KRGIN,경인항,2,168887,0,0,168887
202502,202502,153,KRGIN,경인항,0,0,1,2080,-2080
202502,202502,100,KRHSA,호산항,0,0,1,2660080,-2660080
202502,202502,010,KRINC,인천항,1458,20638422,979,11415532,9222890
202502,202502,011,KRINC,인천항,188,7001280,0,0,7001280
202502,202502,012,KRINC,인천항,798,40130181,727,42330737,-2200556
202502,202502,014,KRINC,인천항,1778,112528567,146,9740974,102787593
202502,202502,016,KRINC,인천항,1019,154002479,435,23901371,130101108
202502,202502,017,KRINC,인천항,1300,122743491,143,8273686,114469805
202502,202502,020,KRINC,인천항,66237,1615065553,475788,5191285139,-3576219586
202502,202502,021,KRINC,인천항,2048,110534789,345,18046088,92488701
202502,202502,023,KRINC,인천항,2067,379566755,56,4473117,375093638
202502,202502,030,KRINC,인천항,276,21140610,32,3505003,17635607
202502,202502,033,KRINC,인천항,47,1227824,31,2706264,-1478440
202502,202502,039,KRINC,인천항,103,1825006,2,1119,1823887
202502,202502,040,KRINC,인천항,351,47986263,391,30491713,17494550
202502,202502,041,KRINC,인천항,32,988667,285,22931733,-21943066
202502,202502,050,KRINC,인천항,21,3338627,3,52791,3285836
202502,202502,051,KRINC,인천항,0,0,1,2000,-2000
202502,202502,053,KRINC,인천항,230,10074511,41,1771834,8302677
202502,202502,054,KRINC,인천항,3,125522,2,137055,-11533
202502,202502,056,KRINC,인천항,22,659414,0,0,659414
202502,202502,060,KRINC,인천항,28,4800339,0,0,4800339
202502,202502,062,KRINC,인천항,19,276680,0,0,276680
202502,202502,070,KRINC,인천항,26,4894114,0,0,4894114
202502,202502,071,KRINC,인천항,67,2945619,17,964675,1980944
202502,202502,080,KRINC,인천항,47,8498528,0,0,8498528
202502,202502,081,KRINC,인천항,62,2708951,36,1384856,1324095
202502,202502,082,KRINC,인천항,69,4040032,67,480343,3559689
202502,202502,084,KRINC,인천항,17,997367,0,0,997367
202502,202502,090,KRINC,인천항,3,20169,2,83898,-63729
202502,202502,100,KRINC,인천항,7,1153616,3,83710,1069906
202502,202502,101,KRINC,인천항,0,0,3,63680,-63680
202502,202502,102,KRINC,인천항,113,8365246,25,199455,8165791
202502,202502,110,KRINC,인천항,69,7676573,22,2199403,5477170
202502,202502,120,KRINC,인천항,384,66589004,22,1917816,64671188
202502,202502,121,KRINC,인천항,284,50412711,93,5883775,44528936
202502,202502,122,KRINC,인천항,87,21572636,0,0,21572636
202502,202502,130,KRINC,인천항,567,18331281,44,1093853,17237428
202502,202502,131,KRINC,인천항,486,23579515,132,12035892,11543623
202502,202502,150,KRINC,인천항,287,18566007,11,386120,18179887
202502,202502,151,KRINC,인천항,456,55597645,67,4358411,51239234
202502,202502,152,KRINC,인천항,1238,311695629,206,8058936,303636693
202502,202502,153,KRINC,인천항,202,11170532,7,90902,11079630
202502,202502,154,KRINC,인천항,1136,121844890,0,0,121844890
202502,202502,010,KRKAN,광양항,4,84900,0,0,84900
202502,202502,011,KRKAN,광양항,2,64963,0,0,64963
202502,202502,012,KRKAN,광양항,25,500460,7,147829,352631
202502,202502,014,KRKAN,광양항,48,7665003,0,0,7665003
202502,202502,016,KRKAN,광양항,38,3861417,0,0,3861417
202502,202502,017,KRKAN,광양항,4,89462,0,0,89462
202502,202502,020,KRKAN,광양항,103,4615194,0,0,4615194
202502,202502,021,KRKAN,광양항,21,1437759,0,0,1437759
202502,202502,023,KRKAN,광양항,7,453423,0,0,453423
202502,202502,030,KRKAN,광양항,32,2501297,5,19824,2481473
202502,202502,033,KRKAN,광양항,19,714110,0,0,714110
202502,202502,039,KRKAN,광양항,38,968301,0,0,968301
202502,202502,041,KRKAN,광양항,3,1112447,0,0,1112447
202502,202502,050,KRKAN,광양항,2,347001,0,0,347001
202502,202502,051,KRKAN,광양항,1,2169,0,0,2169
202502,202502,052,KRKAN,광양항,0,0,6,292488,-292488
202502,202502,053,KRKAN,광양항,65,3597100,0,0,3597100
202502,202502,054,KRKAN,광양항,1,47475,0,0,47475
202502,202502,056,KRKAN,광양항,19,1649706,0,0,1649706
202502,202502,060,KRKAN,광양항,4714,467090502,6,414098,466676404
202502,202502,062,KRKAN,광양항,7097,1164361099,6087,1036621906,127739193
202502,202502,070,KRKAN,광양항,114,7247666,2,706649,6541017
202502,202502,071,KRKAN,광양항,1858,82924607,11,864954,82059653
202502,202502,080,KRKAN,광양항,384,46065048,51,9299965,36765083
202502,202502,081,KRKAN,광양항,243,16805534,16,20947623,-4142089
202502,202502,082,KRKAN,광양항,376,46416346,26,1170401,45245945
202502,202502,084,KRKAN,광양항,19,1410376,0,0,1410376
202502,202502,102,KRKAN,광양항,3,28213,0,0,28213
202502,202502,110,KRKAN,광양항,24,1711914,1,43296,1668618
202502,202502,120,KRKAN,광양항,96,7425592,0,0,7425592
202502,202502,121,KRKAN,광양항,202,6357664,0,0,6357664
202502,202502,122,KRKAN,광양항,73,7756821,0,0,7756821
202502,202502,130,KRKAN,광양항,5,120521,0,0,120521
202502,202502,131,KRKAN,광양항,1,1900,0,0,1900
202502,202502,150,KRKAN,광양항,110,6642630,0,0,6642630
202502,202502,151,KRKAN,광양항,31,25440197,0,0,25440197
202502,202502,152,KRKAN,광양항,73,10176859,0,0,10176859
202502,202502,153,KRKAN,광양항,14,1537002,1,17153,1519849
202502,202502,154,KRKAN,광양항,407,40927861,0,0,40927861
202502,202502,020,KRKCN,감천항,335,9505600,0,0,9505600
202502,202502,030,KRKCN,감천항,291,9728729,712,179353809,-169625080
202502,202502,051,KRKCN,감천항,0,0,1,127107,-127107
202502,202502,052,KRKCN,감천항,12,101071,0,0,101071
202502,202502,053,KRKCN,감천항,1,18420,2,6368,12052
202502,202502,056,KRKCN,감천항,0,0,6,3232845,-3232845
202502,202502,062,KRKCN,감천항,0,0,2,698099,-698099
202502,202502,100,KRKCN,감천항,1,5000,0,0,5000
202502,202502,110,KRKCN,감천항,3,81199,2,2028213,-1947014
202502,202502,120,KRKCN,감천항,0,0,1,244943,-244943
202502,202502,051,KRKHN,고현항,47,548549545,45,60820472,487729073
202502,202502,030,KRKPO,포항항,0,0,6,104,-104
202502,202502,039,KRKPO,포항항,16,4147695,0,0,4147695
202502,202502,053,KRKPO,포항항,4,1423522,0,0,1423522
202502,202502,062,KRKPO,포항항,6,276648,0,0,276648
202502,202502,080,KRKPO,포항항,2,1170425,0,0,1170425
202502,202502,110,KRKPO,포항항,0,0,1,233,-233
202502,202502,120,KRKPO,포항항,4,696158,0,0,696158
202502,202502,122,KRKPO,포항항,1243,390067234,170,123153133,266914101
202502,202502,152,KRKPO,포항항,5,1741373,0,0,1741373
202502,202502,153,KRKPO,포항항,3,5074397,0,0,5074397
202502,202502,016,KRKUV,군산항,1,4963,0,0,4963
202502,202502,020,KRKUV,군산항,10,1291103,2651,12625215,-11334112
202502,202502,033,KRKUV,군산항,7,63404,0,0,63404
202502,202502,054,KRKUV,군산항,1,23930,0,0,23930
202502,202502,060,KRKUV,군산항,1,7050,0,0,7050
202502,202502,070,KRKUV,군산항,1,473879,0,0,473879
202502,202502,071,KRKUV,군산항,1,19925,2,138610,-118685
202502,202502,080,KRKUV,군산항,250,35272165,58503,263663712,-228391547
202502,202502,081,KRKUV,군산항,5,360652,3,198423,162229
202502,202502,082,KRKUV,군산항,53,10199892,17,865736,9334156
202502,202502,110,KRKUV,군산항,6,1642610,0,0,1642610
202502,202502,120,KRKUV,군산항,2,194084,0,0,194084
202502,202502,121,KRKUV,군산항,6,127405,0,0,127405
202502,202502,150,KRKUV,군산항,3,200246,0,0,200246
202502,202502,152,KRKUV,군산항,5,584485,0,0,584485
202502,202502,154,KRKUV,군산항,1,24750,0,0,24750
202502,202502,010,KRMAS,마산항,2,436659,0,0,436659
202502,202502,012,KRMAS,마산항,1,3488,0,0,3488
202502,202502,014,KRMAS,마산항,3,6584573,0,0,6584573
202502,202502,016,KRMAS,마산항,6,17699553,16,815361,16884192
202502,202502,017,KRMAS,마산항,21,674254,76,3487378,-2813124
202502,202502,020,KRMAS,마산항,312,14664218,0,0,14664218
202502,202502,021,KRMAS,마산항,6,9522313,0,0,9522313
202502,202502,023,KRMAS,마산항,7,7287473,0,0,7287473
202502,202502,030,KRMAS,마산항,77,18243015,8,9815,18233200
202502,202502,033,KRMAS,마산항,3,1031582,0,0,1031582
202502,202502,039,KRMAS,마산항,30,14640861,0,0,14640861
202502,202502,050,KRMAS,마산항,311,371984005,274,126494593,245489412
202502,202502,051,KRMAS,마산항,0,0,6,7305980,-7305980
202502,202502,053,KRMAS,마산항,230,288335887,2,880595,287455292
202502,202502,054,KRMAS,마산항,2,471406,0,0,471406
202502,202502,056,KRMAS,마산항,14,5301462,4,701289,4600173
202502,202502,062,KRMAS,마산항,3,6420157,0,0,6420157
202502,202502,070,KRMAS,마산항,2,603164,1,1143680,-540516
202502,202502,080,KRMAS,마산항,22,13420452,0,0,13420452
202502,202502,082,KRMAS,마산항,1,6890,0,0,6890
202502,202502,100,KRMAS,마산항,1,12695,0,0,12695
202502,202502,102,KRMAS,마산항,1,13954,0,0,13954
202502,202502,110,KRMAS,마산항,56,87371358,1,1087247,86284111
202502,202502,120,KRMAS,마산항,12,2545397,0,0,2545397
202502,202502,121,KRMAS,마산항,6,23027420,0,0,23027420
202502,202502,122,KRMAS,마산항,18,8030427,0,0,8030427
202502,202502,150,KRMAS,마산항,2,116451558,0,0,116451558
202502,202502,151,KRMAS,마산항,7,10562014,0,0,10562014
202502,202502,152,KRMAS,마산항,29,4348316,0,0,4348316
202502,202502,153,KRMAS,마산항,1,799964,0,0,799964
202502,202502,154,KRMAS,마산항,9,20587328,0,0,20587328
202502,202502,110,KRMIP,미포항,18,398262380,0,0,398262380
202502,202502,070,KRMOK,목포항,115,782589011,27,31619454,750969557
202502,202502,014,KRMUK,묵호항,1,15313,0,0,15313
202502,202502,100,KRMUK,묵호항,66,3573429,0,0,3573429
202502,202502,100,KROKK,옥계항,2,2170081,22,7131471,-4961390
202502,202502,030,KROKP,옥포항,0,0,2,39600,-39600
202502,202502,051,KROKP,옥포항,17,154848972,29,61287055,93561917
202502,202502,110,KRONS,온산항,317,954457357,18,854777384,99679973
202502,202502,010,KRPTK,평택항,11,68859,2,80326,-11467
202502,202502,011,KRPTK,평택항,2,52940,0,0,52940
202502,202502,012,KRPTK,평택항,21,190980,54,1963795,-1772815
202502,202502,014,KRPTK,평택항,83,4929799,1,11088,4918711
202502,202502,016,KRPTK,평택항,4863,2147545589,124608,2449302312,-301756723
202502,202502,017,KRPTK,평택항,48,26143567,16,433751,25709816
202502,202502,020,KRPTK,평택항,699,20140204,1089,7077956,13062248
202502,202502,021,KRPTK,평택항,113,14204476,2099,99443565,-85239089
202502,202502,023,KRPTK,평택항,74,1792341,7,943351,848990
202502,202502,030,KRPTK,평택항,153,29182709,53,9953161,19229548
202502,202502,033,KRPTK,평택항,7,405431,0,0,405431
202502,202502,039,KRPTK,평택항,0,0,36776,1371349,-1371349
202502,202502,040,KRPTK,평택항,17,1486938,11,883170,603768
202502,202502,050,KRPTK,평택항,21,733880,0,0,733880
202502,202502,053,KRPTK,평택항,93,8351396,1,73176,8278220
202502,202502,056,KRPTK,평택항,6,2939305,10,381196,2558109
202502,202502,062,KRPTK,평택항,4,96144,0,0,96144
202502,202502,070,KRPTK,평택항,2,349735,0,0,349735
202502,202502,071,KRPTK,평택항,26,1451133,8,475615,975518
202502,202502,080,KRPTK,평택항,16,6304647,0,0,6304647
202502,202502,081,KRPTK,평택항,32,2122833,0,0,2122833
202502,202502,082,KRPTK,평택항,25,1916422,2,87979,1828443
202502,202502,084,KRPTK,평택항,9,2445898,0,0,2445898
202502,202502,102,KRPTK,평택항,20,995773,5,98336,897437
202502,202502,110,KRPTK,평택항,17,1301887,8,244178,1057709
202502,202502,120,KRPTK,평택항,67,22833287,0,0,22833287
202502,202502,121,KRPTK,평택항,274,80867372,0,0,80867372
202502,202502,122,KRPTK,평택항,3,318604,0,0,318604
202502,202502,130,KRPTK,평택항,19,1476228,0,0,1476228
202502,202502,131,KRPTK,평택항,21,2532811,15,602665,1930146
202502,202502,150,KRPTK,평택항,34,1538095,9,789789,748306
202502,202502,151,KRPTK,평택항,252,39474753,32,2447354,37027399
202502,202502,152,KRPTK,평택항,774,232140639,253,81648925,150491714
202502,202502,153,KRPTK,평택항,14,293454,0,0,293454
202502,202502,154,KRPTK,평택항,359,55234462,0,0,55234462
202502,202502,010,KRPUS,부산항,2186,36462754,136,5536064,30926690
202502,202502,011,KRPUS,부산항,383,15533972,0,0,15533972
202502,202502,012,KRPUS,부산항,2422,126610179,695,110070968,16539211
202502,202502,014,KRPUS,부산항,4651,306562016,70,7594867,298967149
202502,202502,016,KRPUS,부산항,4267,365033328,814,315250229,49783099
202502,202502,017,KRPUS,부산항,3090,149142722,131,8052632,141090090
202502,202502,020,KRPUS,부산항,7039,373868467,336,8393995,365474472
202502,202502,021,KRPUS,부산항,5058,468672448,566,153619205,315053243
202502,202502,023,KRPUS,부산항,2962,170129034,28,1034912,169094122
202502,202502,030,KRPUS,부산항,49408,3771508058,51261,3974525173,-203017115
202502,202502,033,KRPUS,부산항,4961,309420360,3610,106973872,202446488
202502,202502,037,KRPUS,부산항,0,0,3,588,-588
202502,202502,039,KRPUS,부산항,11620,160128851,78065,46691595,113437256
202502,202502,040,KRPUS,부산항,316,14769525,130,10303809,4465716
202502,202502,041,KRPUS,부산항,70,4257052,107,10176118,-5919066
202502,202502,050,KRPUS,부산항,1286,75795608,65,1118211,74677397
202502,202502,051,KRPUS,부산항,10,375691,127,21755594,-21379903
202502,202502,052,KRPUS,부산항,7,1022070,0,0,1022070
202502,202502,053,KRPUS,부산항,10355,474167287,767,33134140,441033147
202502,202502,054,KRPUS,부산항,39,2731002,5,194013,2536989
202502,202502,056,KRPUS,부산항,1447,128575329,135,12201414,116373915
202502,202502,060,KRPUS,부산항,2076,132729323,18,4797669,127931654
202502,202502,062,KRPUS,부산항,736,104755579,22,1676227,103079352
202502,202502,070,KRPUS,부산항,361,22045751,77,7572661,14473090
202502,202502,071,KRPUS,부산항,1309,115896397,97,5361748,110534649
202502,202502,080,KRPUS,부산항,963,121485543,57,3638298,117847245
202502,202502,081,KRPUS,부산항,828,93633149,48,11714553,81918596
202502,202502,082,KRPUS,부산항,1848,148831019,85,3251405,145579614
202502,202502,084,KRPUS,부산항,95,5710342,10,1544035,4166307
202502,202502,090,KRPUS,부산항,46,1278313,52,2144967,-866654
202502,202502,100,KRPUS,부산항,73,2704299,0,0,2704299
202502,202502,101,KRPUS,부산항,52,918668,31,1035181,-116513
202502,202502,102,KRPUS,부산항,692,53640713,51,987212,52653501
202502,202502,110,KRPUS,부산항,9582,1026620067,806,116356068,910263999
202502,202502,120,KRPUS,부산항,9143,524122490,230,14197454,509925036
202502,202502,121,KRPUS,부산항,7252,606969608,621,44905695,562063913
202502,202502,122,KRPUS,부산항,2160,311162062,81,24474475,286687587
202502,202502,130,KRPUS,부산항,984,31844035,9,477100,31366935
202502,202502,131,KRPUS,부산항,1554,72172369,177,12801967,59370402
202502,202502,140,KRPUS,부산항,31,4565603,43,5984558,-1418955
202502,202502,150,KRPUS,부산항,3712,345321863,115,206722595,138599268
202502,202502,151,KRPUS,부산항,3699,488430968,539,88554551,399876417
202502,202502,152,KRPUS,부산항,5192,529544086,255,39661489,489882597
202502,202502,153,KRPUS,부산항,2453,189866239,30,2924686,186941553
202502,202502,154,KRPUS,부산항,1641,142392335,15,715695,141676640
202502,202502,030,KRSCP,삼천포항,0,0,3,50,-50
202502,202502,052,KRSCP,삼천포항,0,0,10,65583516,-65583516
202502,202502,110,KRSHG,포항신항,0,0,24,13934471,-13934471
202502,202502,122,KRSHG,포항신항,52,21742146,69,213825687,-192083541
202502,202502,101,KRSHO,속초항,0,0,24,3645759,-3645759
202502,202502,100,KRSUK,삼척항,0,0,2,29949706,-29949706
202502,202502,154,KRTAN,태안항,0,0,7,80100007,-80100007
202502,202502,010,KRTGH,동해항,73,637223,0,0,637223
202502,202502,011,KRTGH,동해항,1,180,0,0,180
202502,202502,012,KRTGH,동해항,44,553914,0,0,553914
202502,202502,014,KRTGH,동해항,12,334733,0,0,334733
202502,202502,016,KRTGH,동해항,1,59335,0,0,59335
202502,202502,017,KRTGH,동해항,29,421208,0,0,421208
202502,202502,020,KRTGH,동해항,651,18673228,0,0,18673228
202502,202502,021,KRTGH,동해항,3,82642,0,0,82642
202502,202502,023,KRTGH,동해항,66,1190647,0,0,1190647
202502,202502,030,KRTGH,동해항,6,53255,1,51,53204
202502,202502,039,KRTGH,동해항,1,565,0,0,565
202502,202502,050,KRTGH,동해항,1,17884,0,0,17884
202502,202502,082,KRTGH,동해항,1,7646,0,0,7646
202502,202502,100,KRTGH,동해항,361,79103775,133,140907488,-61803713
202502,202502,120,KRTGH,동해항,1,6899,0,0,6899
202502,202502,130,KRTGH,동해항,13,237143,0,0,237143
202502,202502,131,KRTGH,동해항,8,474328,0,0,474328
202502,202502,151,KRTGH,동해항,129,4354173,0,0,4354173
202502,202502,152,KRTGH,동해항,1,4300,0,0,4300
202502,202502,153,KRTGH,동해항,1,5252,0,0,5252
202502,202502,016,KRTJI,당진항,6,806245,73,232959699,-232153454
202502,202502,020,KRTJI,당진항,44,9885299,0,0,9885299
202502,202502,039,KRTJI,당진항,2,169138,0,0,169138
202502,202502,053,KRTJI,당진항,6,1523270,0,0,1523270
202502,202502,060,KRTJI,당진항,22,3554270,0,0,3554270
202502,202502,070,KRTJI,당진항,1,130230,0,0,130230
202502,202502,080,KRTJI,당진항,1,100696,0,0,100696
202502,202502,110,KRTJI,당진항,1,32286,0,0,32286
202502,202502,122,KRTJI,당진항,3,524711,0,0,524711
202502,202502,152,KRTJI,당진항,497,226334764,2,11124467,215210297
202502,202502,154,KRTJI,당진항,0,0,9,79272279,-79272279
202502,202502,020,KRTSN,대산항,0,0,1,50,-50
202502,202502,060,KRTSN,대산항,4,14170097,0,0,14170097
202502,202502,152,KRTSN,대산항,1,2388723,0,0,2388723
202502,202502,154,KRTSN,대산항,564,1161744718,179,2145615329,-983870611
202502,202502,030,KRTYG,통영항,5,44623,0,0,44623
202502,202502,039,KRTYG,통영항,1,12605,0,0,12605
202502,202502,054,KRTYG,통영항,8,1566237,305,39198256,-37632019
202502,202502,110,KRTYG,통영항,1,3516,0,0,3516
202502,202502,016,KRUSN,울산항,3,1114612,3,496860,617752
202502,202502,020,KRUSN,울산항,3,1435439,0,0,1435439
202502,202502,021,KRUSN,울산항,1,4285,0,0,4285
202502,202502,023,KRUSN,울산항,2,1208955,0,0,1208955
202502,202502,030,KRUSN,울산항,4,702342,7,9682,692660
202502,202502,039,KRUSN,울산항,1,1842296,0,0,1842296
202502,202502,053,KRUSN,울산항,1,78486,0,0,78486
202502,202502,056,KRUSN,울산항,1,133242,0,0,133242
202502,202502,060,KRUSN,울산항,12,11564325,0,0,11564325
202502,202502,080,KRUSN,울산항,11,4629802,0,0,4629802
202502,202502,110,KRUSN,울산항,5580,3828083830,2379,3745643051,82440779
202502,202502,120,KRUSN,울산항,12,2447933,0,0,2447933
202502,202502,121,KRUSN,울산항,3,76081,0,0,76081
202502,202502,122,KRUSN,울산항,17,1345541,0,0,1345541
202502,202502,151,KRUSN,울산항,3,6791405,0,0,6791405
202502,202502,152,KRUSN,울산항,7,3815086,0,0,3815086
202502,202502,154,KRUSN,울산항,2,1491515,0,0,1491515
202502,202502,122,KRYMH,영일만항,0,0,85,28851352,-28851352
202502,202502,060,KRYOC,여천항,0,0,32,439827851,-439827851
202502,202502,030,KRYOS,여수항,0,0,5,779,-779
202502,202502,060,KRYOS,여수항,316,1425812595,254,2282651510,-856838915
202502,202502,062,KRYOS,여수항,4,259816,0,0,259816
202502,202502,110,KRYOS,여수항,0,0,1,275,-275
202502,202502,140,KRYOS,여수항,0,0,1,2800,-2800
202502,202502,152,KRYOS,여수항,4,499674,0,0,499674
202502,202502,154,KRYOS,여수항,1,1944480,0,0,1944480
202502,202502,010,KRZZZ,기타불개항,23,20664307,0,0,20664307
202502,202502,016,KRZZZ,기타불개항,0,0,3,938,-938
202502,202502,017,KRZZZ,기타불개항,0,0,3,4756,-4756
202502,202502,020,KRZZZ,기타불개항,0,0,30,685439,-685439
202502,202502,051,KRZZZ,기타불개항,0,0,1,313128,-313128
202502,202502,052,KRZZZ,기타불개항,0,0,1,59,-59
202502,202502,054,KRZZZ,기타불개항,4,4424,7,204173274,-204168850
202502,202502,056,KRZZZ,기타불개항,0,0,1,79385224,-79385224
202502,202502,062,KRZZZ,기타불개항,0,0,5,51562657,-51562657
202502,202502,070,KRZZZ,기타불개항,1,198800,0,0,198800
202502,202502,080,KRZZZ,기타불개항,1,334,0,0,334
202502,202502,100,KRZZZ,기타불개항,1,282,3,111983506,-111983224
202502,202502,121,KRZZZ,기타불개항,0,0,6,321250,-321250
202502,202502,014,PUS,김해국제공항,1,499,0,0,499
202502,202502,016,PUS,김해국제공항,1,1931,0,0,1931
202502,202502,017,PUS,김해국제공항,1,5200,12,1268967,-1263767
202502,202502,021,PUS,김해국제공항,5,68683,0,0,68683
202502,202502,023,PUS,김해국제공항,2,9583,0,0,9583
202502,202502,030,PUS,김해국제공항,356,11802037,147,80005,11722032
202502,202502,033,PUS,김해국제공항,48,616656,0,0,616656
202502,202502,039,PUS,김해국제공항,83,1430609,0,0,1430609
202502,202502,040,PUS,김해국제공항,13,139320,6,3432236,-3292916
202502,202502,050,PUS,김해국제공항,80,12365475,0,0,12365475
202502,202502,051,PUS,김해국제공항,0,0,1,22000,-22000
202502,202502,053,PUS,김해국제공항,66,1148532,11,121071,1027461
202502,202502,056,PUS,김해국제공항,8,303420,34,1026423,-723003
202502,202502,060,PUS,김해국제공항,1,72284,0,0,72284
202502,202502,071,PUS,김해국제공항,2,66076,0,0,66076
202502,202502,110,PUS,김해국제공항,21,20105,6,7509,12596
202502,202502,120,PUS,김해국제공항,9,71708,0,0,71708
202502,202502,121,PUS,김해국제공항,2,24035,31,6399427,-6375392
202502,202502,122,PUS,김해국제공항,2,12648,0,0,12648
202502,202502,130,PUS,김해국제공항,1,6279,0,0,6279
202502,202502,140,PUS,김해국제공항,246,1536018,939,9169164,-7633146
202502,202502,151,PUS,김해국제공항,3,9593,0,0,9593
202502,202502,152,PUS,김해국제공항,1,24736,0,0,24736
202502,202502,030,TAE,대구국제공항,3,128837,0,0,128837
202502,202502,120,TAE,대구국제공항,7,12324,107,409200,-396876
202502,202502,012,ZZZZZ,기타항,2,17805,0,0,17805
202502,202502,017,ZZZZZ,기타항,2,992,0,0,992
202502,202502,051,ZZZZZ,기타항,0,0,1,448568,-448568
202502,총계,,-,-,1014430,52292253687,3982365,48328741427,3963512260
202503,202503,010,010,서울세관,161,6512,0,0,6512
202503,202503,012,010,서울세관,495,28432,0,0,28432
202503,202503,030,010,서울세관,2,7823,0,0,7823
202503,202503,130,010,서울세관,438,6686,0,0,6686
202503,202503,010,037,부산국제우편세관,1,175,0,0,175
202503,202503,030,037,부산국제우편세관,7,23365,0,0,23365
202503,202503,033,037,부산국제우편세관,8,4484,0,0,4484
202503,202503,037,037,부산국제우편세관,0,0,16,34866,-34866
202503,202503,039,037,부산국제우편세관,3,5097,0,0,5097
202503,202503,040,037,부산국제우편세관,0,0,2,922,-922
202503,202503,050,037,부산국제우편세관,1,1,0,0,1
202503,202503,130,037,부산국제우편세관,1,1601,0,0,1601
202503,202503,040,040,인천공항세관,0,0,19,51432,-51432
202503,202503,121,CJJ,청주국제공항,1,9943,0,0,9943
202503,202503,140,CJJ,청주국제공항,0,0,1,2151,-2151
202503,202503,150,CJJ,청주국제공항,1,1600,0,0,1600
202503,202503,151,CJJ,청주국제공항,1,4633,64,220072,-215439
202503,202503,090,CJU,제주국제공항,5,7664,164,671743,-664079
202503,202503,151,CJU,제주국제공항,0,0,1,219,-219
202503,202503,010,GMP,김포국제공항,23,2563597,2,4167342,-1603745
202503,202503,011,GMP,김포국제공항,2,12042,0,0,12042
202503,202503,012,GMP,김포국제공항,9,354,1,163794,-163440
202503,202503,017,GMP,김포국제공항,12,67263,0,0,67263
202503,202503,020,GMP,김포국제공항,36,26205,0,0,26205
202503,202503,023,GMP,김포국제공항,322,1838068,0,0,1838068
202503,202503,030,GMP,김포국제공항,36,574,0,0,574
202503,202503,040,GMP,김포국제공항,13385,1859786,29,281330,1578456
202503,202503,041,GMP,김포국제공항,253,2119317,2578,2209890,-90573
202503,202503,056,GMP,김포국제공항,1,2520,0,0,2520
202503,202503,071,GMP,김포국제공항,11,10837,0,0,10837
202503,202503,120,GMP,김포국제공항,5,5923,0,0,5923
202503,202503,121,GMP,김포국제공항,0,0,14,607637,-607637
202503,202503,130,GMP,김포국제공항,339,56067,0,0,56067
202503,202503,131,GMP,김포국제공항,2,15512,0,0,15512
202503,202503,152,GMP,김포국제공항,1,2417,0,0,2417
202503,202503,153,GMP,김포국제공항,1,2880,0,0,2880
202503,202503,010,ICN,인천국제공항,57310,234233409,2550,154478467,79754942
202503,202503,011,ICN,인천국제공항,4147,9859641,0,0,9859641
202503,202503,012,ICN,인천국제공항,13427,2047102566,1692,789568530,1257534036
202503,202503,014,ICN,인천국제공항,9910,208447324,277,31942577,176504747
202503,202503,016,ICN,인천국제공항,12805,1734668329,3757,510652135,1224016194
202503,202503,017,ICN,인천국제공항,27844,334215117,3722,210067294,124147823
202503,202503,020,ICN,인천국제공항,21491,1249024605,3625,1607566813,-358542208
202503,202503,021,ICN,인천국제공항,24028,1227662758,9925,861720500,365942258
202503,202503,023,ICN,인천국제공항,32772,226051391,1340,155125880,70925511
202503,202503,030,ICN,인천국제공항,5352,118595222,1148,81361963,37233259
202503,202503,033,ICN,인천국제공항,454,5234495,30,502199,4732296
202503,202503,037,ICN,인천국제공항,0,0,1,542,-542
202503,202503,039,ICN,인천국제공항,2859,15113416,190,18688856,-3575440
202503,202503,040,ICN,인천국제공항,561935,7016329484,3537022,10195530093,-3179200609
202503,202503,041,ICN,인천국제공항,11401,39957158,2545,147263652,-107306494
202503,202503,050,ICN,인천국제공항,599,11022867,129,11543085,-520218
202503,202503,051,ICN,인천국제공항,10,149873,364,13056037,-12906164
202503,202503,052,ICN,인천국제공항,0,0,1,2054,-2054
202503,202503,053,ICN,인천국제공항,5580,76936234,2226,103037804,-26101570
202503,202503,054,ICN,인천국제공항,13,19663,4,5371,14292
202503,202503,056,ICN,인천국제공항,2515,47889654,1499,74411923,-26522269
202503,202503,060,ICN,인천국제공항,153,1811906,22,1915124,-103218
202503,202503,062,ICN,인천국제공항,15,577734,12,72852,504882
202503,202503,070,ICN,인천국제공항,73,1665445,110,11306389,-9640944
202503,202503,071,ICN,인천국제공항,3065,260226383,1933,555285459,-295059076
202503,202503,080,ICN,인천국제공항,136,7193002,11,86573,7106429
202503,202503,081,ICN,인천국제공항,557,24143942,154,25105499,-961557
202503,202503,082,ICN,인천국제공항,777,8233469,61,6217330,2016139
202503,202503,084,ICN,인천국제공항,14,90618,10,3375893,-3285275
202503,202503,090,ICN,인천국제공항,144,309738,101,2535461,-2225723
202503,202503,100,ICN,인천국제공항,35,1418829,1,12966,1405863
202503,202503,101,ICN,인천국제공항,6,50905,2,839386,-788481
202503,202503,102,ICN,인천국제공항,2560,36961099,2,17227,36943872
202503,202503,110,ICN,인천국제공항,727,30722727,1023,45653020,-14930293
202503,202503,120,ICN,인천국제공항,5130,118453269,271,23773553,94679716
202503,202503,121,ICN,인천국제공항,13241,1250698788,6685,963063081,287635707
202503,202503,122,ICN,인천국제공항,293,2698307,25,874463,1823844
202503,202503,130,ICN,인천국제공항,18051,107685332,331,15754573,91930759
202503,202503,131,ICN,인천국제공항,5207,81485445,153,3416783,78068662
202503,202503,140,ICN,인천국제공항,598,2000760,1281,31094871,-29094111
202503,202503,150,ICN,인천국제공항,3281,181574877,246,9377713,172197164
202503,202503,151,ICN,인천국제공항,7727,1834060755,1090,172404392,1661656363
202503,202503,152,ICN,인천국제공항,9766,2491388515,2830,780162118,1711226397
202503,202503,153,ICN,인천국제공항,1426,30681033,90,2089529,28591504
202503,202503,154,ICN,인천국제공항,112,903721,22,320695,583026
202503,202503,010,KRBNP,부산신항,98,1635431,696,21479986,-19844555
202503,202503,011,KRBNP,부산신항,103,5065593,0,0,5065593
202503,202503,012,KRBNP,부산신항,408,15128505,5274,364988889,-349860384
202503,202503,014,KRBNP,부산신항,570,38479894,318,14525968,23953926
202503,202503,016,KRBNP,부산신항,556,52271286,2011,121104910,-68833624
202503,202503,017,KRBNP,부산신항,598,26016967,80,4204367,21812600
202503,202503,020,KRBNP,부산신항,723,40631553,861,43081712,-2450159
202503,202503,021,KRBNP,부산신항,821,55216789,3841,311808807,-256592018
202503,202503,023,KRBNP,부산신항,389,22065131,83,11793047,10272084
202503,202503,030,KRBNP,부산신항,21489,1744157818,42579,4515142419,-2770984601
202503,202503,033,KRBNP,부산신항,969,42278852,2145,107556246,-65277394
202503,202503,039,KRBNP,부산신항,259,22988876,255,11463844,11525032
202503,202503,040,KRBNP,부산신항,32,2796851,440,23211690,-20414839
202503,202503,041,KRBNP,부산신항,29,1034701,743,31811815,-30777114
202503,202503,050,KRBNP,부산신항,254,19046052,128,2787780,16258272
202503,202503,051,KRBNP,부산신항,0,0,100,29741731,-29741731
202503,202503,052,KRBNP,부산신항,3,151561,0,0,151561
202503,202503,053,KRBNP,부산신항,15567,472654936,726,57861604,414793332
202503,202503,054,KRBNP,부산신항,13,758848,3,890193,-131345
202503,202503,056,KRBNP,부산신항,353,22767666,208,42164560,-19396894
202503,202503,060,KRBNP,부산신항,2760,231756057,8,1211761,230544296
202503,202503,062,KRBNP,부산신항,831,78469199,43,29932647,48536552
202503,202503,070,KRBNP,부산신항,33,2366976,65,13991080,-11624104
202503,202503,071,KRBNP,부산신항,1457,72527797,39,3388904,69138893
202503,202503,080,KRBNP,부산신항,144,13809017,58,2134316,11674701
202503,202503,081,KRBNP,부산신항,94,5526862,22,10300437,-4773575
202503,202503,082,KRBNP,부산신항,138,9272101,67,5982132,3289969
202503,202503,084,KRBNP,부산신항,87,4958956,33,5166402,-207446
202503,202503,090,KRBNP,부산신항,3,57028,52,1070747,-1013719
202503,202503,100,KRBNP,부산신항,25,3679919,0,0,3679919
202503,202503,101,KRBNP,부산신항,7,599950,0,0,599950
202503,202503,102,KRBNP,부산신항,136,11685775,13,338092,11347683
202503,202503,110,KRBNP,부산신항,3128,435854840,944,223917523,211937317
202503,202503,120,KRBNP,부산신항,1622,112254934,96,10098588,102156346
202503,202503,121,KRBNP,부산신항,1413,88197005,142,19025206,69171799
202503,202503,122,KRBNP,부산신항,422,30828707,48,17008557,13820150
202503,202503,130,KRBNP,부산신항,97,3992868,46,2975621,1017247
202503,202503,131,KRBNP,부산신항,408,17706152,852,93328366,-75622214
202503,202503,140,KRBNP,부산신항,131,16109078,40,1551076,14558002
202503,202503,150,KRBNP,부산신항,529,39305851,23,4853187,34452664
202503,202503,151,KRBNP,부산신항,419,41963245,323,31910189,10053056
202503,202503,152,KRBNP,부산신항,852,54942451,289,25656220,29286231
202503,202503,153,KRBNP,부산신항,301,14387997,67,4720947,9667050
202503,202503,154,KRBNP,부산신항,576,43131527,9,684185,42447342
202503,202503,084,KRBOR,보령항,1,844,21,308899041,-308898197
202503,202503,021,KRCHA,제주항,1,13607,0,0,13607
202503,202503,030,KRCHF,진해항,1,64716033,0,0,64716033
202503,202503,053,KRCHF,진해항,2,3456815,11,5629109,-2172294
202503,202503,060,KRCHF,진해항,1,9700,0,0,9700
202503,202503,120,KRCHF,진해항,1,3294,0,0,3294
202503,202503,153,KRCHF,진해항,1,1497,0,0,1497
202503,202503,080,KRCHG,장항항,0,0,9,3378864,-3378864
202503,202503,150,KRCHG,장항항,1,126809,0,0,126809
202503,202503,070,KRDBL,대불항,11,6274804,0,0,6274804
202503,202503,010,KRGIN,경인항,0,0,1,28805,-28805
202503,202503,012,KRGIN,경인항,2,75671,5,201161,-125490
202503,202503,016,KRGIN,경인항,0,0,3,118380,-118380
202503,202503,020,KRGIN,경인항,164,1870108,1020,30015231,-28145123
202503,202503,021,KRGIN,경인항,0,0,2,45209,-45209
202503,202503,023,KRGIN,경인항,3,3511,1,41560,-38049
202503,202503,040,KRGIN,경인항,0,0,1,157,-157
202503,202503,041,KRGIN,경인항,0,0,12,782473,-782473
202503,202503,053,KRGIN,경인항,0,0,23,168023,-168023
202503,202503,081,KRGIN,경인항,0,0,1,3550,-3550
202503,202503,130,KRGIN,경인항,2,1030,0,0,1030
202503,202503,131,KRGIN,경인항,0,0,5,14614,-14614
202503,202503,151,KRGIN,경인항,2,18926,2,3888,15038
202503,202503,152,KRGIN,경인항,1,56616,0,0,56616
202503,202503,153,KRGIN,경인항,1,17382,0,0,17382
202503,202503,100,KRHSA,호산항,0,0,1,5812148,-5812148
202503,202503,010,KRINC,인천항,1537,21881014,722,10326035,11554979
202503,202503,011,KRINC,인천항,185,8423849,0,0,8423849
202503,202503,012,KRINC,인천항,863,80909025,765,43732231,37176794
202503,202503,014,KRINC,인천항,1680,101475380,185,12664288,88811092
202503,202503,016,KRINC,인천항,1020,136883582,466,32108334,104775248
202503,202503,017,KRINC,인천항,1413,149601547,192,8135703,141465844
202503,202503,020,KRINC,인천항,66402,1650583122,485536,6439800603,-4789217481
202503,202503,021,KRINC,인천항,1865,111553311,355,19986272,91567039
202503,202503,023,KRINC,인천항,2107,382221969,39,2810569,379411400
202503,202503,030,KRINC,인천항,311,21897144,55,5983526,15913618
202503,202503,033,KRINC,인천항,100,2492912,31,2829707,-336795
202503,202503,039,KRINC,인천항,287,2033238,2,435431,1597807
202503,202503,040,KRINC,인천항,350,27061643,419,28717022,-1655379
202503,202503,041,KRINC,인천항,39,1657167,305,43940278,-42283111
202503,202503,050,KRINC,인천항,25,2152873,6,99164,2053709
202503,202503,051,KRINC,인천항,0,0,1,6371,-6371
202503,202503,053,KRINC,인천항,277,9378196,50,1980405,7397791
202503,202503,054,KRINC,인천항,3,154837,15,576115,-421278
202503,202503,056,KRINC,인천항,14,127328,0,0,127328
202503,202503,060,KRINC,인천항,21,285165,0,0,285165
202503,202503,062,KRINC,인천항,29,251139,1,48750,202389
202503,202503,070,KRINC,인천항,14,2190052,1,46219,2143833
202503,202503,071,KRINC,인천항,104,5239868,48,2568509,2671359
202503,202503,080,KRINC,인천항,45,10470936,0,0,10470936
202503,202503,081,KRINC,인천항,71,2581064,47,1992158,588906
202503,202503,082,KRINC,인천항,92,5216154,76,1188753,4027401
202503,202503,084,KRINC,인천항,14,543598,0,0,543598
202503,202503,090,KRINC,인천항,1,595,1,9460,-8865
202503,202503,100,KRINC,인천항,5,1980809,0,0,1980809
202503,202503,102,KRINC,인천항,109,7407703,26,228603,7179100
202503,202503,110,KRINC,인천항,67,8888852,43,2214713,6674139
202503,202503,120,KRINC,인천항,412,32694280,45,2364451,30329829
202503,202503,121,KRINC,인천항,245,32174071,114,4443940,27730131
202503,202503,122,KRINC,인천항,65,12853104,0,0,12853104
202503,202503,130,KRINC,인천항,589,18851224,97,1601950,17249274
202503,202503,131,KRINC,인천항,495,26964180,114,10445438,16518742
202503,202503,150,KRINC,인천항,304,18564429,11,239222,18325207
202503,202503,151,KRINC,인천항,460,43406104,85,5993702,37412402
202503,202503,152,KRINC,인천항,1214,342197045,247,10111151,332085894
202503,202503,153,KRINC,인천항,148,8498493,7,81027,8417466
202503,202503,154,KRINC,인천항,1012,112687201,0,0,112687201
202503,202503,010,KRKAN,광양항,3,83706,0,0,83706
202503,202503,011,KRKAN,광양항,2,38924,0,0,38924
202503,202503,012,KRKAN,광양항,16,434215,4,106631,327584
202503,202503,014,KRKAN,광양항,52,5335999,0,0,5335999
202503,202503,016,KRKAN,광양항,37,3753710,0,0,3753710
202503,202503,017,KRKAN,광양항,5,18194,0,0,18194
202503,202503,020,KRKAN,광양항,149,3111886,0,0,3111886
202503,202503,021,KRKAN,광양항,20,828292,0,0,828292
202503,202503,023,KRKAN,광양항,11,227360,0,0,227360
202503,202503,030,KRKAN,광양항,22,975353,9,37849,937504
202503,202503,033,KRKAN,광양항,10,437523,0,0,437523
202503,202503,039,KRKAN,광양항,32,766932,0,0,766932
202503,202503,040,KRKAN,광양항,1,238527,0,0,238527
202503,202503,041,KRKAN,광양항,4,1744112,0,0,1744112
202503,202503,050,KRKAN,광양항,2,70917,0,0,70917
202503,202503,052,KRKAN,광양항,0,0,2,55184,-55184
202503,202503,053,KRKAN,광양항,60,2311951,0,0,2311951
202503,202503,054,KRKAN,광양항,1,498228,0,0,498228
202503,202503,056,KRKAN,광양항,21,2057893,0,0,2057893
202503,202503,060,KRKAN,광양항,4455,428564907,8,378340,428186567
202503,202503,062,KRKAN,광양항,6879,1177444598,6244,1162721737,14722861
202503,202503,070,KRKAN,광양항,128,7955285,4,626398,7328887
202503,202503,071,KRKAN,광양항,1856,78629173,16,1154800,77474373
202503,202503,080,KRKAN,광양항,356,30507356,69,7789443,22717913
202503,202503,081,KRKAN,광양항,248,16362473,8,24874449,-8511976
202503,202503,082,KRKAN,광양항,380,37895334,39,2192202,35703132
202503,202503,084,KRKAN,광양항,23,1677127,0,0,1677127
202503,202503,102,KRKAN,광양항,5,661464,0,0,661464
202503,202503,110,KRKAN,광양항,20,1457641,2,122702,1334939
202503,202503,120,KRKAN,광양항,77,7169088,0,0,7169088
202503,202503,121,KRKAN,광양항,183,5805030,0,0,5805030
202503,202503,122,KRKAN,광양항,77,6691088,0,0,6691088
202503,202503,130,KRKAN,광양항,2,49246,1,4238,45008
202503,202503,131,KRKAN,광양항,0,0,3,129403,-129403
202503,202503,150,KRKAN,광양항,114,4794799,0,0,4794799
202503,202503,151,KRKAN,광양항,32,17048087,0,0,17048087
202503,202503,152,KRKAN,광양항,79,16968180,0,0,16968180
202503,202503,153,KRKAN,광양항,6,1394785,1,27984,1366801
202503,202503,154,KRKAN,광양항,280,29468936,0,0,29468936
202503,202503,020,KRKCN,감천항,210,5921024,0,0,5921024
202503,202503,030,KRKCN,감천항,462,16942220,785,166217864,-149275644
202503,202503,052,KRKCN,감천항,13,102848,0,0,102848
202503,202503,053,KRKCN,감천항,0,0,3,11073,-11073
202503,202503,056,KRKCN,감천항,0,0,5,3504085,-3504085
202503,202503,062,KRKCN,감천항,0,0,1,298817,-298817
202503,202503,110,KRKCN,감천항,1,44800,1,229868,-185068
202503,202503,152,KRKCN,감천항,1,63709,0,0,63709
202503,202503,051,KRKHN,고현항,41,478822127,47,49881085,428941042
202503,202503,020,KRKPO,포항항,2,84705,0,0,84705
202503,202503,030,KRKPO,포항항,1,159000,5,237,158763
202503,202503,039,KRKPO,포항항,10,3440903,0,0,3440903
202503,202503,053,KRKPO,포항항,20,4871393,0,0,4871393
202503,202503,060,KRKPO,포항항,1,122682,0,0,122682
202503,202503,062,KRKPO,포항항,21,5622185,0,0,5622185
202503,202503,070,KRKPO,포항항,2,265971,0,0,265971
202503,202503,080,KRKPO,포항항,21,1629211,0,0,1629211
202503,202503,110,KRKPO,포항항,6,3576164,0,0,3576164
202503,202503,120,KRKPO,포항항,1,716823,0,0,716823
202503,202503,122,KRKPO,포항항,1370,428976753,183,111347759,317628994
202503,202503,152,KRKPO,포항항,12,3269776,0,0,3269776
202503,202503,014,KRKUV,군산항,2,29247,0,0,29247
202503,202503,020,KRKUV,군산항,17,2888190,5877,31179289,-28291099
202503,202503,021,KRKUV,군산항,0,0,1,13815,-13815
202503,202503,023,KRKUV,군산항,1,127944,0,0,127944
202503,202503,030,KRKUV,군산항,4,472799,0,0,472799
202503,202503,053,KRKUV,군산항,29,854181,0,0,854181
202503,202503,054,KRKUV,군산항,10,515115,0,0,515115
202503,202503,056,KRKUV,군산항,1,10331,0,0,10331
202503,202503,071,KRKUV,군산항,1,5000,2,174973,-169973
202503,202503,080,KRKUV,군산항,280,53419915,82182,269082565,-215662650
202503,202503,081,KRKUV,군산항,9,667033,7,356172,310861
202503,202503,082,KRKUV,군산항,59,14375212,28,1182661,13192551
202503,202503,102,KRKUV,군산항,3,11411,0,0,11411
202503,202503,110,KRKUV,군산항,16,4732530,0,0,4732530
202503,202503,120,KRKUV,군산항,1,185542,0,0,185542
202503,202503,121,KRKUV,군산항,16,356026,0,0,356026
202503,202503,131,KRKUV,군산항,0,0,1,8086,-8086
202503,202503,150,KRKUV,군산항,6,347006,0,0,347006
202503,202503,152,KRKUV,군산항,10,2950085,1,263689,2686396
202503,202503,154,KRKUV,군산항,1,18020,0,0,18020
202503,202503,010,KRMAS,마산항,1,269,0,0,269
202503,202503,012,KRMAS,마산항,4,183511,0,0,183511
202503,202503,016,KRMAS,마산항,8,8988081,91,3170774,5817307
202503,202503,017,KRMAS,마산항,27,632204,130,6442425,-5810221
202503,202503,020,KRMAS,마산항,413,19729052,0,0,19729052
202503,202503,021,KRMAS,마산항,7,5078053,0,0,5078053
202503,202503,023,KRMAS,마산항,20,17830447,0,0,17830447
202503,202503,030,KRMAS,마산항,30,15293794,5,22752,15271042
202503,202503,033,KRMAS,마산항,3,831915,0,0,831915
202503,202503,039,KRMAS,마산항,10,4437785,0,0,4437785
202503,202503,050,KRMAS,마산항,503,526941392,270,129896888,397044504
202503,202503,051,KRMAS,마산항,0,0,3,4755500,-4755500
202503,202503,053,KRMAS,마산항,217,445081305,1,43299,445038006
202503,202503,056,KRMAS,마산항,10,10597857,3,1203648,9394209
202503,202503,060,KRMAS,마산항,4,3661173,0,0,3661173
202503,202503,062,KRMAS,마산항,5,5400578,0,0,5400578
202503,202503,070,KRMAS,마산항,2,832676,1,1204106,-371430
202503,202503,071,KRMAS,마산항,3,49196,0,0,49196
202503,202503,080,KRMAS,마산항,32,24728422,0,0,24728422
202503,202503,082,KRMAS,마산항,8,72439,0,0,72439
202503,202503,100,KRMAS,마산항,1,13049,0,0,13049
202503,202503,110,KRMAS,마산항,60,45786939,2,2206530,43580409
202503,202503,120,KRMAS,마산항,11,2460973,0,0,2460973
202503,202503,121,KRMAS,마산항,4,6699904,0,0,6699904
202503,202503,122,KRMAS,마산항,18,3745268,0,0,3745268
202503,202503,150,KRMAS,마산항,1,27488,0,0,27488
202503,202503,151,KRMAS,마산항,2,3169759,0,0,3169759
202503,202503,152,KRMAS,마산항,23,7747453,0,0,7747453
202503,202503,153,KRMAS,마산항,2,1178731,0,0,1178731
202503,202503,154,KRMAS,마산항,7,5221270,0,0,5221270
202503,202503,110,KRMIP,미포항,35,1180818678,0,0,1180818678
202503,202503,030,KRMOK,목포항,0,0,1,1140,-1140
202503,202503,070,KRMOK,목포항,116,1216163833,16,35086598,1181077235
202503,202503,020,KRMUK,묵호항,2,34132,0,0,34132
202503,202503,100,KRMUK,묵호항,86,3834985,0,0,3834985
202503,202503,100,KROKK,옥계항,2,1730250,27,1596846,133404
202503,202503,030,KROKP,옥포항,0,0,2,92400,-92400
202503,202503,051,KROKP,옥포항,13,378367003,34,262085958,116281045
202503,202503,110,KRONS,온산항,347,1082410131,18,1188584185,-106174054
202503,202503,010,KRPTK,평택항,18,286737,0,0,286737
202503,202503,011,KRPTK,평택항,1,35710,0,0,35710
202503,202503,012,KRPTK,평택항,15,76616,78,2722791,-2646175
202503,202503,014,KRPTK,평택항,55,2931725,2,26809,2904916
202503,202503,016,KRPTK,평택항,4651,2127818145,133063,3102963610,-975145465
202503,202503,017,KRPTK,평택항,31,12101704,3,30180,12071524
202503,202503,020,KRPTK,평택항,508,18606934,3179,22269771,-3662837
202503,202503,021,KRPTK,평택항,122,24440451,2637,130369573,-105929122
202503,202503,023,KRPTK,평택항,48,1434857,1,59229,1375628
202503,202503,030,KRPTK,평택항,126,24321884,60,13070665,11251219
202503,202503,033,KRPTK,평택항,6,371578,0,0,371578
202503,202503,039,KRPTK,평택항,0,0,18927,1002225,-1002225
202503,202503,040,KRPTK,평택항,21,1406236,26,3382095,-1975859
202503,202503,050,KRPTK,평택항,18,511294,0,0,511294
202503,202503,053,KRPTK,평택항,122,11098671,5,1816126,9282545
202503,202503,056,KRPTK,평택항,6,2941509,9,579167,2362342
202503,202503,060,KRPTK,평택항,2,37779,0,0,37779
202503,202503,062,KRPTK,평택항,2,100430,0,0,100430
202503,202503,070,KRPTK,평택항,5,876610,0,0,876610
202503,202503,071,KRPTK,평택항,15,1284532,18,986043,298489
202503,202503,080,KRPTK,평택항,15,3374885,0,0,3374885
202503,202503,081,KRPTK,평택항,36,2125906,0,0,2125906
202503,202503,082,KRPTK,평택항,16,610720,0,0,610720
202503,202503,084,KRPTK,평택항,3,39096,0,0,39096
202503,202503,102,KRPTK,평택항,23,2196225,4,72323,2123902
202503,202503,110,KRPTK,평택항,12,645885,16,443981,201904
202503,202503,120,KRPTK,평택항,60,18088412,0,0,18088412
202503,202503,121,KRPTK,평택항,302,87952121,1,4970,87947151
202503,202503,122,KRPTK,평택항,1,207,0,0,207
202503,202503,130,KRPTK,평택항,16,1223599,0,0,1223599
202503,202503,131,KRPTK,평택항,16,1418530,26,1308503,110027
202503,202503,150,KRPTK,평택항,38,1915269,7,133642,1781627
202503,202503,151,KRPTK,평택항,331,63968959,46,3105131,60863828
202503,202503,152,KRPTK,평택항,977,285076393,218,46435016,238641377
202503,202503,153,KRPTK,평택항,6,126782,1,303287,-176505
202503,202503,154,KRPTK,평택항,393,47748577,0,0,47748577
202503,202503,010,KRPUS,부산항,2053,40808269,150,4945054,35863215
202503,202503,011,KRPUS,부산항,437,15380646,0,0,15380646
202503,202503,012,KRPUS,부산항,2563,138984652,661,164789005,-25804353
202503,202503,014,KRPUS,부산항,4606,311937812,58,7580477,304357335
202503,202503,016,KRPUS,부산항,4333,371117258,805,284628601,86488657
202503,202503,017,KRPUS,부산항,3011,152177081,120,8513717,143663364
202503,202503,020,KRPUS,부산항,8136,428847687,376,14440885,414406802
202503,202503,021,KRPUS,부산항,5062,493963325,560,178279954,315683371
202503,202503,023,KRPUS,부산항,2955,178865936,9,394830,178471106
202503,202503,030,KRPUS,부산항,49068,3804139312,57966,4038412448,-234273136
202503,202503,033,KRPUS,부산항,5040,300766788,3750,110375236,190391552
202503,202503,037,KRPUS,부산항,0,0,2,3454,-3454
202503,202503,039,KRPUS,부산항,16095,182515265,83339,26567682,155947583
202503,202503,040,KRPUS,부산항,352,23501299,110,6493536,17007763
202503,202503,041,KRPUS,부산항,59,5811091,87,4931341,879750
202503,202503,050,KRPUS,부산항,1353,90355789,84,1470560,88885229
202503,202503,051,KRPUS,부산항,13,935958,119,32103373,-31167415
202503,202503,052,KRPUS,부산항,5,265062,0,0,265062
202503,202503,053,KRPUS,부산항,10264,486975260,797,32359193,454616067
202503,202503,054,KRPUS,부산항,51,4884018,13,257277,4626741
202503,202503,056,KRPUS,부산항,1535,131305985,119,12762397,118543588
202503,202503,060,KRPUS,부산항,1745,130143432,15,2811665,127331767
202503,202503,062,KRPUS,부산항,720,115387827,14,2126209,113261618
202503,202503,070,KRPUS,부산항,422,30214576,71,9861804,20352772
202503,202503,071,KRPUS,부산항,1267,112946350,97,5195818,107750532
202503,202503,080,KRPUS,부산항,915,117410610,50,2340283,115070327
202503,202503,081,KRPUS,부산항,848,129030734,45,1984733,127046001
202503,202503,082,KRPUS,부산항,1659,141176301,124,6951303,134224998
202503,202503,084,KRPUS,부산항,104,5652689,14,1368215,4284474
202503,202503,090,KRPUS,부산항,40,1098881,45,934040,164841
202503,202503,100,KRPUS,부산항,53,2065475,12,536296,1529179
202503,202503,101,KRPUS,부산항,12,471894,31,997453,-525559
202503,202503,102,KRPUS,부산항,637,51261662,43,807689,50453973
202503,202503,110,KRPUS,부산항,9153,1030642044,746,70095810,960546234
202503,202503,120,KRPUS,부산항,9082,547677163,231,12906983,534770180
202503,202503,121,KRPUS,부산항,6810,565470329,630,53720154,511750175
202503,202503,122,KRPUS,부산항,2305,405480570,48,13409356,392071214
202503,202503,130,KRPUS,부산항,1086,41121739,6,462153,40659586
202503,202503,131,KRPUS,부산항,1487,76945699,136,14610971,62334728
202503,202503,140,KRPUS,부산항,23,3019561,32,2318854,700707
202503,202503,150,KRPUS,부산항,3409,311691034,123,41530596,270160438
202503,202503,151,KRPUS,부산항,3695,475855322,566,198048018,277807304
202503,202503,152,KRPUS,부산항,5001,480736136,293,50647402,430088734
202503,202503,153,KRPUS,부산항,2522,194768392,54,4917395,189850997
202503,202503,154,KRPUS,부산항,1607,142430425,8,1415517,141014908
202503,202503,052,KRSCP,삼천포항,0,0,6,34457094,-34457094
202503,202503,016,KRSHG,포항신항,1,170199,0,0,170199
202503,202503,062,KRSHG,포항신항,1,57435,0,0,57435
202503,202503,110,KRSHG,포항신항,0,0,18,8018136,-8018136
202503,202503,122,KRSHG,포항신항,54,15826475,86,273223522,-257397047
202503,202503,020,KRSHO,속초항,1,30098,0,0,30098
202503,202503,101,KRSHO,속초항,0,0,20,3871375,-3871375
202503,202503,100,KRSUK,삼척항,0,0,2,9674953,-9674953
202503,202503,030,KRTAN,태안항,0,0,1,63,-63
202503,202503,154,KRTAN,태안항,0,0,3,19948664,-19948664
202503,202503,010,KRTGH,동해항,86,899986,0,0,899986
202503,202503,011,KRTGH,동해항,2,23916,0,0,23916
202503,202503,012,KRTGH,동해항,39,594035,0,0,594035
202503,202503,014,KRTGH,동해항,2,152201,0,0,152201
202503,202503,016,KRTGH,동해항,1,11880,0,0,11880
202503,202503,017,KRTGH,동해항,29,559900,0,0,559900
202503,202503,020,KRTGH,동해항,670,20938950,0,0,20938950
202503,202503,021,KRTGH,동해항,7,269535,0,0,269535
202503,202503,023,KRTGH,동해항,71,1810493,0,0,1810493
202503,202503,030,KRTGH,동해항,12,236054,1,44,236010
202503,202503,033,KRTGH,동해항,1,3999,0,0,3999
202503,202503,039,KRTGH,동해항,1,2641,0,0,2641
202503,202503,053,KRTGH,동해항,6,196140,0,0,196140
202503,202503,100,KRTGH,동해항,446,92213062,131,82236468,9976594
202503,202503,130,KRTGH,동해항,10,160113,0,0,160113
202503,202503,131,KRTGH,동해항,14,419053,0,0,419053
202503,202503,151,KRTGH,동해항,194,5891688,0,0,5891688
202503,202503,153,KRTGH,동해항,4,41598,0,0,41598
202503,202503,016,KRTJI,당진항,7,1726168,73,242583235,-240857067
202503,202503,020,KRTJI,당진항,50,9894703,0,0,9894703
202503,202503,030,KRTJI,당진항,0,0,1,300,-300
202503,202503,039,KRTJI,당진항,15,2032098,0,0,2032098
202503,202503,053,KRTJI,당진항,3,637547,0,0,637547
202503,202503,060,KRTJI,당진항,31,4250036,0,0,4250036
202503,202503,080,KRTJI,당진항,31,1966653,0,0,1966653
202503,202503,121,KRTJI,당진항,1,44501,0,0,44501
202503,202503,122,KRTJI,당진항,5,3150600,0,0,3150600
202503,202503,152,KRTJI,당진항,480,199610021,3,28990875,170619146
202503,202503,154,KRTJI,당진항,0,0,7,80609143,-80609143
202503,202503,016,KRTSN,대산항,1,52872,0,0,52872
202503,202503,080,KRTSN,대산항,6,235100,0,0,235100
202503,202503,154,KRTSN,대산항,606,1077509116,182,2245047999,-1167538883
202503,202503,030,KRTYG,통영항,16,184107,0,0,184107
202503,202503,039,KRTYG,통영항,2,21938,0,0,21938
202503,202503,054,KRTYG,통영항,12,61071291,211,35400625,25670666
202503,202503,110,KRTYG,통영항,2,58117,0,0,58117
202503,202503,120,KRTYG,통영항,0,0,1,49552,-49552
202503,202503,016,KRUSN,울산항,1,812184,6,546804,265380
202503,202503,020,KRUSN,울산항,2,90311,0,0,90311
202503,202503,023,KRUSN,울산항,2,1465096,0,0,1465096
202503,202503,030,KRUSN,울산항,1,127827,11,3304,124523
202503,202503,051,KRUSN,울산항,1,260000,0,0,260000
202503,202503,053,KRUSN,울산항,3,6154317,0,0,6154317
202503,202503,060,KRUSN,울산항,19,11480863,0,0,11480863
202503,202503,062,KRUSN,울산항,1,17208,0,0,17208
202503,202503,080,KRUSN,울산항,11,3015436,4,1840330,1175106
202503,202503,110,KRUSN,울산항,5803,3978732822,2181,3999882421,-21149599
202503,202503,120,KRUSN,울산항,13,2816332,0,0,2816332
202503,202503,121,KRUSN,울산항,2,738344,0,0,738344
202503,202503,122,KRUSN,울산항,11,942737,0,0,942737
202503,202503,130,KRUSN,울산항,1,5667,0,0,5667
202503,202503,152,KRUSN,울산항,8,2153765,0,0,2153765
202503,202503,153,KRUSN,울산항,1,8312178,0,0,8312178
202503,202503,122,KRYMH,영일만항,0,0,76,90674132,-90674132
202503,202503,060,KRYOC,여천항,0,0,46,506749598,-506749598
202503,202503,016,KRYOS,여수항,0,0,1,2185763,-2185763
202503,202503,030,KRYOS,여수항,0,0,7,506,-506
202503,202503,060,KRYOS,여수항,283,1013084879,254,1784360132,-771275253
202503,202503,062,KRYOS,여수항,4,266899,0,0,266899
202503,202503,152,KRYOS,여수항,4,505011,0,0,505011
202503,202503,010,KRZZZ,기타불개항,31,29548866,0,0,29548866
202503,202503,016,KRZZZ,기타불개항,0,0,2,190,-190
202503,202503,017,KRZZZ,기타불개항,0,0,8,389506,-389506
202503,202503,020,KRZZZ,기타불개항,0,0,56,4643064,-4643064
202503,202503,051,KRZZZ,기타불개항,1,34900,1,151211,-116311
202503,202503,054,KRZZZ,기타불개항,0,0,15,426286963,-426286963
202503,202503,056,KRZZZ,기타불개항,0,0,1,38916953,-38916953
202503,202503,062,KRZZZ,기타불개항,0,0,3,34588176,-34588176
202503,202503,070,KRZZZ,기타불개항,5,610380,5,1100164,-489784
202503,202503,081,KRZZZ,기타불개항,5,304921,0,0,304921
202503,202503,082,KRZZZ,기타불개항,3,1566,0,0,1566
202503,202503,090,KRZZZ,기타불개항,4,512249,0,0,512249
202503,202503,100,KRZZZ,기타불개항,1,2900,6,225335433,-225332533
202503,202503,121,KRZZZ,기타불개항,0,0,1,46500,-46500
202503,202503,010,PUS,김해국제공항,2,12072,0,0,12072
202503,202503,012,PUS,김해국제공항,1,2854,0,0,2854
202503,202503,017,PUS,김해국제공항,1,5824,33,2709180,-2703356
202503,202503,020,PUS,김해국제공항,1,20892,0,0,20892
202503,202503,021,PUS,김해국제공항,6,79105,0,0,79105
202503,202503,023,PUS,김해국제공항,1,3615,0,0,3615
202503,202503,030,PUS,김해국제공항,352,9868798,108,109196,9759602
202503,202503,033,PUS,김해국제공항,54,685475,0,0,685475
202503,202503,039,PUS,김해국제공항,86,1301206,1,80,1301126
202503,202503,040,PUS,김해국제공항,14,124661,13,1758299,-1633638
202503,202503,050,PUS,김해국제공항,61,13524169,1,9120,13515049
202503,202503,051,PUS,김해국제공항,0,0,1,8130,-8130
202503,202503,053,PUS,김해국제공항,75,1260584,7,14368,1246216
202503,202503,056,PUS,김해국제공항,8,370548,32,716938,-346390
202503,202503,060,PUS,김해국제공항,2,90908,0,0,90908
202503,202503,070,PUS,김해국제공항,1,16839,0,0,16839
202503,202503,071,PUS,김해국제공항,1,20000,0,0,20000
202503,202503,082,PUS,김해국제공항,3,38134,0,0,38134
202503,202503,110,PUS,김해국제공항,19,21489,0,0,21489
202503,202503,120,PUS,김해국제공항,8,155482,0,0,155482
202503,202503,121,PUS,김해국제공항,1,3737,25,4652479,-4648742
202503,202503,122,PUS,김해국제공항,1,7907,0,0,7907
202503,202503,130,PUS,김해국제공항,2,4486,0,0,4486
202503,202503,131,PUS,김해국제공항,2,10663,0,0,10663
202503,202503,140,PUS,김해국제공항,292,1840616,1040,10630270,-8789654
202503,202503,150,PUS,김해국제공항,2,32101,0,0,32101
202503,202503,151,PUS,김해국제공항,4,366205,0,0,366205
202503,202503,152,PUS,김해국제공항,1,82394,0,0,82394
202503,202503,153,PUS,김해국제공항,1,48434,0,0,48434
202503,202503,030,TAE,대구국제공항,1,8931,0,0,8931
202503,202503,120,TAE,대구국제공항,9,16951,119,441228,-424277
202503,202503,152,TAE,대구국제공항,1,816,0,0,816
202503,202503,110,USN,울산공항,1,15000,0,0,15000
202503,202503,012,ZZZZZ,기타항,2,6650,0,0,6650
202503,202503,017,ZZZZZ,기타항,2,3411,0,0,3411
202503,202503,051,ZZZZZ,기타항,1,175048,0,0,175048
202503,202503,150,ZZZZZ,기타항,2,2816,0,0,2816
202503,202503,152,ZZZZZ,기타항,1,237350,0,0,237350
202503,총계,,-,-,1236264,58064560284,4558238,53341031994,4723528290
202504,202504,010,010,서울세관,90,3226,0,0,3226
202504,202504,012,010,서울세관,410,23335,0,0,23335
202504,202504,017,010,서울세관,19,448,0,0,448
202504,202504,030,010,서울세관,3,62571,0,0,62571
202504,202504,130,010,서울세관,154,2816,0,0,2816
202504,202504,011,037,부산국제우편세관,2,4424,0,0,4424
202504,202504,023,037,부산국제우편세관,3,5050,0,0,5050
202504,202504,030,037,부산국제우편세관,4,14823,0,0,14823
202504,202504,033,037,부산국제우편세관,5,6653,0,0,6653
202504,202504,037,037,부산국제우편세관,0,0,32,84945,-84945
202504,202504,039,037,부산국제우편세관,5,16298,0,0,16298
202504,202504,040,037,부산국제우편세관,0,0,1,610,-610
202504,202504,050,037,부산국제우편세관,1,417,0,0,417
202504,202504,130,037,부산국제우편세관,1,622,0,0,622
202504,202504,152,037,부산국제우편세관,2,10517,0,0,10517
202504,202504,040,040,인천공항세관,0,0,12,26616,-26616
202504,202504,056,CJJ,청주국제공항,1,1000,0,0,1000
202504,202504,130,CJJ,청주국제공항,1,12749,0,0,12749
202504,202504,150,CJJ,청주국제공항,1,3350,0,0,3350
202504,202504,151,CJJ,청주국제공항,0,0,94,328613,-328613
202504,202504,152,CJJ,청주국제공항,1,123,0,0,123
202504,202504,090,CJU,제주국제공항,4,2241,188,757805,-755564
202504,202504,010,GMP,김포국제공항,21,2368163,0,0,2368163
202504,202504,011,GMP,김포국제공항,1,8213,0,0,8213
202504,202504,012,GMP,김포국제공항,2,98,0,0,98
202504,202504,014,GMP,김포국제공항,2,14327,0,0,14327
202504,202504,017,GMP,김포국제공항,14,112871,0,0,112871
202504,202504,020,GMP,김포국제공항,384,41904,0,0,41904
202504,202504,021,GMP,김포국제공항,1,3,0,0,3
202504,202504,023,GMP,김포국제공항,325,2320275,0,0,2320275
202504,202504,040,GMP,김포국제공항,12821,1746440,2,16290,1730150
202504,202504,041,GMP,김포국제공항,210,1291675,2824,63941851,-62650176
202504,202504,071,GMP,김포국제공항,17,14251,0,0,14251
202504,202504,120,GMP,김포국제공항,9,1613958,0,0,1613958
202504,202504,130,GMP,김포국제공항,155,93839,0,0,93839
202504,202504,131,GMP,김포국제공항,1,11896,0,0,11896
202504,202504,010,ICN,인천국제공항,43406,293233261,2313,124843242,168390019
202504,202504,011,ICN,인천국제공항,2921,9567717,3,3229,9564488
202504,202504,012,ICN,인천국제공항,12827,1682596177,1734,993209355,689386822
202504,202504,014,ICN,인천국제공항,9926,197961156,266,46203165,151757991
202504,202504,016,ICN,인천국제공항,11526,1960189078,3662,626924781,1333264297
202504,202504,017,ICN,인천국제공항,26370,323441370,3536,183700253,139741117
202504,202504,020,ICN,인천국제공항,21270,1353757809,3578,1023346080,330411729
202504,202504,021,ICN,인천국제공항,23211,1121723066,9355,746150636,375572430
202504,202504,023,ICN,인천국제공항,33395,280790515,1485,160071627,120718888
202504,202504,030,ICN,인천국제공항,6746,123825939,1130,83966673,39859266
202504,202504,033,ICN,인천국제공항,421,5710658,16,243703,5466955
202504,202504,037,ICN,인천국제공항,0,0,4,2659,-2659
202504,202504,039,ICN,인천국제공항,3165,15369434,191,23551173,-8181739
202504,202504,040,ICN,인천국제공항,407004,5611870482,3521547,8610665061,-2998794579
202504,202504,041,ICN,인천국제공항,12535,17416057,2463,136317056,-118900999
202504,202504,050,ICN,인천국제공항,628,10524389,121,8778573,1745816
202504,202504,051,ICN,인천국제공항,20,78412,369,14806126,-14727714
202504,202504,052,ICN,인천국제공항,1,3680,0,0,3680
202504,202504,053,ICN,인천국제공항,5771,81129849,2444,129407759,-48277910
202504,202504,054,ICN,인천국제공항,11,24686,1,301,24385
202504,202504,056,ICN,인천국제공항,2456,63940947,1604,76132630,-12191683
202504,202504,060,ICN,인천국제공항,150,2740483,14,200209,2540274
202504,202504,062,ICN,인천국제공항,20,279045,9,43127,235918
202504,202504,070,ICN,인천국제공항,78,1301466,75,3019676,-1718210
202504,202504,071,ICN,인천국제공항,3006,289578010,1830,503011158,-213433148
202504,202504,080,ICN,인천국제공항,165,4809898,8,190728,4619170
202504,202504,081,ICN,인천국제공항,611,21196008,156,1893109,19302899
202504,202504,082,ICN,인천국제공항,552,8277029,28,1393860,6883169
202504,202504,084,ICN,인천국제공항,24,108504,12,67063,41441
202504,202504,090,ICN,인천국제공항,117,256523,123,2866511,-2609988
202504,202504,100,ICN,인천국제공항,79,2908560,0,0,2908560
202504,202504,101,ICN,인천국제공항,11,173952,0,0,173952
202504,202504,102,ICN,인천국제공항,2471,38236533,6,45840,38190693
202504,202504,110,ICN,인천국제공항,841,16818043,1032,68636181,-51818138
202504,202504,120,ICN,인천국제공항,5674,134709301,280,35166859,99542442
202504,202504,121,ICN,인천국제공항,13802,1466066999,6250,1041485171,424581828
202504,202504,122,ICN,인천국제공항,316,13999181,35,1000904,12998277
202504,202504,130,ICN,인천국제공항,19188,104167128,297,16758090,87409038
202504,202504,131,ICN,인천국제공항,6569,69169913,147,3005132,66164781
202504,202504,140,ICN,인천국제공항,678,3735683,1236,31205683,-27470000
202504,202504,150,ICN,인천국제공항,3031,80847437,265,5402693,75444744
202504,202504,151,ICN,인천국제공항,7826,1866798197,1078,163224698,1703573499
202504,202504,152,ICN,인천국제공항,9686,2271643882,3012,694042149,1577601733
202504,202504,153,ICN,인천국제공항,1592,35602129,89,2077658,33524471
202504,202504,154,ICN,인천국제공항,116,1068662,23,1107971,-39309
202504,202504,010,KRBNP,부산신항,93,2355820,705,22486242,-20130422
202504,202504,011,KRBNP,부산신항,114,4395755,0,0,4395755
202504,202504,012,KRBNP,부산신항,475,12673593,5360,382016774,-369343181
202504,202504,014,KRBNP,부산신항,598,35678443,233,17755654,17922789
202504,202504,016,KRBNP,부산신항,604,54435039,2024,122088373,-67653334
202504,202504,017,KRBNP,부산신항,697,32240494,82,4567514,27672980
202504,202504,020,KRBNP,부산신항,781,48193147,945,44225789,3967358
202504,202504,021,KRBNP,부산신항,1016,63520614,4061,326591197,-263070583
202504,202504,023,KRBNP,부산신항,487,26496354,93,7687483,18808871
202504,202504,030,KRBNP,부산신항,24074,2054190031,49788,4571257685,-2517067654
202504,202504,033,KRBNP,부산신항,1083,49457831,2438,120558983,-71101152
202504,202504,039,KRBNP,부산신항,239,24305262,250,21613650,2691612
202504,202504,040,KRBNP,부산신항,38,1191212,499,25709132,-24517920
202504,202504,041,KRBNP,부산신항,31,1073969,864,34806616,-33732647
202504,202504,050,KRBNP,부산신항,330,23615959,142,2321346,21294613
202504,202504,051,KRBNP,부산신항,4,521179,117,28055330,-27534151
202504,202504,053,KRBNP,부산신항,17001,494726196,795,56377704,438348492
202504,202504,054,KRBNP,부산신항,27,2700598,2,1348146,1352452
202504,202504,056,KRBNP,부산신항,345,25469096,252,40155117,-14686021
202504,202504,060,KRBNP,부산신항,2840,236962509,18,2250804,234711705
202504,202504,062,KRBNP,부산신항,801,82755026,33,23112245,59642781
202504,202504,070,KRBNP,부산신항,37,3486778,83,25186061,-21699283
202504,202504,071,KRBNP,부산신항,1806,95573330,42,3223340,92349990
202504,202504,080,KRBNP,부산신항,145,10408723,62,3615791,6792932
202504,202504,081,KRBNP,부산신항,96,10948038,31,12822087,-1874049
202504,202504,082,KRBNP,부산신항,119,6209784,65,5391829,817955
202504,202504,084,KRBNP,부산신항,103,6332476,40,8863626,-2531150
202504,202504,090,KRBNP,부산신항,0,0,57,800275,-800275
202504,202504,100,KRBNP,부산신항,32,5939225,0,0,5939225
202504,202504,101,KRBNP,부산신항,7,329794,0,0,329794
202504,202504,102,KRBNP,부산신항,129,10500818,10,305601,10195217
202504,202504,110,KRBNP,부산신항,3344,405730422,1156,215286584,190443838
202504,202504,120,KRBNP,부산신항,1698,116507501,103,8802560,107704941
202504,202504,121,KRBNP,부산신항,1497,82901379,142,17504320,65397059
202504,202504,122,KRBNP,부산신항,474,35671004,45,19098426,16572578
202504,202504,130,KRBNP,부산신항,105,4219115,54,4009519,209596
202504,202504,131,KRBNP,부산신항,429,21985027,812,90531357,-68546330
202504,202504,140,KRBNP,부산신항,154,18067607,40,1984171,16083436
202504,202504,150,KRBNP,부산신항,549,41352264,24,4740918,36611346
202504,202504,151,KRBNP,부산신항,653,144239316,334,34138572,110100744
202504,202504,152,KRBNP,부산신항,1101,64360504,312,28688675,35671829
202504,202504,153,KRBNP,부산신항,334,28224305,62,5372236,22852069
202504,202504,154,KRBNP,부산신항,569,51920910,7,406953,51513957
202504,202504,084,KRBOR,보령항,1,827,20,320670212,-320669385
202504,202504,152,KRBOR,보령항,0,0,2,80,-80
202504,202504,090,KRCHA,제주항,0,0,4,1219,-1219
202504,202504,020,KRCHF,진해항,1,7706,0,0,7706
202504,202504,023,KRCHF,진해항,1,4490,0,0,4490
202504,202504,030,KRCHF,진해항,3,90488564,0,0,90488564
202504,202504,051,KRCHF,진해항,0,0,2,870592,-870592
202504,202504,053,KRCHF,진해항,4,3457348,18,12104945,-8647597
202504,202504,130,KRCHF,진해항,1,5850,0,0,5850
202504,202504,153,KRCHF,진해항,1,5063,0,0,5063
202504,202504,080,KRCHG,장항항,0,0,7,2170041,-2170041
202504,202504,150,KRCHG,장항항,1,127809,0,0,127809
202504,202504,070,KRDBL,대불항,1,950300,0,0,950300
202504,202504,010,KRGIN,경인항,0,0,3,27986,-27986
202504,202504,012,KRGIN,경인항,1,954,7,68163,-67209
202504,202504,016,KRGIN,경인항,0,0,6,140069,-140069
202504,202504,020,KRGIN,경인항,240,5462964,1076,34561586,-29098622
202504,202504,021,KRGIN,경인항,0,0,7,188437,-188437
202504,202504,023,KRGIN,경인항,1,3669,2,49563,-45894
202504,202504,040,KRGIN,경인항,0,0,4,173099,-173099
202504,202504,041,KRGIN,경인항,0,0,11,826231,-826231
202504,202504,053,KRGIN,경인항,0,0,22,75387,-75387
202504,202504,130,KRGIN,경인항,0,0,6,71544,-71544
202504,202504,131,KRGIN,경인항,1,70246,7,146477,-76231
202504,202504,152,KRGIN,경인항,2,58619,1,35360,23259
202504,202504,100,KRHSA,호산항,0,0,3,22868682,-22868682
202504,202504,010,KRINC,인천항,1331,24905253,655,10784756,14120497
202504,202504,011,KRINC,인천항,212,9326263,0,0,9326263
202504,202504,012,KRINC,인천항,915,48136180,814,53485555,-5349375
202504,202504,014,KRINC,인천항,1999,120268148,167,11368320,108899828
202504,202504,016,KRINC,인천항,1172,143204218,430,21083573,122120645
202504,202504,017,KRINC,인천항,1520,180207417,173,12535449,167671968
202504,202504,020,KRINC,인천항,68717,1932012361,484343,6878591318,-4946578957
202504,202504,021,KRINC,인천항,2109,129209347,367,21073478,108135869
202504,202504,023,KRINC,인천항,2169,173415243,58,4551886,168863357
202504,202504,030,KRINC,인천항,399,31592272,59,7433932,24158340
202504,202504,033,KRINC,인천항,74,2403775,20,448564,1955211
202504,202504,039,KRINC,인천항,316,2849455,27,261481,2587974
202504,202504,040,KRINC,인천항,340,43713104,451,33480996,10232108
202504,202504,041,KRINC,인천항,42,1298492,331,26840155,-25541663
202504,202504,050,KRINC,인천항,40,1945048,10,153167,1791881
202504,202504,053,KRINC,인천항,266,9735879,42,1197016,8538863
202504,202504,054,KRINC,인천항,2,192264,22,744190,-551926
202504,202504,056,KRINC,인천항,23,485959,0,0,485959
202504,202504,060,KRINC,인천항,30,430188,1,4187,426001
202504,202504,062,KRINC,인천항,37,533228,0,0,533228
202504,202504,070,KRINC,인천항,10,1066111,0,0,1066111
202504,202504,071,KRINC,인천항,163,7748154,47,2480286,5267868
202504,202504,080,KRINC,인천항,37,4901613,1,11386,4890227
202504,202504,081,KRINC,인천항,77,2268367,51,1994995,273372
202504,202504,082,KRINC,인천항,101,4881818,71,1174844,3706974
202504,202504,084,KRINC,인천항,15,724250,2,458535,265715
202504,202504,090,KRINC,인천항,1,6045,3,113003,-106958
202504,202504,100,KRINC,인천항,15,3395701,4,90863,3304838
202504,202504,101,KRINC,인천항,2,33181,5,88916,-55735
202504,202504,102,KRINC,인천항,127,8534148,32,261640,8272508
202504,202504,110,KRINC,인천항,91,16900592,41,3790292,13110300
202504,202504,120,KRINC,인천항,460,30862990,45,2168650,28694340
202504,202504,121,KRINC,인천항,373,63425533,132,3268335,60157198
202504,202504,122,KRINC,인천항,110,31102897,0,0,31102897
202504,202504,130,KRINC,인천항,687,24031541,111,1567308,22464233
202504,202504,131,KRINC,인천항,517,20940040,114,10013984,10926056
202504,202504,150,KRINC,인천항,338,31503337,16,343394,31159943
202504,202504,151,KRINC,인천항,472,32838654,146,39711160,-6872506
202504,202504,152,KRINC,인천항,1270,362206219,273,10803207,351403012
202504,202504,153,KRINC,인천항,177,8789072,14,319539,8469533
202504,202504,154,KRINC,인천항,1052,118353335,0,0,118353335
202504,202504,010,KRKAN,광양항,2,49262,0,0,49262
202504,202504,011,KRKAN,광양항,2,37058,0,0,37058
202504,202504,012,KRKAN,광양항,29,687969,0,0,687969
202504,202504,014,KRKAN,광양항,51,4736634,0,0,4736634
202504,202504,016,KRKAN,광양항,53,10056007,0,0,10056007
202504,202504,017,KRKAN,광양항,5,69782,0,0,69782
202504,202504,020,KRKAN,광양항,203,3311738,0,0,3311738
202504,202504,021,KRKAN,광양항,20,390016,0,0,390016
202504,202504,023,KRKAN,광양항,6,929344,0,0,929344
202504,202504,030,KRKAN,광양항,31,1673659,10,3203,1670456
202504,202504,033,KRKAN,광양항,6,306647,0,0,306647
202504,202504,039,KRKAN,광양항,26,570861,0,0,570861
202504,202504,041,KRKAN,광양항,3,1375166,0,0,1375166
202504,202504,050,KRKAN,광양항,1,45825,0,0,45825
202504,202504,052,KRKAN,광양항,0,0,4,216806,-216806
202504,202504,053,KRKAN,광양항,74,2364293,0,0,2364293
202504,202504,056,KRKAN,광양항,22,1610186,0,0,1610186
202504,202504,060,KRKAN,광양항,5062,496952804,6,339964,496612840
202504,202504,062,KRKAN,광양항,7486,1239360251,6927,1429553601,-190193350
202504,202504,070,KRKAN,광양항,158,11379044,12,2012968,9366076
202504,202504,071,KRKAN,광양항,2279,105275183,10,946434,104328749
202504,202504,080,KRKAN,광양항,395,35219360,20,1808616,33410744
202504,202504,081,KRKAN,광양항,240,13833928,23,29843740,-16009812
202504,202504,082,KRKAN,광양항,450,52280961,34,1351648,50929313
202504,202504,084,KRKAN,광양항,27,2103513,0,0,2103513
202504,202504,102,KRKAN,광양항,3,285286,0,0,285286
202504,202504,110,KRKAN,광양항,14,2632314,3,300793,2331521
202504,202504,120,KRKAN,광양항,117,17122722,0,0,17122722
202504,202504,121,KRKAN,광양항,231,7925421,0,0,7925421
202504,202504,122,KRKAN,광양항,96,8675699,0,0,8675699
202504,202504,130,KRKAN,광양항,1,53186,1,3918,49268
202504,202504,131,KRKAN,광양항,3,8000,3,100750,-92750
202504,202504,150,KRKAN,광양항,142,10066444,0,0,10066444
202504,202504,151,KRKAN,광양항,25,3112986,0,0,3112986
202504,202504,152,KRKAN,광양항,149,43756103,0,0,43756103
202504,202504,153,KRKAN,광양항,8,1380244,0,0,1380244
202504,202504,154,KRKAN,광양항,324,32082684,0,0,32082684
202504,202504,020,KRKCN,감천항,261,7949588,0,0,7949588
202504,202504,030,KRKCN,감천항,521,18827445,934,171789126,-152961681
202504,202504,033,KRKCN,감천항,2,1025374,0,0,1025374
202504,202504,050,KRKCN,감천항,2,60345,0,0,60345
202504,202504,052,KRKCN,감천항,13,112427,0,0,112427
202504,202504,053,KRKCN,감천항,0,0,4,12619,-12619
202504,202504,062,KRKCN,감천항,0,0,4,1312385,-1312385
202504,202504,080,KRKCN,감천항,0,0,1,3543,-3543
202504,202504,110,KRKCN,감천항,1,17680,2,1853956,-1836276
202504,202504,120,KRKCN,감천항,0,0,3,4803219,-4803219
202504,202504,152,KRKCN,감천항,11,475978,0,0,475978
202504,202504,051,KRKHN,고현항,48,348364857,31,58513564,289851293
202504,202504,030,KRKPO,포항항,1,7800,3,63,7737
202504,202504,039,KRKPO,포항항,4,470229,1,200,470029
202504,202504,053,KRKPO,포항항,7,3199877,0,0,3199877
202504,202504,056,KRKPO,포항항,1,498387,0,0,498387
202504,202504,060,KRKPO,포항항,2,881557,0,0,881557
202504,202504,062,KRKPO,포항항,16,1513527,0,0,1513527
202504,202504,080,KRKPO,포항항,4,1465652,0,0,1465652
202504,202504,120,KRKPO,포항항,4,697250,0,0,697250
202504,202504,122,KRKPO,포항항,1242,418372441,238,160460508,257911933
202504,202504,152,KRKPO,포항항,21,3229026,0,0,3229026
202504,202504,014,KRKUV,군산항,2,70487,0,0,70487
202504,202504,016,KRKUV,군산항,0,0,5,182612,-182612
202504,202504,020,KRKUV,군산항,11,2118985,6483,38203907,-36084922
202504,202504,030,KRKUV,군산항,12,267666,1,100,267566
202504,202504,040,KRKUV,군산항,0,0,1,53,-53
202504,202504,053,KRKUV,군산항,13,241921,0,0,241921
202504,202504,054,KRKUV,군산항,8,302563,0,0,302563
202504,202504,060,KRKUV,군산항,1,9900,0,0,9900
202504,202504,070,KRKUV,군산항,2,984718,0,0,984718
202504,202504,071,KRKUV,군산항,0,0,2,198166,-198166
202504,202504,080,KRKUV,군산항,340,72106192,118978,296635312,-224529120
202504,202504,081,KRKUV,군산항,6,255952,6,255907,45
202504,202504,082,KRKUV,군산항,57,15549454,28,1293493,14255961
202504,202504,102,KRKUV,군산항,5,23992,0,0,23992
202504,202504,110,KRKUV,군산항,6,2142116,1,472,2141644
202504,202504,120,KRKUV,군산항,1,8239,0,0,8239
202504,202504,121,KRKUV,군산항,18,382588,0,0,382588
202504,202504,122,KRKUV,군산항,1,11094,0,0,11094
202504,202504,150,KRKUV,군산항,4,261651,0,0,261651
202504,202504,152,KRKUV,군산항,5,951647,0,0,951647
202504,202504,154,KRKUV,군산항,1,59100,0,0,59100
202504,202504,012,KRMAS,마산항,3,190570,0,0,190570
202504,202504,014,KRMAS,마산항,1,551,0,0,551
202504,202504,016,KRMAS,마산항,12,17126930,28,1489521,15637409
202504,202504,017,KRMAS,마산항,22,478829,126,7497326,-7018497
202504,202504,020,KRMAS,마산항,426,24647435,0,0,24647435
202504,202504,021,KRMAS,마산항,4,8078037,0,0,8078037
202504,202504,023,KRMAS,마산항,12,7875913,0,0,7875913
202504,202504,030,KRMAS,마산항,17,17835293,1,350,17834943
202504,202504,033,KRMAS,마산항,1,1473362,0,0,1473362
202504,202504,039,KRMAS,마산항,5,37202745,0,0,37202745
202504,202504,050,KRMAS,마산항,572,481697731,289,144005243,337692488
202504,202504,051,KRMAS,마산항,0,0,2,4301067,-4301067
202504,202504,053,KRMAS,마산항,258,479223080,4,6656460,472566620
202504,202504,054,KRMAS,마산항,2,700907,0,0,700907
202504,202504,056,KRMAS,마산항,15,15923772,2,569532,15354240
202504,202504,060,KRMAS,마산항,5,1142555,0,0,1142555
202504,202504,062,KRMAS,마산항,2,326752,0,0,326752
202504,202504,071,KRMAS,마산항,2,82182,0,0,82182
202504,202504,080,KRMAS,마산항,47,16085506,0,0,16085506
202504,202504,082,KRMAS,마산항,1,5000,0,0,5000
202504,202504,110,KRMAS,마산항,59,75689445,0,0,75689445
202504,202504,120,KRMAS,마산항,14,7830772,0,0,7830772
202504,202504,121,KRMAS,마산항,2,11370144,0,0,11370144
202504,202504,122,KRMAS,마산항,10,1374988,0,0,1374988
202504,202504,150,KRMAS,마산항,4,130732417,0,0,130732417
202504,202504,151,KRMAS,마산항,7,57927829,0,0,57927829
202504,202504,152,KRMAS,마산항,46,9496325,0,0,9496325
202504,202504,153,KRMAS,마산항,5,1779337,0,0,1779337
202504,202504,154,KRMAS,마산항,5,10551868,0,0,10551868
202504,202504,110,KRMIP,미포항,33,614101350,0,0,614101350
202504,202504,016,KRMOK,목포항,1,19440,13,586965,-567525
202504,202504,020,KRMOK,목포항,1,10496,0,0,10496
202504,202504,030,KRMOK,목포항,4,52292,0,0,52292
202504,202504,053,KRMOK,목포항,1,218034,0,0,218034
202504,202504,070,KRMOK,목포항,125,991288056,41,44286521,947001535
202504,202504,080,KRMOK,목포항,1,297072,0,0,297072
202504,202504,082,KRMOK,목포항,2,277438,0,0,277438
202504,202504,110,KRMOK,목포항,1,326718,0,0,326718
202504,202504,030,KRMUK,묵호항,3,62017,0,0,62017
202504,202504,100,KRMUK,묵호항,89,4768441,0,0,4768441
202504,202504,100,KROKK,옥계항,3,3143390,12,531006,2612384
202504,202504,051,KROKP,옥포항,11,204810481,40,76494567,128315914
202504,202504,110,KRONS,온산항,410,997473781,14,748603470,248870311
202504,202504,010,KRPTK,평택항,14,84943,1,63873,21070
202504,202504,011,KRPTK,평택항,4,101659,0,0,101659
202504,202504,012,KRPTK,평택항,30,2105604,91,3095951,-990347
202504,202504,014,KRPTK,평택항,75,3080987,2,26633,3054354
202504,202504,016,KRPTK,평택항,4704,2295091379,150426,3207172955,-912081576
202504,202504,017,KRPTK,평택항,19,6627103,1,2783,6624320
202504,202504,020,KRPTK,평택항,712,26377351,3115,21518358,4858993
202504,202504,021,KRPTK,평택항,148,26542797,5046,237640179,-211097382
202504,202504,023,KRPTK,평택항,41,9072235,0,0,9072235
202504,202504,030,KRPTK,평택항,101,19967859,64,14881281,5086578
202504,202504,033,KRPTK,평택항,4,1420200,1,2235,1417965
202504,202504,039,KRPTK,평택항,0,0,22468,977136,-977136
202504,202504,040,KRPTK,평택항,4,237642,11,419262,-181620
202504,202504,041,KRPTK,평택항,1,104525,0,0,104525
202504,202504,050,KRPTK,평택항,25,814873,0,0,814873
202504,202504,053,KRPTK,평택항,128,9221327,10,3235412,5985915
202504,202504,056,KRPTK,평택항,10,4154950,7,248995,3905955
202504,202504,060,KRPTK,평택항,2,307271,0,0,307271
202504,202504,062,KRPTK,평택항,7,620152,0,0,620152
202504,202504,070,KRPTK,평택항,4,664533,0,0,664533
202504,202504,071,KRPTK,평택항,20,2141845,14,641232,1500613
202504,202504,080,KRPTK,평택항,15,7736334,0,0,7736334
202504,202504,081,KRPTK,평택항,37,2363186,0,0,2363186
202504,202504,082,KRPTK,평택항,14,793307,2,55659,737648
202504,202504,090,KRPTK,평택항,1,4909,0,0,4909
202504,202504,102,KRPTK,평택항,14,1955182,6,66985,1888197
202504,202504,110,KRPTK,평택항,10,1268076,1,373,1267703
202504,202504,120,KRPTK,평택항,60,10167261,0,0,10167261
202504,202504,121,KRPTK,평택항,224,55291495,14,415607,54875888
202504,202504,130,KRPTK,평택항,18,1180902,0,0,1180902
202504,202504,131,KRPTK,평택항,34,2031269,20,542470,1488799
202504,202504,140,KRPTK,평택항,0,0,1,100,-100
202504,202504,150,KRPTK,평택항,43,2916046,9,750889,2165157
202504,202504,151,KRPTK,평택항,333,55627561,53,3578610,52048951
202504,202504,152,KRPTK,평택항,986,248583966,249,69218052,179365914
202504,202504,153,KRPTK,평택항,14,2445403,0,0,2445403
202504,202504,154,KRPTK,평택항,431,47796286,1,101,47796185
202504,202504,010,KRPUS,부산항,1986,45482883,134,4691654,40791229
202504,202504,011,KRPUS,부산항,445,14157711,0,0,14157711
202504,202504,012,KRPUS,부산항,2645,144872555,696,122168575,22703980
202504,202504,014,KRPUS,부산항,5055,349252151,78,10849465,338402686
202504,202504,016,KRPUS,부산항,4275,416286341,875,276569541,139716800
202504,202504,017,KRPUS,부산항,3476,174256147,110,6312410,167943737
202504,202504,020,KRPUS,부산항,9575,480398529,381,15333147,465065382
202504,202504,021,KRPUS,부산항,5250,463274973,686,151990267,311284706
202504,202504,023,KRPUS,부산항,3245,181656378,14,1515235,180141143
202504,202504,030,KRPUS,부산항,53969,4187064762,64449,4766559723,-579494961
202504,202504,033,KRPUS,부산항,5090,290140028,4149,121558400,168581628
202504,202504,037,KRPUS,부산항,0,0,7,10345,-10345
202504,202504,039,KRPUS,부산항,10340,179517569,66447,27517835,151999734
202504,202504,040,KRPUS,부산항,372,13814625,127,8641481,5173144
202504,202504,041,KRPUS,부산항,64,4234739,92,9146460,-4911721
202504,202504,050,KRPUS,부산항,1265,94259576,78,1457896,92801680
202504,202504,051,KRPUS,부산항,14,1458169,164,23059619,-21601450
202504,202504,052,KRPUS,부산항,7,165957,0,0,165957
202504,202504,053,KRPUS,부산항,10975,520811968,866,32949425,487862543
202504,202504,054,KRPUS,부산항,50,3769613,19,462910,3306703
202504,202504,056,KRPUS,부산항,1563,137158732,150,14787016,122371716
202504,202504,060,KRPUS,부산항,1999,155701539,26,3538458,152163081
202504,202504,062,KRPUS,부산항,813,94562101,17,510054,94052047
202504,202504,070,KRPUS,부산항,541,33704470,93,7823157,25881313
202504,202504,071,KRPUS,부산항,1308,115666653,108,5400326,110266327
202504,202504,080,KRPUS,부산항,1035,132237715,52,3118261,129119454
202504,202504,081,KRPUS,부산항,908,146698563,39,2141911,144556652
202504,202504,082,KRPUS,부산항,1881,158868265,104,2941992,155926273
202504,202504,084,KRPUS,부산항,92,4127618,16,1432692,2694926
202504,202504,090,KRPUS,부산항,63,1347335,59,1770649,-423314
202504,202504,100,KRPUS,부산항,73,2562462,14,886895,1675567
202504,202504,101,KRPUS,부산항,13,831783,21,563226,268557
202504,202504,102,KRPUS,부산항,619,51094351,60,1371970,49722381
202504,202504,110,KRPUS,부산항,9624,1031239023,832,93339026,937899997
202504,202504,120,KRPUS,부산항,9849,648568618,242,16708377,631860241
202504,202504,121,KRPUS,부산항,7596,679923755,696,54082285,625841470
202504,202504,122,KRPUS,부산항,2385,322120479,71,21433684,300686795
202504,202504,130,KRPUS,부산항,1040,41143739,11,594124,40549615
202504,202504,131,KRPUS,부산항,1591,72933899,149,12585204,60348695
202504,202504,140,KRPUS,부산항,33,3916549,54,3381893,534656
202504,202504,150,KRPUS,부산항,3766,293706195,136,140326142,153380053
202504,202504,151,KRPUS,부산항,3897,475737714,629,94780258,380957456
202504,202504,152,KRPUS,부산항,5675,632208069,341,56519958,575688111
202504,202504,153,KRPUS,부산항,2656,212377017,59,7220156,205156861
202504,202504,154,KRPUS,부산항,1682,163253739,12,541882,162711857
202504,202504,030,KRSCP,삼천포항,0,0,1,23,-23
202504,202504,052,KRSCP,삼천포항,2,221336,5,32326334,-32104998
202504,202504,110,KRSHG,포항신항,0,0,28,11579287,-11579287
202504,202504,122,KRSHG,포항신항,46,18423797,117,316036656,-297612859
202504,202504,030,KRSHO,속초항,1,13334,0,0,13334
202504,202504,101,KRSHO,속초항,1,560,41,5841778,-5841218
202504,202504,154,KRTAN,태안항,0,0,4,42150012,-42150012
202504,202504,010,KRTGH,동해항,78,789918,0,0,789918
202504,202504,012,KRTGH,동해항,43,709691,0,0,709691
202504,202504,014,KRTGH,동해항,4,77187,0,0,77187
202504,202504,017,KRTGH,동해항,32,455090,0,0,455090
202504,202504,020,KRTGH,동해항,651,19408004,0,0,19408004
202504,202504,021,KRTGH,동해항,5,110118,0,0,110118
202504,202504,023,KRTGH,동해항,73,1328694,0,0,1328694
202504,202504,030,KRTGH,동해항,5,47561,1,30,47531
202504,202504,039,KRTGH,동해항,1,1886,0,0,1886
202504,202504,050,KRTGH,동해항,2,33462119,0,0,33462119
202504,202504,053,KRTGH,동해항,5,120969,0,0,120969
202504,202504,082,KRTGH,동해항,3,1912869,0,0,1912869
202504,202504,100,KRTGH,동해항,580,30078637,176,74879640,-44801003
202504,202504,101,KRTGH,동해항,0,0,4,48127,-48127
202504,202504,120,KRTGH,동해항,1,2162,0,0,2162
202504,202504,130,KRTGH,동해항,8,199022,0,0,199022
202504,202504,131,KRTGH,동해항,11,716423,0,0,716423
202504,202504,150,KRTGH,동해항,2,38835,0,0,38835
202504,202504,151,KRTGH,동해항,230,7317203,0,0,7317203
202504,202504,153,KRTGH,동해항,2,46043,0,0,46043
202504,202504,016,KRTJI,당진항,6,20145332,77,298590217,-278444885
202504,202504,020,KRTJI,당진항,56,12208752,0,0,12208752
202504,202504,039,KRTJI,당진항,14,1643167,0,0,1643167
202504,202504,060,KRTJI,당진항,26,5190401,0,0,5190401
202504,202504,080,KRTJI,당진항,1,81076,0,0,81076
202504,202504,122,KRTJI,당진항,1,159302,0,0,159302
202504,202504,152,KRTJI,당진항,579,241261181,4,16415633,224845548
202504,202504,154,KRTJI,당진항,0,0,2,19388920,-19388920
202504,202504,060,KRTSN,대산항,1,1795016,0,0,1795016
202504,202504,110,KRTSN,대산항,0,0,1,496231,-496231
202504,202504,154,KRTSN,대산항,545,1110616099,160,2034816743,-924200644
202504,202504,030,KRTYG,통영항,4,13175,3,1209448,-1196273
202504,202504,054,KRTYG,통영항,16,97465949,268,73253405,24212544
202504,202504,014,KRUSN,울산항,2,289114,0,0,289114
202504,202504,016,KRUSN,울산항,1,33812,3,266086,-232274
202504,202504,020,KRUSN,울산항,2,458600,0,0,458600
202504,202504,021,KRUSN,울산항,1,24090,0,0,24090
202504,202504,023,KRUSN,울산항,2,1065893,0,0,1065893
202504,202504,030,KRUSN,울산항,5,175152,16,291772,-116620
202504,202504,033,KRUSN,울산항,1,193,1,257392,-257199
202504,202504,039,KRUSN,울산항,4,6417167,0,0,6417167
202504,202504,051,KRUSN,울산항,0,0,2,9208888,-9208888
202504,202504,053,KRUSN,울산항,0,0,1,68931,-68931
202504,202504,056,KRUSN,울산항,5,182947,0,0,182947
202504,202504,060,KRUSN,울산항,19,10088911,0,0,10088911
202504,202504,080,KRUSN,울산항,10,4906945,0,0,4906945
202504,202504,110,KRUSN,울산항,5900,3897556629,2108,3850495640,47060989
202504,202504,120,KRUSN,울산항,12,4610002,0,0,4610002
202504,202504,121,KRUSN,울산항,1,46794,0,0,46794
202504,202504,122,KRUSN,울산항,4,1521466,0,0,1521466
202504,202504,130,KRUSN,울산항,1,1344,0,0,1344
202504,202504,151,KRUSN,울산항,1,2718,0,0,2718
202504,202504,152,KRUSN,울산항,11,3417027,0,0,3417027
202504,202504,122,KRYMH,영일만항,0,0,65,76104923,-76104923
202504,202504,060,KRYOC,여천항,0,0,74,574117915,-574117915
202504,202504,016,KRYOS,여수항,0,0,2,241674,-241674
202504,202504,030,KRYOS,여수항,0,0,6,1733,-1733
202504,202504,060,KRYOS,여수항,334,1401204610,256,2621758596,-1220553986
202504,202504,062,KRYOS,여수항,3,265300,0,0,265300
202504,202504,110,KRYOS,여수항,0,0,3,3725250,-3725250
202504,202504,152,KRYOS,여수항,4,1076694,0,0,1076694
202504,202504,154,KRYOS,여수항,1,3462787,0,0,3462787
202504,202504,010,KRZZZ,기타불개항,38,19107858,0,0,19107858
202504,202504,016,KRZZZ,기타불개항,0,0,2,569,-569
202504,202504,017,KRZZZ,기타불개항,0,0,6,312730,-312730
202504,202504,020,KRZZZ,기타불개항,0,0,38,1189538,-1189538
202504,202504,040,KRZZZ,기타불개항,0,0,1,135,-135
202504,202504,051,KRZZZ,기타불개항,1,231810,3,198104,33706
202504,202504,054,KRZZZ,기타불개항,1,1346,7,243316631,-243315285
202504,202504,056,KRZZZ,기타불개항,0,0,1,57095880,-57095880
202504,202504,062,KRZZZ,기타불개항,0,0,1,7976594,-7976594
202504,202504,070,KRZZZ,기타불개항,3,360875,1,426191,-65316
202504,202504,081,KRZZZ,기타불개항,2,3806,0,0,3806
202504,202504,082,KRZZZ,기타불개항,5,7321,0,0,7321
202504,202504,090,KRZZZ,기타불개항,6,605816,0,0,605816
202504,202504,100,KRZZZ,기타불개항,1,1450,10,376863702,-376862252
202504,202504,121,KRZZZ,기타불개항,0,0,1,238500,-238500
202504,202504,080,KUV,군산공항,4,4809,0,0,4809
202504,202504,010,PUS,김해국제공항,2,19541,0,0,19541
202504,202504,012,PUS,김해국제공항,1,2525,0,0,2525
202504,202504,016,PUS,김해국제공항,0,0,1,52689,-52689
202504,202504,017,PUS,김해국제공항,3,24207,31,1160620,-1136413
202504,202504,021,PUS,김해국제공항,7,134200,0,0,134200
202504,202504,023,PUS,김해국제공항,3,11430,0,0,11430
202504,202504,030,PUS,김해국제공항,325,9073819,97,190055,8883764
202504,202504,033,PUS,김해국제공항,63,643641,1,8,643633
202504,202504,037,PUS,김해국제공항,0,0,1,624,-624
202504,202504,039,PUS,김해국제공항,83,856867,0,0,856867
202504,202504,040,PUS,김해국제공항,32,220114,18,562137,-342023
202504,202504,041,PUS,김해국제공항,0,0,1,639,-639
202504,202504,050,PUS,김해국제공항,83,13378155,2,14109,13364046
202504,202504,053,PUS,김해국제공항,81,1168881,4,18256,1150625
202504,202504,056,PUS,김해국제공항,12,1080008,34,704103,375905
202504,202504,060,PUS,김해국제공항,2,79318,0,0,79318
202504,202504,070,PUS,김해국제공항,1,18905,0,0,18905
202504,202504,071,PUS,김해국제공항,2,56534,0,0,56534
202504,202504,110,PUS,김해국제공항,22,35530,4,9293,26237
202504,202504,120,PUS,김해국제공항,6,15067,0,0,15067
202504,202504,121,PUS,김해국제공항,0,0,37,4794272,-4794272
202504,202504,122,PUS,김해국제공항,1,13223,0,0,13223
202504,202504,130,PUS,김해국제공항,1,4090,0,0,4090
202504,202504,140,PUS,김해국제공항,246,1407482,1046,10708848,-9301366
202504,202504,151,PUS,김해국제공항,1,3700,0,0,3700
202504,202504,030,TAE,대구국제공항,2,81207,0,0,81207
202504,202504,120,TAE,대구국제공항,13,43987,78,266272,-222285
202504,202504,121,TAE,대구국제공항,0,0,2,39540,-39540
202504,202504,010,ZZZZZ,기타항,1,2091,0,0,2091
202504,202504,011,ZZZZZ,기타항,1,5636,0,0,5636
202504,202504,012,ZZZZZ,기타항,2,5451,0,0,5451
202504,202504,017,ZZZZZ,기타항,3,2510,0,0,2510
202504,202504,130,ZZZZZ,기타항,1,11353,0,0,11353
202504,총계,,-,-,1088158,58035741079,4601632,53232716112,4803024967
202505,202505,010,010,서울세관,114,2774,0,0,2774
202505,202505,012,010,서울세관,433,25588,0,0,25588
202505,202505,017,010,서울세관,14,277,0,0,277
202505,202505,040,010,서울세관,0,0,1,57676,-57676
202505,202505,130,010,서울세관,251,8254,0,0,8254
202505,202505,010,037,부산국제우편세관,5,585,0,0,585
202505,202505,011,037,부산국제우편세관,1,2290,0,0,2290
202505,202505,021,037,부산국제우편세관,1,3035,0,0,3035
202505,202505,023,037,부산국제우편세관,2,2168,0,0,2168
202505,202505,030,037,부산국제우편세관,6,18658,0,0,18658
202505,202505,033,037,부산국제우편세관,7,14470,0,0,14470
202505,202505,037,037,부산국제우편세관,1,12728,15,33381,-20653
202505,202505,039,037,부산국제우편세관,3,15823,0,0,15823
202505,202505,040,037,부산국제우편세관,0,0,2,244,-244
202505,202505,050,037,부산국제우편세관,1,2841,0,0,2841
202505,202505,053,037,부산국제우편세관,1,3664,0,0,3664
202505,202505,082,037,부산국제우편세관,104,6287,0,0,6287
202505,202505,152,037,부산국제우편세관,1,3865,0,0,3865
202505,202505,040,040,인천공항세관,0,0,12,26277,-26277
202505,202505,150,CJJ,청주국제공항,1,7630,0,0,7630
202505,202505,151,CJJ,청주국제공항,0,0,135,435775,-435775
202505,202505,153,CJJ,청주국제공항,2,2432,0,0,2432
202505,202505,090,CJU,제주국제공항,3,2159,219,838746,-836587
202505,202505,010,GMP,김포국제공항,16,2425426,0,0,2425426
202505,202505,011,GMP,김포국제공항,1,1568,0,0,1568
202505,202505,012,GMP,김포국제공항,1,13,0,0,13
202505,202505,017,GMP,김포국제공항,12,59804,0,0,59804
202505,202505,020,GMP,김포국제공항,662,58961,0,0,58961
202505,202505,023,GMP,김포국제공항,299,3142204,0,0,3142204
202505,202505,040,GMP,김포국제공항,10944,1315645,0,0,1315645
202505,202505,041,GMP,김포국제공항,234,1159971,3278,51456220,-50296249
202505,202505,071,GMP,김포국제공항,10,9410,0,0,9410
202505,202505,120,GMP,김포국제공항,8,1205234,0,0,1205234
202505,202505,130,GMP,김포국제공항,79,80828,0,0,80828
202505,202505,131,GMP,김포국제공항,6,87429,0,0,87429
202505,202505,150,GMP,김포국제공항,2,36188,0,0,36188
202505,202505,152,GMP,김포국제공항,1,2417,0,0,2417
202505,202505,153,GMP,김포국제공항,1,2910,0,0,2910
202505,202505,056,HIN,진주(사천)공항,2,96439794,0,0,96439794
202505,202505,010,ICN,인천국제공항,38933,220643841,2009,124822119,95821722
202505,202505,011,ICN,인천국제공항,2954,7070232,3,4684,7065548
202505,202505,012,ICN,인천국제공항,12229,1959193538,1612,954871351,1004322187
202505,202505,014,ICN,인천국제공항,9836,201087632,243,16246960,184840672
202505,202505,016,ICN,인천국제공항,9416,1804842162,3436,522998959,1281843203
202505,202505,017,ICN,인천국제공항,26994,272641011,3153,155048054,117592957
202505,202505,020,ICN,인천국제공항,17909,1319280368,3723,1046991173,272289195
202505,202505,021,ICN,인천국제공항,21197,1378279973,9209,828929009,549350964
202505,202505,023,ICN,인천국제공항,35757,256843317,1375,176090189,80753128
202505,202505,030,ICN,인천국제공항,7901,117514350,1169,89207329,28307021
202505,202505,033,ICN,인천국제공항,429,5012780,11,264331,4748449
202505,202505,037,ICN,인천국제공항,0,0,3,4222,-4222
202505,202505,039,ICN,인천국제공항,3298,12529245,233,19178642,-6649397
202505,202505,040,ICN,인천국제공항,401754,6576511501,3525190,8585469231,-2008957730
202505,202505,041,ICN,인천국제공항,13670,24248167,2387,136772404,-112524237
202505,202505,050,ICN,인천국제공항,517,9835738,129,6941856,2893882
202505,202505,051,ICN,인천국제공항,7,289349,302,8761707,-8472358
202505,202505,052,ICN,인천국제공항,1,1430,0,0,1430
202505,202505,053,ICN,인천국제공항,5196,88040161,2066,94774441,-6734280
202505,202505,054,ICN,인천국제공항,19,68985,2,75972,-6987
202505,202505,056,ICN,인천국제공항,1633,41811802,1284,63502702,-21690900
202505,202505,060,ICN,인천국제공항,181,2626688,9,698026,1928662
202505,202505,062,ICN,인천국제공항,14,797384,6,88831,708553
202505,202505,070,ICN,인천국제공항,64,804371,44,700197,104174
202505,202505,071,ICN,인천국제공항,2992,310016978,1918,537228605,-227211627
202505,202505,080,ICN,인천국제공항,129,6375492,6,41010,6334482
202505,202505,081,ICN,인천국제공항,528,23761406,120,1982312,21779094
202505,202505,082,ICN,인천국제공항,523,8047156,32,809609,7237547
202505,202505,084,ICN,인천국제공항,16,120795,10,56953,63842
202505,202505,090,ICN,인천국제공항,132,215236,89,2427513,-2212277
202505,202505,100,ICN,인천국제공항,97,2090184,0,0,2090184
202505,202505,101,ICN,인천국제공항,11,152161,3,46310,105851
202505,202505,102,ICN,인천국제공항,844,41828334,0,0,41828334
202505,202505,110,ICN,인천국제공항,695,42408897,936,32718357,9690540
202505,202505,120,ICN,인천국제공항,5243,113025768,289,39276146,73749622
202505,202505,121,ICN,인천국제공항,13086,1378147323,5820,763840653,614306670
202505,202505,122,ICN,인천국제공항,258,4364757,28,355875,4008882
202505,202505,130,ICN,인천국제공항,19333,99204748,272,11531424,87673324
202505,202505,131,ICN,인천국제공항,4752,64049075,147,1675751,62373324
202505,202505,140,ICN,인천국제공항,286,2432492,1225,26976520,-24544028
202505,202505,150,ICN,인천국제공항,3080,76389105,231,6438527,69950578
202505,202505,151,ICN,인천국제공항,7666,2158058900,943,227620120,1930438780
202505,202505,152,ICN,인천국제공항,9726,2890734891,2765,671193014,2219541877
202505,202505,153,ICN,인천국제공항,1539,40211097,79,2147627,38063470
202505,202505,154,ICN,인천국제공항,117,1015090,20,1358542,-343452
202505,202505,010,KRBNP,부산신항,83,2073365,556,16462789,-14389424
202505,202505,011,KRBNP,부산신항,97,3793523,0,0,3793523
202505,202505,012,KRBNP,부산신항,447,11967795,5524,406851079,-394883284
202505,202505,014,KRBNP,부산신항,490,34995043,249,14999513,19995530
202505,202505,016,KRBNP,부산신항,521,52003107,2132,136522292,-84519185
202505,202505,017,KRBNP,부산신항,616,30637321,82,3565278,27072043
202505,202505,020,KRBNP,부산신항,706,33298248,1061,50849943,-17551695
202505,202505,021,KRBNP,부산신항,864,49230110,3955,324779641,-275549531
202505,202505,023,KRBNP,부산신항,384,17880384,103,13747404,4132980
202505,202505,030,KRBNP,부산신항,20241,1586100947,42417,4338893788,-2752792841
202505,202505,033,KRBNP,부산신항,867,37632351,1802,103881643,-66249292
202505,202505,039,KRBNP,부산신항,287,27597485,252,17147058,10450427
202505,202505,040,KRBNP,부산신항,43,8042259,462,20717216,-12674957
202505,202505,041,KRBNP,부산신항,13,116745,769,27071862,-26955117
202505,202505,050,KRBNP,부산신항,241,17268769,133,1939140,15329629
202505,202505,051,KRBNP,부산신항,1,183560,108,47878106,-47694546
202505,202505,052,KRBNP,부산신항,0,0,2,118499,-118499
202505,202505,053,KRBNP,부산신항,15163,443110468,802,73103764,370006704
202505,202505,054,KRBNP,부산신항,16,1316509,8,2362389,-1045880
202505,202505,056,KRBNP,부산신항,297,20105799,199,38012472,-17906673
202505,202505,060,KRBNP,부산신항,2400,197798347,11,1281839,196516508
202505,202505,062,KRBNP,부산신항,602,60254784,43,24538941,35715843
202505,202505,070,KRBNP,부산신항,72,3314637,75,14969900,-11655263
202505,202505,071,KRBNP,부산신항,1763,88201670,29,2821679,85379991
202505,202505,080,KRBNP,부산신항,99,7327246,68,2987808,4339438
202505,202505,081,KRBNP,부산신항,117,7922827,27,17584109,-9661282
202505,202505,082,KRBNP,부산신항,111,7075848,71,5292722,1783126
202505,202505,084,KRBNP,부산신항,71,4744694,89,8886465,-4141771
202505,202505,090,KRBNP,부산신항,0,0,66,1948009,-1948009
202505,202505,100,KRBNP,부산신항,19,2450828,0,0,2450828
202505,202505,101,KRBNP,부산신항,5,269171,0,0,269171
202505,202505,102,KRBNP,부산신항,108,7996117,9,303599,7692518
202505,202505,110,KRBNP,부산신항,2847,371850000,1202,341583092,30266908
202505,202505,120,KRBNP,부산신항,1514,104215948,107,9599858,94616090
202505,202505,121,KRBNP,부산신항,1065,71192967,153,18100105,53092862
202505,202505,122,KRBNP,부산신항,462,64508418,50,17442186,47066232
202505,202505,130,KRBNP,부산신항,97,3368558,33,2638757,729801
202505,202505,131,KRBNP,부산신항,384,22420974,939,73733901,-51312927
202505,202505,140,KRBNP,부산신항,112,14295337,32,3326102,10969235
202505,202505,150,KRBNP,부산신항,500,42171648,11,5076310,37095338
202505,202505,151,KRBNP,부산신항,416,41399275,280,31329450,10069825
202505,202505,152,KRBNP,부산신항,975,52366307,289,42762089,9604218
202505,202505,153,KRBNP,부산신항,297,17203880,79,5530984,11672896
202505,202505,154,KRBNP,부산신항,548,44411777,5,1343956,43067821
202505,202505,084,KRBOR,보령항,0,0,25,349700951,-349700951
202505,202505,152,KRBOR,보령항,0,0,1,60,-60
202505,202505,090,KRCHA,제주항,0,0,3,1056,-1056
202505,202505,012,KRCHF,진해항,1,18780,0,0,18780
202505,202505,017,KRCHF,진해항,1,3455,0,0,3455
202505,202505,030,KRCHF,진해항,2,20440667,0,0,20440667
202505,202505,053,KRCHF,진해항,6,3880840,12,4557106,-676266
202505,202505,153,KRCHF,진해항,1,1797,0,0,1797
202505,202505,080,KRCHG,장항항,2,1030174,9,6107431,-5077257
202505,202505,150,KRCHG,장항항,1,127807,0,0,127807
202505,202505,070,KRDBL,대불항,9,3902817,0,0,3902817
202505,202505,012,KRGIN,경인항,0,0,2,40129,-40129
202505,202505,016,KRGIN,경인항,0,0,4,30107,-30107
202505,202505,020,KRGIN,경인항,327,6776849,1117,37880310,-31103461
202505,202505,021,KRGIN,경인항,0,0,4,45753,-45753
202505,202505,023,KRGIN,경인항,2,224697,0,0,224697
202505,202505,040,KRGIN,경인항,0,0,6,370488,-370488
202505,202505,041,KRGIN,경인항,0,0,14,758138,-758138
202505,202505,053,KRGIN,경인항,0,0,15,197783,-197783
202505,202505,130,KRGIN,경인항,0,0,3,23800,-23800
202505,202505,131,KRGIN,경인항,0,0,2,46655,-46655
202505,202505,151,KRGIN,경인항,0,0,1,20395,-20395
202505,202505,100,KRHSA,호산항,0,0,1,4475749,-4475749
202505,202505,010,KRINC,인천항,1348,22200934,465,10423859,11777075
202505,202505,011,KRINC,인천항,168,6383832,0,0,6383832
202505,202505,012,KRINC,인천항,787,35210091,762,50367134,-15157043
202505,202505,014,KRINC,인천항,1755,109862453,145,11973301,97889152
202505,202505,016,KRINC,인천항,1069,134407354,412,19137219,115270135
202505,202505,017,KRINC,인천항,1422,162624304,149,6201893,156422411
202505,202505,020,KRINC,인천항,62726,1981802130,490380,6339786009,-4357983879
202505,202505,021,KRINC,인천항,1901,117815357,339,17567053,100248304
202505,202505,023,KRINC,인천항,1965,71453538,49,2138655,69314883
202505,202505,030,KRINC,인천항,335,29729128,68,10254771,19474357
202505,202505,033,KRINC,인천항,66,1737369,22,299435,1437934
202505,202505,039,KRINC,인천항,600,1372059,14,429416,942643
202505,202505,040,KRINC,인천항,314,58235027,419,29974746,28260281
202505,202505,041,KRINC,인천항,52,1787520,289,33293654,-31506134
202505,202505,050,KRINC,인천항,25,2276255,10,174850,2101405
202505,202505,051,KRINC,인천항,0,0,3,105389,-105389
202505,202505,053,KRINC,인천항,239,8791785,39,4164608,4627177
202505,202505,054,KRINC,인천항,6,526768,19,188789,337979
202505,202505,056,KRINC,인천항,21,387462,0,0,387462
202505,202505,060,KRINC,인천항,29,566636,0,0,566636
202505,202505,062,KRINC,인천항,46,2050415,1,47297,2003118
202505,202505,070,KRINC,인천항,7,286337,1,47648,238689
202505,202505,071,KRINC,인천항,131,4238550,18,945356,3293194
202505,202505,080,KRINC,인천항,40,5925809,0,0,5925809
202505,202505,081,KRINC,인천항,84,3199269,49,1923013,1276256
202505,202505,082,KRINC,인천항,97,3877742,37,462499,3415243
202505,202505,084,KRINC,인천항,16,533525,1,1198107,-664582
202505,202505,090,KRINC,인천항,1,243,4,105476,-105233
202505,202505,100,KRINC,인천항,11,1242329,0,0,1242329
202505,202505,102,KRINC,인천항,115,6407576,29,281247,6126329
202505,202505,110,KRINC,인천항,104,23067186,51,6187415,16879771
202505,202505,120,KRINC,인천항,383,12183016,36,1599521,10583495
202505,202505,121,KRINC,인천항,356,63415737,87,2677057,60738680
202505,202505,122,KRINC,인천항,90,21915329,0,0,21915329
202505,202505,130,KRINC,인천항,545,20976117,106,1668687,19307430
202505,202505,131,KRINC,인천항,477,25585722,137,9793674,15792048
202505,202505,150,KRINC,인천항,296,22430819,21,522560,21908259
202505,202505,151,KRINC,인천항,422,35833612,77,7351558,28482054
202505,202505,152,KRINC,인천항,1220,391808119,237,8568178,383239941
202505,202505,153,KRINC,인천항,183,8207726,11,245869,7961857
202505,202505,154,KRINC,인천항,805,82235249,0,0,82235249
202505,202505,010,KRKAN,광양항,2,54786,0,0,54786
202505,202505,011,KRKAN,광양항,3,48300,0,0,48300
202505,202505,012,KRKAN,광양항,14,446604,2,62213,384391
202505,202505,014,KRKAN,광양항,51,5289800,0,0,5289800
202505,202505,016,KRKAN,광양항,27,2269655,0,0,2269655
202505,202505,017,KRKAN,광양항,4,30318,0,0,30318
202505,202505,020,KRKAN,광양항,175,4385038,0,0,4385038
202505,202505,021,KRKAN,광양항,28,1910307,0,0,1910307
202505,202505,023,KRKAN,광양항,6,69069,0,0,69069
202505,202505,030,KRKAN,광양항,24,1826092,9,398,1825694
202505,202505,033,KRKAN,광양항,13,1679576,0,0,1679576
202505,202505,039,KRKAN,광양항,23,898881,0,0,898881
202505,202505,041,KRKAN,광양항,3,1568347,0,0,1568347
202505,202505,052,KRKAN,광양항,0,0,5,150328,-150328
202505,202505,053,KRKAN,광양항,42,4219873,0,0,4219873
202505,202505,056,KRKAN,광양항,33,1308057,0,0,1308057
202505,202505,060,KRKAN,광양항,4346,425275867,7,267775,425008092
202505,202505,062,KRKAN,광양항,6949,1106394831,6708,1053638007,52756824
202505,202505,070,KRKAN,광양항,132,15749874,18,2125161,13624713
202505,202505,071,KRKAN,광양항,1637,82064590,11,1233839,80830751
202505,202505,080,KRKAN,광양항,374,32208204,33,2412482,29795722
202505,202505,081,KRKAN,광양항,221,12228637,21,42229169,-30000532
202505,202505,082,KRKAN,광양항,402,34837119,32,1715783,33121336
202505,202505,084,KRKAN,광양항,20,1691310,0,0,1691310
202505,202505,090,KRKAN,광양항,1,8532,0,0,8532
202505,202505,102,KRKAN,광양항,2,163559,0,0,163559
202505,202505,110,KRKAN,광양항,19,1474208,4,203952,1270256
202505,202505,120,KRKAN,광양항,90,17981309,0,0,17981309
202505,202505,121,KRKAN,광양항,231,7750943,0,0,7750943
202505,202505,122,KRKAN,광양항,61,5462498,0,0,5462498
202505,202505,130,KRKAN,광양항,1,53425,1,4014,49411
202505,202505,131,KRKAN,광양항,1,2000,5,252312,-250312
202505,202505,140,KRKAN,광양항,0,0,1,650,-650
202505,202505,150,KRKAN,광양항,130,6140167,0,0,6140167
202505,202505,151,KRKAN,광양항,20,2934695,0,0,2934695
202505,202505,152,KRKAN,광양항,81,23884342,0,0,23884342
202505,202505,153,KRKAN,광양항,7,1828597,1,28755,1799842
202505,202505,154,KRKAN,광양항,309,33579787,2,506932,33072855
202505,202505,020,KRKCN,감천항,329,10822290,0,0,10822290
202505,202505,030,KRKCN,감천항,512,17633042,829,134907233,-117274191
202505,202505,052,KRKCN,감천항,12,140715,0,0,140715
202505,202505,053,KRKCN,감천항,0,0,1,3718,-3718
202505,202505,056,KRKCN,감천항,0,0,3,1766868,-1766868
202505,202505,100,KRKCN,감천항,0,0,1,20501,-20501
202505,202505,110,KRKCN,감천항,0,0,3,2013134,-2013134
202505,202505,120,KRKCN,감천항,1,7647,15,6939213,-6931566
202505,202505,152,KRKCN,감천항,2,43766,0,0,43766
202505,202505,050,KRKHN,고현항,1,683330,0,0,683330
202505,202505,051,KRKHN,고현항,64,472315531,40,56234373,416081158
202505,202505,020,KRKPO,포항항,5,713542,0,0,713542
202505,202505,030,KRKPO,포항항,1,2311663,5,133,2311530
202505,202505,039,KRKPO,포항항,8,3783107,0,0,3783107
202505,202505,053,KRKPO,포항항,6,2730435,0,0,2730435
202505,202505,062,KRKPO,포항항,9,763987,0,0,763987
202505,202505,070,KRKPO,포항항,1,272332,0,0,272332
202505,202505,080,KRKPO,포항항,3,210367,0,0,210367
202505,202505,110,KRKPO,포항항,3,2660271,0,0,2660271
202505,202505,120,KRKPO,포항항,1,917801,0,0,917801
202505,202505,122,KRKPO,포항항,1234,364964221,270,103811129,261153092
202505,202505,152,KRKPO,포항항,23,4298059,0,0,4298059
202505,202505,153,KRKPO,포항항,1,1486324,0,0,1486324
202505,202505,020,KRKUV,군산항,41,3276173,5834,35187069,-31910896
202505,202505,021,KRKUV,군산항,1,3804,0,0,3804
202505,202505,030,KRKUV,군산항,1,17220,0,0,17220
202505,202505,033,KRKUV,군산항,1,8882,0,0,8882
202505,202505,040,KRKUV,군산항,0,0,1,4013,-4013
202505,202505,053,KRKUV,군산항,33,691011,0,0,691011
202505,202505,054,KRKUV,군산항,2,107419,1,98719,8700
202505,202505,060,KRKUV,군산항,1,7070,0,0,7070
202505,202505,070,KRKUV,군산항,1,492359,0,0,492359
202505,202505,071,KRKUV,군산항,0,0,3,311349,-311349
202505,202505,080,KRKUV,군산항,367,64757244,115684,304385325,-239628081
202505,202505,081,KRKUV,군산항,8,446182,4,268885,177297
202505,202505,082,KRKUV,군산항,55,16900275,42,1365417,15534858
202505,202505,102,KRKUV,군산항,3,16628,0,0,16628
202505,202505,110,KRKUV,군산항,3,1475257,0,0,1475257
202505,202505,120,KRKUV,군산항,2,7240,0,0,7240
202505,202505,121,KRKUV,군산항,2,44997,0,0,44997
202505,202505,122,KRKUV,군산항,1,20841,0,0,20841
202505,202505,150,KRKUV,군산항,4,278137,0,0,278137
202505,202505,151,KRKUV,군산항,1,413490,0,0,413490
202505,202505,152,KRKUV,군산항,2,2148173,0,0,2148173
202505,202505,012,KRMAS,마산항,2,185801,0,0,185801
202505,202505,014,KRMAS,마산항,1,861585,0,0,861585
202505,202505,016,KRMAS,마산항,17,22638693,7,295076,22343617
202505,202505,017,KRMAS,마산항,18,537256,117,6968587,-6431331
202505,202505,020,KRMAS,마산항,644,21927812,0,0,21927812
202505,202505,021,KRMAS,마산항,6,3575364,0,0,3575364
202505,202505,023,KRMAS,마산항,12,4464418,0,0,4464418
202505,202505,030,KRMAS,마산항,16,48064630,2,2892458,45172172
202505,202505,033,KRMAS,마산항,1,14925,0,0,14925
202505,202505,039,KRMAS,마산항,10,10518804,0,0,10518804
202505,202505,040,KRMAS,마산항,0,0,1,369,-369
202505,202505,050,KRMAS,마산항,474,594947966,274,147472010,447475956
202505,202505,051,KRMAS,마산항,1,29100,7,16783553,-16754453
202505,202505,053,KRMAS,마산항,261,268026095,2,532916,267493179
202505,202505,056,KRMAS,마산항,9,3492171,5,1554054,1938117
202505,202505,060,KRMAS,마산항,8,54734888,0,0,54734888
202505,202505,062,KRMAS,마산항,1,51600,0,0,51600
202505,202505,070,KRMAS,마산항,2,1117552,0,0,1117552
202505,202505,071,KRMAS,마산항,3,59326,0,0,59326
202505,202505,080,KRMAS,마산항,14,9248902,0,0,9248902
202505,202505,081,KRMAS,마산항,1,332400,0,0,332400
202505,202505,110,KRMAS,마산항,35,59459225,1,184,59459041
202505,202505,120,KRMAS,마산항,5,1577479,0,0,1577479
202505,202505,121,KRMAS,마산항,4,13858318,0,0,13858318
202505,202505,122,KRMAS,마산항,9,79216964,0,0,79216964
202505,202505,150,KRMAS,마산항,2,17152600,0,0,17152600
202505,202505,151,KRMAS,마산항,13,31395544,0,0,31395544
202505,202505,152,KRMAS,마산항,8,34650636,0,0,34650636
202505,202505,153,KRMAS,마산항,3,22061045,0,0,22061045
202505,202505,154,KRMAS,마산항,8,5106519,0,0,5106519
202505,202505,110,KRMIP,미포항,23,484814454,0,0,484814454
202505,202505,030,KRMOK,목포항,1,44571,0,0,44571
202505,202505,070,KRMOK,목포항,99,902555391,37,23505187,879050204
202505,202505,080,KRMOK,목포항,1,365565,0,0,365565
202505,202505,020,KRMUK,묵호항,2,29340,0,0,29340
202505,202505,100,KRMUK,묵호항,72,3397936,0,0,3397936
202505,202505,100,KROKK,옥계항,3,3514130,1,4665024,-1150894
202505,202505,051,KROKP,옥포항,21,547939147,35,53014049,494925098
202505,202505,110,KRONS,온산항,321,878414448,17,1104488719,-226074271
202505,202505,010,KRPTK,평택항,10,50952,1,5110,45842
202505,202505,011,KRPTK,평택항,1,4060,0,0,4060
202505,202505,012,KRPTK,평택항,19,4970602,61,2291267,2679335
202505,202505,014,KRPTK,평택항,72,6091083,1,14142,6076941
202505,202505,016,KRPTK,평택항,4591,2102379046,152697,3040790405,-938411359
202505,202505,017,KRPTK,평택항,34,8919837,0,0,8919837
202505,202505,020,KRPTK,평택항,551,32186082,2736,17178062,15008020
202505,202505,021,KRPTK,평택항,147,31872942,4260,191773052,-159900110
202505,202505,023,KRPTK,평택항,32,1636606,0,0,1636606
202505,202505,030,KRPTK,평택항,89,16125042,57,9670084,6454958
202505,202505,033,KRPTK,평택항,4,634361,0,0,634361
202505,202505,039,KRPTK,평택항,5,503805,8176,455647,48158
202505,202505,040,KRPTK,평택항,0,0,31,668048,-668048
202505,202505,050,KRPTK,평택항,21,813369,0,0,813369
202505,202505,053,KRPTK,평택항,167,9420384,6,2392184,7028200
202505,202505,056,KRPTK,평택항,12,3506026,4,378176,3127850
202505,202505,060,KRPTK,평택항,1,296000,0,0,296000
202505,202505,062,KRPTK,평택항,1,11842,0,0,11842
202505,202505,071,KRPTK,평택항,21,1157364,13,538230,619134
202505,202505,080,KRPTK,평택항,7,3854514,0,0,3854514
202505,202505,081,KRPTK,평택항,13,1023303,0,0,1023303
202505,202505,082,KRPTK,평택항,23,1121070,0,0,1121070
202505,202505,084,KRPTK,평택항,4,86194,0,0,86194
202505,202505,102,KRPTK,평택항,15,1590143,5,71872,1518271
202505,202505,110,KRPTK,평택항,13,1077430,0,0,1077430
202505,202505,120,KRPTK,평택항,51,4954058,0,0,4954058
202505,202505,121,KRPTK,평택항,161,51280083,12,1084098,50195985
202505,202505,122,KRPTK,평택항,9,914572,0,0,914572
202505,202505,130,KRPTK,평택항,10,222150,0,0,222150
202505,202505,131,KRPTK,평택항,15,1822077,12,506875,1315202
202505,202505,150,KRPTK,평택항,35,1837051,12,661681,1175370
202505,202505,151,KRPTK,평택항,294,49231582,63,4836323,44395259
202505,202505,152,KRPTK,평택항,1030,253002019,226,51416369,201585650
202505,202505,153,KRPTK,평택항,7,319410,4,595560,-276150
202505,202505,154,KRPTK,평택항,394,51916324,2,156,51916168
202505,202505,010,KRPUS,부산항,1841,34065876,108,3949831,30116045
202505,202505,011,KRPUS,부산항,384,11420273,0,0,11420273
202505,202505,012,KRPUS,부산항,2431,142458771,720,88981204,53477567
202505,202505,014,KRPUS,부산항,4462,322672255,44,3078820,319593435
202505,202505,016,KRPUS,부산항,4055,382998352,810,210769572,172228780
202505,202505,017,KRPUS,부산항,2976,148399784,102,6334057,142065727
202505,202505,020,KRPUS,부산항,8590,457345827,352,17395722,439950105
202505,202505,021,KRPUS,부산항,4686,440862148,547,106657303,334204845
202505,202505,023,KRPUS,부산항,2933,172100283,10,394173,171706110
202505,202505,030,KRPUS,부산항,49685,3798635335,56724,4126463375,-327828040
202505,202505,033,KRPUS,부산항,4688,278675092,3772,110134213,168540879
202505,202505,037,KRPUS,부산항,0,0,1,928,-928
202505,202505,039,KRPUS,부산항,11136,156439928,78113,29719474,126720454
202505,202505,040,KRPUS,부산항,565,14732130,158,3891918,10840212
202505,202505,041,KRPUS,부산항,53,5263365,121,9511687,-4248322
202505,202505,050,KRPUS,부산항,1189,91082240,66,1271195,89811045
202505,202505,051,KRPUS,부산항,20,937907,113,15361815,-14423908
202505,202505,052,KRPUS,부산항,9,738313,0,0,738313
202505,202505,053,KRPUS,부산항,10369,509830083,755,31333931,478496152
202505,202505,054,KRPUS,부산항,49,4459701,18,478709,3980992
202505,202505,056,KRPUS,부산항,1344,131104391,116,11440432,119663959
202505,202505,060,KRPUS,부산항,1929,142835198,21,2432262,140402936
202505,202505,062,KRPUS,부산항,779,85798505,26,553303,85245202
202505,202505,070,KRPUS,부산항,461,28172908,86,9505585,18667323
202505,202505,071,KRPUS,부산항,1138,98267537,100,8640241,89627296
202505,202505,080,KRPUS,부산항,968,108179469,77,3272198,104907271
202505,202505,081,KRPUS,부산항,876,89934334,48,2527281,87407053
202505,202505,082,KRPUS,부산항,1697,151389660,83,4598232,146791428
202505,202505,084,KRPUS,부산항,78,4294650,9,389139,3905511
202505,202505,090,KRPUS,부산항,23,945490,39,720252,225238
202505,202505,100,KRPUS,부산항,61,2407112,5,227241,2179871
202505,202505,101,KRPUS,부산항,13,965301,34,1188874,-223573
202505,202505,102,KRPUS,부산항,699,45201631,55,1137305,44064326
202505,202505,110,KRPUS,부산항,8909,1060176167,834,120817512,939358655
202505,202505,120,KRPUS,부산항,8707,566279171,227,11819626,554459545
202505,202505,121,KRPUS,부산항,6618,617032761,615,45204277,571828484
202505,202505,122,KRPUS,부산항,2244,318174842,68,19843977,298330865
202505,202505,130,KRPUS,부산항,987,46207252,6,622914,45584338
202505,202505,131,KRPUS,부산항,1473,65782906,270,28693935,37088971
202505,202505,140,KRPUS,부산항,18,3074697,27,3678227,-603530
202505,202505,150,KRPUS,부산항,3778,242003169,114,3981751,238021418
202505,202505,151,KRPUS,부산항,3653,431053254,603,104830610,326222644
202505,202505,152,KRPUS,부산항,4996,545234894,303,64118636,481116258
202505,202505,153,KRPUS,부산항,2419,190435712,62,6867274,183568438
202505,202505,154,KRPUS,부산항,1500,139670042,16,762756,138907286
202505,202505,052,KRSCP,삼천포항,0,0,5,29473163,-29473163
202505,202505,110,KRSHG,포항신항,0,0,14,14593605,-14593605
202505,202505,122,KRSHG,포항신항,52,25510533,93,240005369,-214494836
202505,202505,152,KRSHG,포항신항,1,118329,0,0,118329
202505,202505,030,KRSHO,속초항,1,1798,0,0,1798
202505,202505,101,KRSHO,속초항,0,0,12,2429292,-2429292
202505,202505,154,KRTAN,태안항,0,0,5,44819650,-44819650
202505,202505,010,KRTGH,동해항,55,536730,0,0,536730
202505,202505,012,KRTGH,동해항,39,541664,0,0,541664
202505,202505,014,KRTGH,동해항,4,148552,0,0,148552
202505,202505,017,KRTGH,동해항,27,409440,0,0,409440
202505,202505,020,KRTGH,동해항,592,19155686,0,0,19155686
202505,202505,021,KRTGH,동해항,4,111595,0,0,111595
202505,202505,023,KRTGH,동해항,78,2073670,0,0,2073670
202505,202505,030,KRTGH,동해항,8,94845,2,2807,92038
202505,202505,033,KRTGH,동해항,1,13730,0,0,13730
202505,202505,039,KRTGH,동해항,1,863,0,0,863
202505,202505,071,KRTGH,동해항,3,85269,0,0,85269
202505,202505,100,KRTGH,동해항,567,25433874,129,52532738,-27098864
202505,202505,101,KRTGH,동해항,0,0,1,10080,-10080
202505,202505,130,KRTGH,동해항,10,288701,0,0,288701
202505,202505,131,KRTGH,동해항,15,540978,0,0,540978
202505,202505,151,KRTGH,동해항,192,6290182,0,0,6290182
202505,202505,153,KRTGH,동해항,1,7401,0,0,7401
202505,202505,016,KRTJI,당진항,13,2820568,57,245142921,-242322353
202505,202505,020,KRTJI,당진항,54,13015279,0,0,13015279
202505,202505,030,KRTJI,당진항,2,206546,0,0,206546
202505,202505,039,KRTJI,당진항,18,2186402,0,0,2186402
202505,202505,053,KRTJI,당진항,1,156534,0,0,156534
202505,202505,060,KRTJI,당진항,43,8347515,0,0,8347515
202505,202505,080,KRTJI,당진항,2,554607,0,0,554607
202505,202505,110,KRTJI,당진항,15,741596,0,0,741596
202505,202505,122,KRTJI,당진항,2,290169,0,0,290169
202505,202505,152,KRTJI,당진항,653,267257961,2,5974099,261283862
202505,202505,154,KRTJI,당진항,0,0,6,56433410,-56433410
202505,202505,060,KRTSN,대산항,1,1747552,0,0,1747552
202505,202505,110,KRTSN,대산항,0,0,1,573633,-573633
202505,202505,152,KRTSN,대산항,1,1888336,0,0,1888336
202505,202505,154,KRTSN,대산항,524,943320566,180,2090884031,-1147563465
202505,202505,020,KRTYG,통영항,1,9849,0,0,9849
202505,202505,030,KRTYG,통영항,19,393032,1,240,392792
202505,202505,039,KRTYG,통영항,3,79783,0,0,79783
202505,202505,054,KRTYG,통영항,13,78781053,310,264871181,-186090128
202505,202505,110,KRTYG,통영항,3,82456,0,0,82456
202505,202505,140,KRTYG,통영항,0,0,1,2600,-2600
202505,202505,010,KRUSN,울산항,1,1223,0,0,1223
202505,202505,014,KRUSN,울산항,3,316549,0,0,316549
202505,202505,016,KRUSN,울산항,0,0,3,2578562,-2578562
202505,202505,020,KRUSN,울산항,4,1512627,0,0,1512627
202505,202505,021,KRUSN,울산항,1,24722,0,0,24722
202505,202505,023,KRUSN,울산항,1,796229,0,0,796229
202505,202505,030,KRUSN,울산항,1,11782,10,184915,-173133
202505,202505,033,KRUSN,울산항,0,0,2,38100,-38100
202505,202505,053,KRUSN,울산항,4,663625,6,413586,250039
202505,202505,056,KRUSN,울산항,4,206910,0,0,206910
202505,202505,060,KRUSN,울산항,19,11877313,0,0,11877313
202505,202505,062,KRUSN,울산항,1,78832,0,0,78832
202505,202505,080,KRUSN,울산항,39,7972672,0,0,7972672
202505,202505,102,KRUSN,울산항,1,52495,0,0,52495
202505,202505,110,KRUSN,울산항,5774,3744757684,2563,3685528856,59228828
202505,202505,120,KRUSN,울산항,23,5523509,0,0,5523509
202505,202505,121,KRUSN,울산항,1,30160,0,0,30160
202505,202505,122,KRUSN,울산항,11,2195982,0,0,2195982
202505,202505,152,KRUSN,울산항,10,2372084,0,0,2372084
202505,202505,122,KRYMH,영일만항,0,0,35,5690714,-5690714
202505,202505,060,KRYOC,여천항,0,0,88,794359507,-794359507
202505,202505,030,KRYOS,여수항,0,0,16,1245,-1245
202505,202505,060,KRYOS,여수항,373,1551163149,215,2123171049,-572007900
202505,202505,062,KRYOS,여수항,1,46974,0,0,46974
202505,202505,110,KRYOS,여수항,3,4294358,0,0,4294358
202505,202505,010,KRZZZ,기타불개항,17,13774121,0,0,13774121
202505,202505,016,KRZZZ,기타불개항,0,0,1,40,-40
202505,202505,017,KRZZZ,기타불개항,0,0,1,603,-603
202505,202505,020,KRZZZ,기타불개항,0,0,12,215358,-215358
202505,202505,051,KRZZZ,기타불개항,0,0,1,523196,-523196
202505,202505,054,KRZZZ,기타불개항,3,3136,10,412425645,-412422509
202505,202505,056,KRZZZ,기타불개항,0,0,1,38914197,-38914197
202505,202505,062,KRZZZ,기타불개항,0,0,4,46084300,-46084300
202505,202505,070,KRZZZ,기타불개항,3,386700,2,350980,35720
202505,202505,081,KRZZZ,기타불개항,5,4581,0,0,4581
202505,202505,082,KRZZZ,기타불개항,5,5815,0,0,5815
202505,202505,090,KRZZZ,기타불개항,1,99345,0,0,99345
202505,202505,100,KRZZZ,기타불개항,1,282,1,38580399,-38580117
202505,202505,121,KRZZZ,기타불개항,0,0,2,287250,-287250
202505,202505,080,KUV,군산공항,2,5790,0,0,5790
202505,202505,012,PUS,김해국제공항,2,2666,0,0,2666
202505,202505,014,PUS,김해국제공항,1,13209,0,0,13209
202505,202505,016,PUS,김해국제공항,0,0,4,21523,-21523
202505,202505,017,PUS,김해국제공항,0,0,24,1915395,-1915395
202505,202505,020,PUS,김해국제공항,1,13750,0,0,13750
202505,202505,021,PUS,김해국제공항,3,37523,0,0,37523
202505,202505,023,PUS,김해국제공항,1,9178,0,0,9178
202505,202505,030,PUS,김해국제공항,350,8690390,120,145730,8544660
202505,202505,033,PUS,김해국제공항,53,658266,0,0,658266
202505,202505,039,PUS,김해국제공항,88,1016701,1,545,1016156
202505,202505,040,PUS,김해국제공항,37,582742,4,117821,464921
202505,202505,050,PUS,김해국제공항,67,13950530,1,35936,13914594
202505,202505,053,PUS,김해국제공항,65,737037,3,8294,728743
202505,202505,056,PUS,김해국제공항,8,1020102,35,594681,425421
202505,202505,060,PUS,김해국제공항,2,88769,0,0,88769
202505,202505,070,PUS,김해국제공항,4,67277,0,0,67277
202505,202505,071,PUS,김해국제공항,2,43576,0,0,43576
202505,202505,110,PUS,김해국제공항,7,17423,0,0,17423
202505,202505,120,PUS,김해국제공항,10,258798,0,0,258798
202505,202505,121,PUS,김해국제공항,1,8477,22,2442485,-2434008
202505,202505,130,PUS,김해국제공항,2,5480,0,0,5480
202505,202505,140,PUS,김해국제공항,262,1664706,1006,9867137,-8202431
202505,202505,030,TAE,대구국제공항,1,129,0,0,129
202505,202505,120,TAE,대구국제공항,14,144130,73,244653,-100523
202505,202505,110,USN,울산공항,1,8432,0,0,8432
202505,202505,017,ZZZZZ,기타항,3,9595,0,0,9595
202505,202505,040,ZZZZZ,기타항,0,0,125,11226,-11226
202505,202505,150,ZZZZZ,기타항,1,1400,0,0,1400
202505,202505,151,ZZZZZ,기타항,1,146597,0,0,146597
202505,총계,,-,-,1034785,57261062502,4586252,50345116057,6915946445
202506,202506,010,010,서울세관,58,2150,0,0,2150
202506,202506,012,010,서울세관,420,23521,0,0,23521
202506,202506,017,010,서울세관,96,1606,0,0,1606
202506,202506,040,010,서울세관,0,0,1,497587,-497587
202506,202506,041,010,서울세관,4,100,0,0,100
202506,202506,130,010,서울세관,78,9572,0,0,9572
202506,202506,010,037,부산국제우편세관,1,89,0,0,89
202506,202506,011,037,부산국제우편세관,2,3754,0,0,3754
202506,202506,021,037,부산국제우편세관,1,11415,0,0,11415
202506,202506,030,037,부산국제우편세관,3,3817,0,0,3817
202506,202506,033,037,부산국제우편세관,6,13962,0,0,13962
202506,202506,037,037,부산국제우편세관,2,1341,26,143973,-142632
202506,202506,039,037,부산국제우편세관,5,4630,0,0,4630
202506,202506,040,037,부산국제우편세관,0,0,4,2700,-2700
202506,202506,050,037,부산국제우편세관,2,798,0,0,798
202506,202506,082,037,부산국제우편세관,110,4514,0,0,4514
202506,202506,120,037,부산국제우편세관,1,561,0,0,561
202506,202506,040,040,인천공항세관,2,50930,9,25607,25323
202506,202506,082,CHN,전주공항,1,3130,0,0,3130
202506,202506,030,CJJ,청주국제공항,1,660,0,0,660
202506,202506,090,CJJ,청주국제공항,1,900,0,0,900
202506,202506,150,CJJ,청주국제공항,2,8689,0,0,8689
202506,202506,151,CJJ,청주국제공항,1,5271,105,319278,-314007
202506,202506,090,CJU,제주국제공항,1,3741,230,882169,-878428
202506,202506,010,GMP,김포국제공항,18,2529347,0,0,2529347
202506,202506,011,GMP,김포국제공항,3,3435,0,0,3435
202506,202506,012,GMP,김포국제공항,1,14,0,0,14
202506,202506,014,GMP,김포국제공항,1,578,0,0,578
202506,202506,016,GMP,김포국제공항,1,28050,0,0,28050
202506,202506,017,GMP,김포국제공항,18,69197,0,0,69197
202506,202506,020,GMP,김포국제공항,1143,186935,0,0,186935
202506,202506,021,GMP,김포국제공항,2,8756,0,0,8756
202506,202506,023,GMP,김포국제공항,254,2480865,0,0,2480865
202506,202506,040,GMP,김포국제공항,9720,1290659,7,5494111,-4203452
202506,202506,041,GMP,김포국제공항,219,1328182,3066,50723077,-49394895
202506,202506,071,GMP,김포국제공항,10,8200,0,0,8200
202506,202506,120,GMP,김포국제공항,7,1297061,0,0,1297061
202506,202506,130,GMP,김포국제공항,64,45235,0,0,45235
202506,202506,131,GMP,김포국제공항,9,598755,0,0,598755
202506,202506,056,HIN,진주(사천)공항,1,57437794,0,0,57437794
202506,202506,010,ICN,인천국제공항,65623,283131525,2157,153022716,130108809
202506,202506,011,ICN,인천국제공항,3892,9131975,0,0,9131975
202506,202506,012,ICN,인천국제공항,12294,2504146251,1721,1030791982,1473354269
202506,202506,014,ICN,인천국제공항,9516,212755455,298,30511245,182244210
202506,202506,016,ICN,인천국제공항,5847,1611750598,3296,511652060,1100098538
202506,202506,017,ICN,인천국제공항,30831,241058789,3471,157135951,83922838
202506,202506,020,ICN,인천국제공항,18121,1505850526,3779,1210393710,295456816
202506,202506,021,ICN,인천국제공항,20524,1458777189,8823,754137887,704639302
202506,202506,023,ICN,인천국제공항,36667,279004154,1418,189251210,89752944
202506,202506,030,ICN,인천국제공항,7509,122862009,1127,102291022,20570987
202506,202506,033,ICN,인천국제공항,405,3841600,17,1048192,2793408
202506,202506,037,ICN,인천국제공항,0,0,2,1188,-1188
202506,202506,039,ICN,인천국제공항,3255,25342142,257,26125803,-783661
202506,202506,040,ICN,인천국제공항,683274,7698696481,3274975,9217449479,-1518752998
202506,202506,041,ICN,인천국제공항,16179,28652902,2221,156088210,-127435308
202506,202506,050,ICN,인천국제공항,532,10054153,136,7448429,2605724
202506,202506,051,ICN,인천국제공항,8,142585,346,15127866,-14985281
202506,202506,053,ICN,인천국제공항,4891,83649454,1918,81615793,2033661
202506,202506,054,ICN,인천국제공항,25,713552,0,0,713552
202506,202506,056,ICN,인천국제공항,1062,37876635,1391,89190470,-51313835
202506,202506,060,ICN,인천국제공항,163,3453307,18,729582,2723725
202506,202506,062,ICN,인천국제공항,14,53742,8,401027,-347285
202506,202506,070,ICN,인천국제공항,68,871059,46,662912,208147
202506,202506,071,ICN,인천국제공항,3006,262116899,2148,564605622,-302488723
202506,202506,080,ICN,인천국제공항,129,10567131,13,162368,10404763
202506,202506,081,ICN,인천국제공항,549,21180147,130,1549215,19630932
202506,202506,082,ICN,인천국제공항,605,7863258,31,435280,7427978
202506,202506,084,ICN,인천국제공항,21,228883,13,91291,137592
202506,202506,090,ICN,인천국제공항,209,950341,131,4650783,-3700442
202506,202506,100,ICN,인천국제공항,132,1631182,0,0,1631182
202506,202506,101,ICN,인천국제공항,4,19379,1,6556,12823
202506,202506,102,ICN,인천국제공항,887,47630643,1,7710,47622933
202506,202506,110,ICN,인천국제공항,761,43645406,957,41700946,1944460
202506,202506,120,ICN,인천국제공항,5021,126607109,283,31986996,94620113
202506,202506,121,ICN,인천국제공항,12658,1068269539,6350,856520858,211748681
202506,202506,122,ICN,인천국제공항,246,5605066,18,332065,5273001
202506,202506,130,ICN,인천국제공항,21500,116162924,272,12813284,103349640
202506,202506,131,ICN,인천국제공항,5501,57023492,143,2130117,54893375
202506,202506,140,ICN,인천국제공항,295,4596308,1248,37552613,-32956305
202506,202506,150,ICN,인천국제공항,3156,89760516,299,10244763,79515753
202506,202506,151,ICN,인천국제공항,7640,2188024091,1119,161205139,2026818952
202506,202506,152,ICN,인천국제공항,10221,3179231463,2905,786441995,2392789468
202506,202506,153,ICN,인천국제공항,1603,37472430,81,2717253,34755177
202506,202506,154,ICN,인천국제공항,104,1084286,17,543652,540634
202506,202506,010,KRBNP,부산신항,80,1666984,536,20993804,-19326820
202506,202506,011,KRBNP,부산신항,98,2824087,0,0,2824087
202506,202506,012,KRBNP,부산신항,385,11184109,5313,387032742,-375848633
202506,202506,014,KRBNP,부산신항,529,34339872,286,17922054,16417818
202506,202506,016,KRBNP,부산신항,613,69312631,2038,128454013,-59141382
202506,202506,017,KRBNP,부산신항,601,38719804,69,3158257,35561547
202506,202506,020,KRBNP,부산신항,588,32118391,691,37036573,-4918182
202506,202506,021,KRBNP,부산신항,771,47747113,3993,316679127,-268932014
202506,202506,023,KRBNP,부산신항,370,28818263,104,18863816,9954447
202506,202506,030,KRBNP,부산신항,20949,1675480480,45025,4649309630,-2973829150
202506,202506,033,KRBNP,부산신항,817,39762951,1848,98019716,-58256765
202506,202506,039,KRBNP,부산신항,268,30367366,194,21309477,9057889
202506,202506,040,KRBNP,부산신항,28,724973,405,20284156,-19559183
202506,202506,041,KRBNP,부산신항,10,373884,813,32821278,-32447394
202506,202506,050,KRBNP,부산신항,238,20072623,192,2806071,17266552
202506,202506,051,KRBNP,부산신항,1,183775,101,23567516,-23383741
202506,202506,052,KRBNP,부산신항,3,129207,2,127312,1895
202506,202506,053,KRBNP,부산신항,12661,378389887,813,52231221,326158666
202506,202506,054,KRBNP,부산신항,25,2404434,12,4678249,-2273815
202506,202506,056,KRBNP,부산신항,296,19491854,246,57469272,-37977418
202506,202506,060,KRBNP,부산신항,2616,201580201,14,1572633,200007568
202506,202506,062,KRBNP,부산신항,669,61693647,38,29998959,31694688
202506,202506,070,KRBNP,부산신항,35,3540867,81,14428548,-10887681
202506,202506,071,KRBNP,부산신항,1596,66200044,37,2912116,63287928
202506,202506,080,KRBNP,부산신항,134,9705089,52,4194411,5510678
202506,202506,081,KRBNP,부산신항,89,4702301,39,35814221,-31111920
202506,202506,082,KRBNP,부산신항,106,6766938,65,3124005,3642933
202506,202506,084,KRBNP,부산신항,80,4046278,39,9192604,-5146326
202506,202506,090,KRBNP,부산신항,0,0,83,1324936,-1324936
202506,202506,100,KRBNP,부산신항,27,3691401,0,0,3691401
202506,202506,101,KRBNP,부산신항,7,437718,0,0,437718
202506,202506,102,KRBNP,부산신항,137,11749458,12,346965,11402493
202506,202506,110,KRBNP,부산신항,3004,395278874,1002,308666594,86612280
202506,202506,120,KRBNP,부산신항,1409,88089562,102,9869152,78220410
202506,202506,121,KRBNP,부산신항,1203,70813035,154,15750446,55062589
202506,202506,122,KRBNP,부산신항,418,38221295,57,16835351,21385944
202506,202506,130,KRBNP,부산신항,96,3756276,45,4445849,-689573
202506,202506,131,KRBNP,부산신항,404,20048871,960,80579443,-60530572
202506,202506,140,KRBNP,부산신항,123,14234850,33,2003649,12231201
202506,202506,150,KRBNP,부산신항,469,33419268,24,4883925,28535343
202506,202506,151,KRBNP,부산신항,351,38879096,303,29982278,8896818
202506,202506,152,KRBNP,부산신항,1385,73261464,313,24788713,48472751
202506,202506,153,KRBNP,부산신항,317,16741006,76,5656324,11084682
202506,202506,154,KRBNP,부산신항,563,46057722,12,452098,45605624
202506,202506,084,KRBOR,보령항,0,0,30,361416137,-361416137
202506,202506,152,KRBOR,보령항,0,0,1,40,-40
202506,202506,090,KRCHA,제주항,1,87385,2,1129,86256
202506,202506,030,KRCHF,진해항,3,64791809,1,7738,64784071
202506,202506,053,KRCHF,진해항,2,179048,18,4454817,-4275769
202506,202506,060,KRCHF,진해항,2,6790,0,0,6790
202506,202506,080,KRCHG,장항항,0,0,6,6387628,-6387628
202506,202506,150,KRCHG,장항항,2,259762,0,0,259762
202506,202506,070,KRDBL,대불항,10,3942467,0,0,3942467
202506,202506,010,KRGIN,경인항,0,0,2,36974,-36974
202506,202506,012,KRGIN,경인항,2,99051,4,43243,55808
202506,202506,016,KRGIN,경인항,0,0,5,97392,-97392
202506,202506,017,KRGIN,경인항,1,680,0,0,680
202506,202506,020,KRGIN,경인항,274,3350241,995,37428218,-34077977
202506,202506,021,KRGIN,경인항,0,0,7,128220,-128220
202506,202506,023,KRGIN,경인항,2,698,0,0,698
202506,202506,040,KRGIN,경인항,0,0,4,98713,-98713
202506,202506,041,KRGIN,경인항,0,0,15,685082,-685082
202506,202506,053,KRGIN,경인항,0,0,6,103603,-103603
202506,202506,130,KRGIN,경인항,0,0,2,34000,-34000
202506,202506,131,KRGIN,경인항,0,0,2,50185,-50185
202506,202506,151,KRGIN,경인항,0,0,1,20344,-20344
202506,202506,152,KRGIN,경인항,1,57774,0,0,57774
202506,202506,100,KRHSA,호산항,0,0,4,63633825,-63633825
202506,202506,010,KRINC,인천항,933,18253451,546,8960839,9292612
202506,202506,011,KRINC,인천항,150,5499599,0,0,5499599
202506,202506,012,KRINC,인천항,733,31034448,840,54997787,-23963339
202506,202506,014,KRINC,인천항,1775,103639843,172,16282074,87357769
202506,202506,016,KRINC,인천항,996,149069625,505,30299825,118769800
202506,202506,017,KRINC,인천항,1515,155624543,140,6072304,149552239
202506,202506,020,KRINC,인천항,55275,1997050856,465353,6057408689,-4060357833
202506,202506,021,KRINC,인천항,1983,118780155,398,19406354,99373801
202506,202506,023,KRINC,인천항,1862,66390560,65,5075705,61314855
202506,202506,030,KRINC,인천항,305,27053557,73,11170395,15883162
202506,202506,033,KRINC,인천항,72,1952248,10,139663,1812585
202506,202506,039,KRINC,인천항,562,1746430,8,104590,1641840
202506,202506,040,KRINC,인천항,296,14167804,464,38549947,-24382143
202506,202506,041,KRINC,인천항,35,1720475,325,59444958,-57724483
202506,202506,050,KRINC,인천항,22,1446781,3,51169,1395612
202506,202506,053,KRINC,인천항,255,8366402,44,3503824,4862578
202506,202506,054,KRINC,인천항,3,316154,1,8373,307781
202506,202506,056,KRINC,인천항,18,218289,1,30726,187563
202506,202506,060,KRINC,인천항,26,499994,0,0,499994
202506,202506,062,KRINC,인천항,37,528380,0,0,528380
202506,202506,070,KRINC,인천항,6,246976,0,0,246976
202506,202506,071,KRINC,인천항,117,4633859,17,557921,4075938
202506,202506,080,KRINC,인천항,29,3750558,0,0,3750558
202506,202506,081,KRINC,인천항,54,1368105,38,1043347,324758
202506,202506,082,KRINC,인천항,69,3284787,48,285767,2999020
202506,202506,084,KRINC,인천항,12,533916,0,0,533916
202506,202506,090,KRINC,인천항,0,0,7,182384,-182384
202506,202506,100,KRINC,인천항,3,112769,0,0,112769
202506,202506,102,KRINC,인천항,116,8394107,35,260070,8134037
202506,202506,110,KRINC,인천항,110,22406711,32,2085390,20321321
202506,202506,120,KRINC,인천항,359,8777035,38,1567921,7209114
202506,202506,121,KRINC,인천항,369,66855274,82,1421664,65433610
202506,202506,122,KRINC,인천항,121,31583039,0,0,31583039
202506,202506,130,KRINC,인천항,580,20908748,106,2067685,18841063
202506,202506,131,KRINC,인천항,499,22467832,111,9620006,12847826
202506,202506,140,KRINC,인천항,1,475,0,0,475
202506,202506,150,KRINC,인천항,276,21254872,14,502360,20752512
202506,202506,151,KRINC,인천항,378,25422329,92,7216089,18206240
202506,202506,152,KRINC,인천항,1086,266003828,252,15499903,250503925
202506,202506,153,KRINC,인천항,146,9951764,11,335547,9616217
202506,202506,154,KRINC,인천항,987,95100983,0,0,95100983
202506,202506,051,KRJSP,장승포항,2,27050000,0,0,27050000
202506,202506,010,KRKAN,광양항,2,56790,0,0,56790
202506,202506,011,KRKAN,광양항,3,165876,0,0,165876
202506,202506,012,KRKAN,광양항,10,227975,0,0,227975
202506,202506,014,KRKAN,광양항,35,3152909,0,0,3152909
202506,202506,016,KRKAN,광양항,48,3539206,0,0,3539206
202506,202506,017,KRKAN,광양항,10,341181,0,0,341181
202506,202506,020,KRKAN,광양항,121,3200930,0,0,3200930
202506,202506,021,KRKAN,광양항,22,1146340,0,0,1146340
202506,202506,023,KRKAN,광양항,7,240417,0,0,240417
202506,202506,030,KRKAN,광양항,19,1041913,13,541414,500499
202506,202506,033,KRKAN,광양항,6,415003,0,0,415003
202506,202506,039,KRKAN,광양항,33,2232183,0,0,2232183
202506,202506,041,KRKAN,광양항,4,1634651,0,0,1634651
202506,202506,050,KRKAN,광양항,2,71536,0,0,71536
202506,202506,052,KRKAN,광양항,0,0,4,135172,-135172
202506,202506,053,KRKAN,광양항,74,4880218,0,0,4880218
202506,202506,056,KRKAN,광양항,36,1446297,0,0,1446297
202506,202506,060,KRKAN,광양항,4306,409259646,9,436032,408823614
202506,202506,062,KRKAN,광양항,6216,1083085822,6396,1269288187,-186202365
202506,202506,070,KRKAN,광양항,131,8698929,12,1483503,7215426
202506,202506,071,KRKAN,광양항,1618,70413604,11,944155,69469449
202506,202506,080,KRKAN,광양항,333,27306791,27,2518202,24788589
202506,202506,081,KRKAN,광양항,227,14760433,19,32938282,-18177849
202506,202506,082,KRKAN,광양항,397,45582631,44,2445205,43137426
202506,202506,084,KRKAN,광양항,24,1492143,0,0,1492143
202506,202506,102,KRKAN,광양항,3,674362,0,0,674362
202506,202506,110,KRKAN,광양항,18,1363995,1,85719,1278276
202506,202506,120,KRKAN,광양항,97,10970637,0,0,10970637
202506,202506,121,KRKAN,광양항,250,7642029,0,0,7642029
202506,202506,122,KRKAN,광양항,109,12814545,0,0,12814545
202506,202506,130,KRKAN,광양항,4,118864,2,7781,111083
202506,202506,131,KRKAN,광양항,7,264721,3,217691,47030
202506,202506,150,KRKAN,광양항,113,5852310,0,0,5852310
202506,202506,151,KRKAN,광양항,28,5002887,0,0,5002887
202506,202506,152,KRKAN,광양항,96,35072717,0,0,35072717
202506,202506,153,KRKAN,광양항,13,2279792,1,20131,2259661
202506,202506,154,KRKAN,광양항,312,34153388,0,0,34153388
202506,202506,020,KRKCN,감천항,310,10007456,0,0,10007456
202506,202506,030,KRKCN,감천항,672,24201684,773,143107338,-118905654
202506,202506,052,KRKCN,감천항,13,123979,0,0,123979
202506,202506,056,KRKCN,감천항,0,0,3,1791231,-1791231
202506,202506,062,KRKCN,감천항,0,0,1,324761,-324761
202506,202506,080,KRKCN,감천항,0,0,4,290602,-290602
202506,202506,100,KRKCN,감천항,0,0,1,31540,-31540
202506,202506,120,KRKCN,감천항,0,0,2,86002,-86002
202506,202506,152,KRKCN,감천항,16,757720,0,0,757720
202506,202506,051,KRKHN,고현항,56,340940449,39,121745245,219195204
202506,202506,020,KRKPO,포항항,2,235405,0,0,235405
202506,202506,030,KRKPO,포항항,0,0,3,133,-133
202506,202506,039,KRKPO,포항항,8,1706497,0,0,1706497
202506,202506,053,KRKPO,포항항,8,930636,0,0,930636
202506,202506,060,KRKPO,포항항,3,2126731,0,0,2126731
202506,202506,062,KRKPO,포항항,5,605672,0,0,605672
202506,202506,070,KRKPO,포항항,1,108973,0,0,108973
202506,202506,080,KRKPO,포항항,28,1391858,0,0,1391858
202506,202506,110,KRKPO,포항항,2,986209,0,0,986209
202506,202506,120,KRKPO,포항항,1,595142,0,0,595142
202506,202506,122,KRKPO,포항항,1118,334457798,231,45739898,288717900
202506,202506,152,KRKPO,포항항,6,1293294,0,0,1293294
202506,202506,153,KRKPO,포항항,1,293233,0,0,293233
202506,202506,010,KRKUV,군산항,1,3203,0,0,3203
202506,202506,014,KRKUV,군산항,2,141816,0,0,141816
202506,202506,020,KRKUV,군산항,81,2689332,6086,35225557,-32536225
202506,202506,030,KRKUV,군산항,0,0,1,8,-8
202506,202506,033,KRKUV,군산항,1,9175,0,0,9175
202506,202506,040,KRKUV,군산항,0,0,2,10259,-10259
202506,202506,041,KRKUV,군산항,0,0,1,6695,-6695
202506,202506,053,KRKUV,군산항,2,106126,0,0,106126
202506,202506,054,KRKUV,군산항,1,22680,0,0,22680
202506,202506,060,KRKUV,군산항,2,34158,0,0,34158
202506,202506,070,KRKUV,군산항,1,492359,0,0,492359
202506,202506,071,KRKUV,군산항,0,0,2,215527,-215527
202506,202506,080,KRKUV,군산항,467,68391260,90588,311069856,-242678596
202506,202506,081,KRKUV,군산항,3,254349,3,48542,205807
202506,202506,082,KRKUV,군산항,57,18041176,20,857618,17183558
202506,202506,102,KRKUV,군산항,4,11278,0,0,11278
202506,202506,110,KRKUV,군산항,8,4222689,0,0,4222689
202506,202506,121,KRKUV,군산항,11,243602,0,0,243602
202506,202506,122,KRKUV,군산항,1,29081,0,0,29081
202506,202506,150,KRKUV,군산항,3,193227,0,0,193227
202506,202506,152,KRKUV,군산항,5,1112012,0,0,1112012
202506,202506,012,KRMAS,마산항,2,168390,0,0,168390
202506,202506,016,KRMAS,마산항,21,7614795,151,4799881,2814914
202506,202506,017,KRMAS,마산항,17,521916,106,5922808,-5400892
202506,202506,020,KRMAS,마산항,414,34551479,0,0,34551479
202506,202506,021,KRMAS,마산항,10,30185271,0,0,30185271
202506,202506,023,KRMAS,마산항,4,2067217,0,0,2067217
202506,202506,030,KRMAS,마산항,30,18356652,4,4102750,14253902
202506,202506,033,KRMAS,마산항,1,2937,0,0,2937
202506,202506,039,KRMAS,마산항,6,23367315,1,380,23366935
202506,202506,050,KRMAS,마산항,423,660357468,244,173473685,486883783
202506,202506,051,KRMAS,마산항,1,60500,0,0,60500
202506,202506,053,KRMAS,마산항,267,678208966,2,1068274,677140692
202506,202506,054,KRMAS,마산항,2,365184,0,0,365184
202506,202506,056,KRMAS,마산항,12,12991425,5,524141,12467284
202506,202506,060,KRMAS,마산항,1,121408,0,0,121408
202506,202506,062,KRMAS,마산항,1,4389917,0,0,4389917
202506,202506,070,KRMAS,마산항,2,3200000,2,2536248,663752
202506,202506,071,KRMAS,마산항,2,91132,0,0,91132
202506,202506,080,KRMAS,마산항,15,6906980,0,0,6906980
202506,202506,110,KRMAS,마산항,56,63447578,1,2260707,61186871
202506,202506,120,KRMAS,마산항,9,3000558,0,0,3000558
202506,202506,121,KRMAS,마산항,9,51926359,0,0,51926359
202506,202506,122,KRMAS,마산항,8,1281306,0,0,1281306
202506,202506,150,KRMAS,마산항,3,131591815,0,0,131591815
202506,202506,151,KRMAS,마산항,16,15799003,0,0,15799003
202506,202506,152,KRMAS,마산항,30,8510546,0,0,8510546
202506,202506,153,KRMAS,마산항,9,3786521,0,0,3786521
202506,202506,154,KRMAS,마산항,3,3958364,0,0,3958364
202506,202506,110,KRMIP,미포항,36,874902215,0,0,874902215
202506,202506,020,KRMOK,목포항,1,72220,0,0,72220
202506,202506,030,KRMOK,목포항,0,0,1,100,-100
202506,202506,070,KRMOK,목포항,127,1040658511,43,66541078,974117433
202506,202506,110,KRMOK,목포항,1,92692,0,0,92692
202506,202506,100,KRMUK,묵호항,79,4094026,1,41818,4052208
202506,202506,100,KROKK,옥계항,0,0,17,5864463,-5864463
202506,202506,051,KROKP,옥포항,18,388862025,21,37535040,351326985
202506,202506,110,KRONS,온산항,333,954009308,13,683793131,270216177
202506,202506,010,KRPTK,평택항,11,80802,3,72923,7879
202506,202506,011,KRPTK,평택항,1,13359,0,0,13359
202506,202506,012,KRPTK,평택항,23,844173,72,2819133,-1974960
202506,202506,014,KRPTK,평택항,68,2742449,4,54091,2688358
202506,202506,016,KRPTK,평택항,4576,2080193241,149868,2609962146,-529768905
202506,202506,017,KRPTK,평택항,33,11506705,0,0,11506705
202506,202506,020,KRPTK,평택항,656,26417673,2679,17792840,8624833
202506,202506,021,KRPTK,평택항,131,29425144,4008,193647516,-164222372
202506,202506,023,KRPTK,평택항,34,5285546,0,0,5285546
202506,202506,030,KRPTK,평택항,113,21002689,46,11555679,9447010
202506,202506,033,KRPTK,평택항,11,3088855,0,0,3088855
202506,202506,039,KRPTK,평택항,0,0,5334,282446,-282446
202506,202506,040,KRPTK,평택항,0,0,24,938312,-938312
202506,202506,050,KRPTK,평택항,21,718924,0,0,718924
202506,202506,053,KRPTK,평택항,108,9036583,6,1308072,7728511
202506,202506,056,KRPTK,평택항,9,3471170,2,900334,2570836
202506,202506,060,KRPTK,평택항,2,53637,0,0,53637
202506,202506,062,KRPTK,평택항,1,12291,0,0,12291
202506,202506,070,KRPTK,평택항,1,5015,0,0,5015
202506,202506,071,KRPTK,평택항,13,510939,6,187373,323566
202506,202506,080,KRPTK,평택항,5,2827123,0,0,2827123
202506,202506,081,KRPTK,평택항,29,1383183,1,1094,1382089
202506,202506,082,KRPTK,평택항,16,549351,0,0,549351
202506,202506,084,KRPTK,평택항,1,15061,0,0,15061
202506,202506,100,KRPTK,평택항,1,600,0,0,600
202506,202506,102,KRPTK,평택항,25,1636607,3,41987,1594620
202506,202506,110,KRPTK,평택항,16,764248,0,0,764248
202506,202506,120,KRPTK,평택항,39,2102830,0,0,2102830
202506,202506,121,KRPTK,평택항,211,59431074,2,7652,59423422
202506,202506,122,KRPTK,평택항,2,161825,0,0,161825
202506,202506,130,KRPTK,평택항,11,99447,0,0,99447
202506,202506,131,KRPTK,평택항,14,2071113,7,275478,1795635
202506,202506,150,KRPTK,평택항,57,2886929,6,410690,2476239
202506,202506,151,KRPTK,평택항,280,37840606,56,3957822,33882784
202506,202506,152,KRPTK,평택항,923,210549379,219,38011955,172537424
202506,202506,153,KRPTK,평택항,14,3586487,0,0,3586487
202506,202506,154,KRPTK,평택항,419,46673080,0,0,46673080
202506,202506,010,KRPUS,부산항,1865,38449179,125,4832700,33616479
202506,202506,011,KRPUS,부산항,418,11622928,0,0,11622928
202506,202506,012,KRPUS,부산항,2493,167740893,660,122077664,45663229
202506,202506,014,KRPUS,부산항,4383,299338377,63,7833320,291505057
202506,202506,016,KRPUS,부산항,4078,342470319,856,258234000,84236319
202506,202506,017,KRPUS,부산항,3134,150092562,145,7865310,142227252
202506,202506,020,KRPUS,부산항,8749,444433235,432,21518309,422914926
202506,202506,021,KRPUS,부산항,4639,467290677,617,112932912,354357765
202506,202506,023,KRPUS,부산항,2886,171731373,8,600442,171130931
202506,202506,030,KRPUS,부산항,49901,3789037113,56725,4285542459,-496505346
202506,202506,033,KRPUS,부산항,4857,283303502,3442,104073693,179229809
202506,202506,037,KRPUS,부산항,0,0,9,9405,-9405
202506,202506,039,KRPUS,부산항,2290,139561473,68062,40009350,99552123
202506,202506,040,KRPUS,부산항,389,18566094,146,4651776,13914318
202506,202506,041,KRPUS,부산항,38,5770731,118,8222244,-2451513
202506,202506,050,KRPUS,부산항,1210,83628828,72,2086334,81542494
202506,202506,051,KRPUS,부산항,21,1148133,111,14451529,-13303396
202506,202506,052,KRPUS,부산항,4,281565,0,0,281565
202506,202506,053,KRPUS,부산항,10040,487547521,764,29377435,458170086
202506,202506,054,KRPUS,부산항,44,2877824,15,341976,2535848
202506,202506,056,KRPUS,부산항,1328,118083447,159,19363032,98720415
202506,202506,060,KRPUS,부산항,1796,128750869,15,1138241,127612628
202506,202506,062,KRPUS,부산항,723,71461878,20,1069049,70392829
202506,202506,070,KRPUS,부산항,398,26984043,91,11407201,15576842
202506,202506,071,KRPUS,부산항,1070,99039584,93,4251666,94787918
202506,202506,080,KRPUS,부산항,814,107806932,53,3638552,104168380
202506,202506,081,KRPUS,부산항,841,106338685,31,2431620,103907065
202506,202506,082,KRPUS,부산항,1647,143035288,78,2905774,140129514
202506,202506,084,KRPUS,부산항,98,5918043,5,126749,5791294
202506,202506,090,KRPUS,부산항,28,789370,67,1688937,-899567
202506,202506,100,KRPUS,부산항,50,1876118,4,198587,1677531
202506,202506,101,KRPUS,부산항,15,789540,24,792250,-2710
202506,202506,102,KRPUS,부산항,615,49510359,59,950444,48559915
202506,202506,110,KRPUS,부산항,8770,1070693834,845,78098928,992594906
202506,202506,120,KRPUS,부산항,8871,648283890,207,8396519,639887371
202506,202506,121,KRPUS,부산항,6894,613467685,654,42934332,570533353
202506,202506,122,KRPUS,부산항,2246,295329708,60,20846959,274482749
202506,202506,130,KRPUS,부산항,956,39161461,4,280065,38881396
202506,202506,131,KRPUS,부산항,1623,73953674,206,23896251,50057423
202506,202506,140,KRPUS,부산항,22,2591002,25,3125200,-534198
202506,202506,150,KRPUS,부산항,3501,411864166,109,67016195,344847971
202506,202506,151,KRPUS,부산항,3651,378532380,583,126686878,251845502
202506,202506,152,KRPUS,부산항,5130,511166499,279,65535605,445630894
202506,202506,153,KRPUS,부산항,2476,205155904,50,4638595,200517309
202506,202506,154,KRPUS,부산항,1577,145792078,9,234681,145557397
202506,202506,030,KRSCP,삼천포항,0,0,1,30,-30
202506,202506,052,KRSCP,삼천포항,0,0,7,41047362,-41047362
202506,202506,110,KRSHG,포항신항,0,0,16,13910857,-13910857
202506,202506,122,KRSHG,포항신항,43,23549735,104,315314373,-291764638
202506,202506,030,KRSHO,속초항,1,10735,0,0,10735
202506,202506,101,KRSHO,속초항,0,0,14,3163431,-3163431
202506,202506,154,KRTAN,태안항,0,0,7,52795286,-52795286
202506,202506,010,KRTGH,동해항,70,562160,0,0,562160
202506,202506,011,KRTGH,동해항,1,480,0,0,480
202506,202506,012,KRTGH,동해항,29,432113,0,0,432113
202506,202506,014,KRTGH,동해항,5,130968,0,0,130968
202506,202506,016,KRTGH,동해항,1,33776,0,0,33776
202506,202506,017,KRTGH,동해항,19,196948,0,0,196948
202506,202506,020,KRTGH,동해항,624,19728270,0,0,19728270
202506,202506,021,KRTGH,동해항,2,47508,0,0,47508
202506,202506,023,KRTGH,동해항,75,1620357,0,0,1620357
202506,202506,030,KRTGH,동해항,8,106904,2,406,106498
202506,202506,056,KRTGH,동해항,1,2423,0,0,2423
202506,202506,100,KRTGH,동해항,480,25813964,108,91444283,-65630319
202506,202506,101,KRTGH,동해항,1,1150000,0,0,1150000
202506,202506,102,KRTGH,동해항,1,600,0,0,600
202506,202506,130,KRTGH,동해항,7,132931,0,0,132931
202506,202506,131,KRTGH,동해항,11,405427,0,0,405427
202506,202506,151,KRTGH,동해항,84,2685396,0,0,2685396
202506,202506,153,KRTGH,동해항,2,25145,0,0,25145
202506,202506,010,KRTJI,당진항,2,488755,0,0,488755
202506,202506,016,KRTJI,당진항,2,4672022,51,310066896,-305394874
202506,202506,020,KRTJI,당진항,32,8586237,0,0,8586237
202506,202506,023,KRTJI,당진항,1,1607155,0,0,1607155
202506,202506,039,KRTJI,당진항,4,1077446,0,0,1077446
202506,202506,060,KRTJI,당진항,44,5537269,0,0,5537269
202506,202506,080,KRTJI,당진항,2,443657,0,0,443657
202506,202506,100,KRTJI,당진항,1,29050,0,0,29050
202506,202506,110,KRTJI,당진항,30,1782954,0,0,1782954
202506,202506,121,KRTJI,당진항,1,61290,0,0,61290
202506,202506,152,KRTJI,당진항,571,218734943,1,4025670,214709273
202506,202506,153,KRTJI,당진항,1,14890,0,0,14890
202506,202506,154,KRTJI,당진항,0,0,9,82292605,-82292605
202506,202506,016,KRTSN,대산항,1,53295,0,0,53295
202506,202506,060,KRTSN,대산항,1,165000,0,0,165000
202506,202506,152,KRTSN,대산항,0,0,2,80,-80
202506,202506,154,KRTSN,대산항,525,1002134702,147,1685955592,-683820890
202506,202506,030,KRTYG,통영항,0,0,1,330,-330
202506,202506,054,KRTYG,통영항,9,913701,281,20143654,-19229953
202506,202506,140,KRTYG,통영항,0,0,1,2700,-2700
202506,202506,014,KRUSN,울산항,2,298383,0,0,298383
202506,202506,016,KRUSN,울산항,0,0,3,348823,-348823
202506,202506,020,KRUSN,울산항,2,143504,1,71672,71832
202506,202506,023,KRUSN,울산항,2,795519,0,0,795519
202506,202506,030,KRUSN,울산항,4,32479,12,52481,-20002
202506,202506,033,KRUSN,울산항,1,8998,0,0,8998
202506,202506,039,KRUSN,울산항,2,2471433,0,0,2471433
202506,202506,051,KRUSN,울산항,0,0,2,78763769,-78763769
202506,202506,056,KRUSN,울산항,1,417144,0,0,417144
202506,202506,060,KRUSN,울산항,27,10025763,0,0,10025763
202506,202506,062,KRUSN,울산항,2,216628,0,0,216628
202506,202506,080,KRUSN,울산항,15,3358217,0,0,3358217
202506,202506,102,KRUSN,울산항,1,52166,0,0,52166
202506,202506,110,KRUSN,울산항,6035,4078063684,2296,3995947329,82116355
202506,202506,120,KRUSN,울산항,26,5489869,0,0,5489869
202506,202506,121,KRUSN,울산항,2,43318,0,0,43318
202506,202506,122,KRUSN,울산항,6,652376,0,0,652376
202506,202506,140,KRUSN,울산항,0,0,1,500,-500
202506,202506,150,KRUSN,울산항,1,290636,0,0,290636
202506,202506,151,KRUSN,울산항,1,5436,0,0,5436
202506,202506,152,KRUSN,울산항,5,865641,0,0,865641
202506,202506,153,KRUSN,울산항,1,12630,0,0,12630
202506,202506,154,KRUSN,울산항,3,2452297,0,0,2452297
202506,202506,122,KRYMH,영일만항,0,0,47,5422916,-5422916
202506,202506,060,KRYOC,여천항,0,0,83,622385902,-622385902
202506,202506,030,KRYOS,여수항,0,0,4,1235,-1235
202506,202506,060,KRYOS,여수항,351,1456097232,244,2032486751,-576389519
202506,202506,062,KRYOS,여수항,3,262186,0,0,262186
202506,202506,110,KRYOS,여수항,1,1479334,0,0,1479334
202506,202506,140,KRYOS,여수항,0,0,1,850,-850
202506,202506,152,KRYOS,여수항,3,217934,0,0,217934
202506,202506,010,KRZZZ,기타불개항,23,22187225,0,0,22187225
202506,202506,017,KRZZZ,기타불개항,0,0,2,26890,-26890
202506,202506,020,KRZZZ,기타불개항,0,0,33,733277,-733277
202506,202506,054,KRZZZ,기타불개항,1,1450,5,135472841,-135471391
202506,202506,056,KRZZZ,기타불개항,0,0,2,114192561,-114192561
202506,202506,062,KRZZZ,기타불개항,0,0,4,31001554,-31001554
202506,202506,070,KRZZZ,기타불개항,3,393850,3,778386,-384536
202506,202506,080,KRZZZ,기타불개항,1,2951,0,0,2951
202506,202506,081,KRZZZ,기타불개항,7,219182,0,0,219182
202506,202506,082,KRZZZ,기타불개항,6,3891,0,0,3891
202506,202506,100,KRZZZ,기타불개항,1,9000,5,177625006,-177616006
202506,202506,080,KUV,군산공항,5,1090186,0,0,1090186
202506,202506,010,PUS,김해국제공항,4,28936,0,0,28936
202506,202506,012,PUS,김해국제공항,1,910,0,0,910
202506,202506,016,PUS,김해국제공항,1,313,5,120837,-120524
202506,202506,017,PUS,김해국제공항,0,0,15,1019981,-1019981
202506,202506,020,PUS,김해국제공항,1,3881,0,0,3881
202506,202506,021,PUS,김해국제공항,6,86082,0,0,86082
202506,202506,023,PUS,김해국제공항,2,124186,0,0,124186
202506,202506,030,PUS,김해국제공항,342,6039514,99,63680,5975834
202506,202506,033,PUS,김해국제공항,55,700872,2,17600,683272
202506,202506,037,PUS,김해국제공항,1,1286,0,0,1286
202506,202506,039,PUS,김해국제공항,76,1145509,0,0,1145509
202506,202506,040,PUS,김해국제공항,50,443356,12,476512,-33156
202506,202506,050,PUS,김해국제공항,51,11982567,3,13337,11969230
202506,202506,052,PUS,김해국제공항,1,920,0,0,920
202506,202506,053,PUS,김해국제공항,62,793167,5,5108,788059
202506,202506,056,PUS,김해국제공항,24,2231295,36,1001920,1229375
202506,202506,060,PUS,김해국제공항,2,243274,0,0,243274
202506,202506,070,PUS,김해국제공항,3,39973,0,0,39973
202506,202506,110,PUS,김해국제공항,13,33752,0,0,33752
202506,202506,120,PUS,김해국제공항,7,24439,0,0,24439
202506,202506,121,PUS,김해국제공항,1,10080,23,2150851,-2140771
202506,202506,140,PUS,김해국제공항,261,1697413,1027,9248412,-7550999
202506,202506,150,PUS,김해국제공항,1,12020,0,0,12020
202506,202506,152,PUS,김해국제공항,1,1468,0,0,1468
202506,202506,012,SSN,성남공항,0,0,1,40185,-40185
202506,202506,030,TAE,대구국제공항,3,35476,0,0,35476
202506,202506,120,TAE,대구국제공항,14,89649,79,248409,-158760
202506,202506,101,YNY,양양국제공항,0,0,3,13790,-13790
202506,202506,012,ZZZZZ,기타항,4,44500,0,0,44500
202506,202506,017,ZZZZZ,기타항,2,6192,0,0,6192
202506,202506,021,ZZZZZ,기타항,1,767,0,0,767
202506,202506,030,ZZZZZ,기타항,1,601,0,0,601
202506,202506,053,ZZZZZ,기타항,1,5497,0,0,5497
202506,202506,150,ZZZZZ,기타항,1,1400,0,0,1400
202506,총계,,-,-,1328545,59833796879,4272361,50825746231,9008050648
202507,202507,010,010,서울세관,71,2592,0,0,2592
202507,202507,012,010,서울세관,255,14429,0,0,14429
202507,202507,017,010,서울세관,18,335,0,0,335
202507,202507,030,010,서울세관,3,7781,0,0,7781
202507,202507,033,010,서울세관,1,28080,0,0,28080
202507,202507,041,010,서울세관,3,96,0,0,96
202507,202507,130,010,서울세관,41,5424,0,0,5424
202507,202507,011,037,부산국제우편세관,1,1242,0,0,1242
202507,202507,021,037,부산국제우편세관,7,902,0,0,902
202507,202507,023,037,부산국제우편세관,2,4935,0,0,4935
202507,202507,030,037,부산국제우편세관,9,14140,0,0,14140
202507,202507,033,037,부산국제우편세관,9,21730,0,0,21730
202507,202507,037,037,부산국제우편세관,2,9014,14,16232,-7218
202507,202507,039,037,부산국제우편세관,3,7153,0,0,7153
202507,202507,040,037,부산국제우편세관,0,0,4,2764,-2764
202507,202507,050,037,부산국제우편세관,3,6510,0,0,6510
202507,202507,053,037,부산국제우편세관,20,3617,0,0,3617
202507,202507,082,037,부산국제우편세관,479,46238,0,0,46238
202507,202507,040,040,인천공항세관,2,57192,20,50663,6529
202507,202507,150,CJJ,청주국제공항,1,7346,0,0,7346
202507,202507,151,CJJ,청주국제공항,1,964,135,413664,-412700
202507,202507,010,CJU,제주국제공항,2,385924,0,0,385924
202507,202507,090,CJU,제주국제공항,1,2157,241,966972,-964815
202507,202507,010,GMP,김포국제공항,16,3006675,1,2222,3004453
202507,202507,011,GMP,김포국제공항,2,2140,0,0,2140
202507,202507,012,GMP,김포국제공항,2,5616,0,0,5616
202507,202507,014,GMP,김포국제공항,1,80,0,0,80
202507,202507,016,GMP,김포국제공항,0,0,2,22015,-22015
202507,202507,017,GMP,김포국제공항,11,39260,0,0,39260
202507,202507,020,GMP,김포국제공항,1035,67833,0,0,67833
202507,202507,021,GMP,김포국제공항,2,2091,0,0,2091
202507,202507,023,GMP,김포국제공항,323,2913383,0,0,2913383
202507,202507,040,GMP,김포국제공항,6879,1275014,7,112456,1162558
202507,202507,041,GMP,김포국제공항,265,937306,3600,53575067,-52637761
202507,202507,071,GMP,김포국제공항,12,10133,0,0,10133
202507,202507,120,GMP,김포국제공항,8,1329422,0,0,1329422
202507,202507,130,GMP,김포국제공항,159,47864,0,0,47864
202507,202507,131,GMP,김포국제공항,9,280829,0,0,280829
202507,202507,056,HIN,진주(사천)공항,1,57481125,0,0,57481125
202507,202507,010,ICN,인천국제공항,44825,137325615,2386,148273834,-10948219
202507,202507,011,ICN,인천국제공항,3275,7775389,1,647,7774742
202507,202507,012,ICN,인천국제공항,13522,2304811454,1845,1162440945,1142370509
202507,202507,014,ICN,인천국제공항,9603,222052464,249,19509421,202543043
202507,202507,016,ICN,인천국제공항,6355,1710027541,3512,494971359,1215056182
202507,202507,017,ICN,인천국제공항,32968,329436409,3418,205740165,123696244
202507,202507,020,ICN,인천국제공항,19926,1818140303,4093,1565366376,252773927
202507,202507,021,ICN,인천국제공항,21245,1581762392,9219,768280418,813481974
202507,202507,023,ICN,인천국제공항,39144,318694418,1553,201797494,116896924
202507,202507,030,ICN,인천국제공항,8695,127493443,1301,108213375,19280068
202507,202507,033,ICN,인천국제공항,453,4313219,16,644553,3668666
202507,202507,037,ICN,인천국제공항,2,169,5,4991,-4822
202507,202507,039,ICN,인천국제공항,3789,10943290,208,18797886,-7854596
202507,202507,040,ICN,인천국제공항,490612,6625257625,3550987,9678908334,-3053650709
202507,202507,041,ICN,인천국제공항,19129,30309284,2374,150577499,-120268215
202507,202507,050,ICN,인천국제공항,621,11184606,119,5678976,5505630
202507,202507,051,ICN,인천국제공항,8,837290,336,10099685,-9262395
202507,202507,052,ICN,인천국제공항,1,4452,0,0,4452
202507,202507,053,ICN,인천국제공항,6307,97222597,2275,111441164,-14218567
202507,202507,054,ICN,인천국제공항,32,152175,1,171654,-19479
202507,202507,056,ICN,인천국제공항,1238,64878399,1323,81651946,-16773547
202507,202507,060,ICN,인천국제공항,153,1937664,23,2662669,-725005
202507,202507,062,ICN,인천국제공항,117,11715845,10,406530,11309315
202507,202507,070,ICN,인천국제공항,91,1543874,56,2157452,-613578
202507,202507,071,ICN,인천국제공항,3345,352487716,2279,509711328,-157223612
202507,202507,080,ICN,인천국제공항,175,16013470,10,238301,15775169
202507,202507,081,ICN,인천국제공항,589,23106546,142,1953799,21152747
202507,202507,082,ICN,인천국제공항,576,9971065,34,2748314,7222751
202507,202507,084,ICN,인천국제공항,18,206873,6,27561,179312
202507,202507,090,ICN,인천국제공항,193,566631,121,4924003,-4357372
202507,202507,100,ICN,인천국제공항,271,3810596,0,0,3810596
202507,202507,102,ICN,인천국제공항,873,31661699,5,25973,31635726
202507,202507,110,ICN,인천국제공항,789,48647162,1070,42421827,6225335
202507,202507,120,ICN,인천국제공항,5159,129198264,307,40384484,88813780
202507,202507,121,ICN,인천국제공항,14874,1360859612,6723,1028544862,332314750
202507,202507,122,ICN,인천국제공항,260,6775191,24,649664,6125527
202507,202507,130,ICN,인천국제공항,24187,121017081,294,21518283,99498798
202507,202507,131,ICN,인천국제공항,6761,71885740,145,2189668,69696072
202507,202507,140,ICN,인천국제공항,346,4405883,1265,32185716,-27779833
202507,202507,150,ICN,인천국제공항,3434,94224751,296,8815638,85409113
202507,202507,151,ICN,인천국제공항,8277,1990778425,1183,155210681,1835567744
202507,202507,152,ICN,인천국제공항,10209,3135600362,2972,805761423,2329838939
202507,202507,153,ICN,인천국제공항,1764,39375305,96,2093113,37282192
202507,202507,154,ICN,인천국제공항,154,2177063,14,1097953,1079110
202507,202507,010,KRBNP,부산신항,84,1742689,618,28113530,-26370841
202507,202507,011,KRBNP,부산신항,101,3475546,0,0,3475546
202507,202507,012,KRBNP,부산신항,469,22109979,5665,429827884,-407717905
202507,202507,014,KRBNP,부산신항,618,37741396,291,13471150,24270246
202507,202507,016,KRBNP,부산신항,600,51503254,2078,146225022,-94721768
202507,202507,017,KRBNP,부산신항,642,33623167,90,4193367,29429800
202507,202507,020,KRBNP,부산신항,689,35243150,991,38276944,-3033794
202507,202507,021,KRBNP,부산신항,913,53217876,4004,336603023,-283385147
202507,202507,023,KRBNP,부산신항,402,23307214,105,10610926,12696288
202507,202507,030,KRBNP,부산신항,24822,2026542153,47518,4788697669,-2762155516
202507,202507,033,KRBNP,부산신항,846,38898073,1807,106836126,-67938053
202507,202507,039,KRBNP,부산신항,290,32489001,234,27416663,5072338
202507,202507,040,KRBNP,부산신항,60,1855042,660,32437171,-30582129
202507,202507,041,KRBNP,부산신항,12,221718,854,37591212,-37369494
202507,202507,050,KRBNP,부산신항,250,17451878,131,2081452,15370426
202507,202507,051,KRBNP,부산신항,5,808679,142,70734938,-69926259
202507,202507,052,KRBNP,부산신항,1,630,0,0,630
202507,202507,053,KRBNP,부산신항,15224,485700231,882,72847007,412853224
202507,202507,054,KRBNP,부산신항,25,2282997,10,2982585,-699588
202507,202507,056,KRBNP,부산신항,357,23563712,229,44396693,-20832981
202507,202507,060,KRBNP,부산신항,2852,220932619,16,1332951,219599668
202507,202507,062,KRBNP,부산신항,806,64970933,33,26587330,38383603
202507,202507,070,KRBNP,부산신항,22,2364466,76,15993173,-13628707
202507,202507,071,KRBNP,부산신항,1839,70786405,31,3756331,67030074
202507,202507,080,KRBNP,부산신항,127,9432181,78,5158288,4273893
202507,202507,081,KRBNP,부산신항,93,9101488,30,32994343,-23892855
202507,202507,082,KRBNP,부산신항,119,10190838,57,4786869,5403969
202507,202507,084,KRBNP,부산신항,79,4490283,28,8499645,-4009362
202507,202507,090,KRBNP,부산신항,0,0,80,1362846,-1362846
202507,202507,100,KRBNP,부산신항,32,7075058,0,0,7075058
202507,202507,101,KRBNP,부산신항,6,465069,0,0,465069
202507,202507,102,KRBNP,부산신항,121,10342007,18,805280,9536727
202507,202507,110,KRBNP,부산신항,3279,481906969,1324,338538207,143368762
202507,202507,120,KRBNP,부산신항,1486,95884674,88,8270209,87614465
202507,202507,121,KRBNP,부산신항,1272,80550618,168,23101075,57449543
202507,202507,122,KRBNP,부산신항,518,56278180,52,16619642,39658538
202507,202507,130,KRBNP,부산신항,104,3460559,49,3772076,-311517
202507,202507,131,KRBNP,부산신항,436,20295624,1052,81808324,-61512700
202507,202507,140,KRBNP,부산신항,170,22189355,35,3204794,18984561
202507,202507,150,KRBNP,부산신항,415,27865018,24,8266396,19598622
202507,202507,151,KRBNP,부산신항,346,37358941,285,35102458,2256483
202507,202507,152,KRBNP,부산신항,950,68544489,309,33551449,34993040
202507,202507,153,KRBNP,부산신항,323,15959551,82,4512709,11446842
202507,202507,154,KRBNP,부산신항,568,53664119,8,1505494,52158625
202507,202507,084,KRBOR,보령항,0,0,22,275546074,-275546074
202507,202507,140,KRBOR,보령항,0,0,1,300,-300
202507,202507,152,KRBOR,보령항,0,0,1,44,-44
202507,202507,090,KRCHA,제주항,0,0,2,64,-64
202507,202507,030,KRCHF,진해항,2,90394383,0,0,90394383
202507,202507,053,KRCHF,진해항,2,235629,15,9774282,-9538653
202507,202507,062,KRCHF,진해항,9,960485,0,0,960485
202507,202507,130,KRCHF,진해항,1,14250,0,0,14250
202507,202507,153,KRCHF,진해항,1,6501,0,0,6501
202507,202507,080,KRCHG,장항항,0,0,8,12900983,-12900983
202507,202507,150,KRCHG,장항항,1,129806,0,0,129806
202507,202507,070,KRDBL,대불항,11,6021417,0,0,6021417
202507,202507,152,KRDBL,대불항,2,134107,0,0,134107
202507,202507,010,KRGIN,경인항,0,0,1,17220,-17220
202507,202507,011,KRGIN,경인항,2,48842,0,0,48842
202507,202507,012,KRGIN,경인항,2,83611,8,81982,1629
202507,202507,017,KRGIN,경인항,2,48950,0,0,48950
202507,202507,020,KRGIN,경인항,289,5428490,975,34955947,-29527457
202507,202507,021,KRGIN,경인항,0,0,5,190221,-190221
202507,202507,040,KRGIN,경인항,0,0,2,82381,-82381
202507,202507,041,KRGIN,경인항,0,0,10,742917,-742917
202507,202507,053,KRGIN,경인항,0,0,14,103139,-103139
202507,202507,130,KRGIN,경인항,0,0,4,59566,-59566
202507,202507,131,KRGIN,경인항,0,0,1,4721,-4721
202507,202507,152,KRGIN,경인항,3,108472,1,14930,93542
202507,202507,153,KRGIN,경인항,0,0,1,9395,-9395
202507,202507,100,KRHSA,호산항,0,0,3,9534917,-9534917
202507,202507,010,KRINC,인천항,1161,18189901,977,9627069,8562832
202507,202507,011,KRINC,인천항,183,7830781,0,0,7830781
202507,202507,012,KRINC,인천항,802,54296477,906,71704724,-17408247
202507,202507,014,KRINC,인천항,1828,113907362,143,10942028,102965334
202507,202507,016,KRINC,인천항,1158,179207316,526,32418168,146789148
202507,202507,017,KRINC,인천항,1609,153770317,195,8951859,144818458
202507,202507,020,KRINC,인천항,68485,2044634912,582527,6490345218,-4445710306
202507,202507,021,KRINC,인천항,2123,136792655,334,18212955,118579700
202507,202507,023,KRINC,인천항,2181,94911033,56,3342376,91568657
202507,202507,030,KRINC,인천항,350,31442239,54,9494384,21947855
202507,202507,033,KRINC,인천항,71,2539896,25,345087,2194809
202507,202507,039,KRINC,인천항,345,2339161,10,795758,1543403
202507,202507,040,KRINC,인천항,311,58928551,539,37192768,21735783
202507,202507,041,KRINC,인천항,42,1015192,330,24380988,-23365796
202507,202507,050,KRINC,인천항,36,1573764,9,141603,1432161
202507,202507,053,KRINC,인천항,252,9969570,57,8615948,1353622
202507,202507,054,KRINC,인천항,2,190091,0,0,190091
202507,202507,056,KRINC,인천항,13,239237,0,0,239237
202507,202507,060,KRINC,인천항,42,780136,0,0,780136
202507,202507,062,KRINC,인천항,37,784755,0,0,784755
202507,202507,070,KRINC,인천항,2,29815,0,0,29815
202507,202507,071,KRINC,인천항,98,7361518,43,1419380,5942138
202507,202507,080,KRINC,인천항,28,12496576,0,0,12496576
202507,202507,081,KRINC,인천항,58,1208169,42,1579730,-371561
202507,202507,082,KRINC,인천항,78,2679239,41,573369,2105870
202507,202507,084,KRINC,인천항,19,751474,1,1170761,-419287
202507,202507,090,KRINC,인천항,2,8929,8,178612,-169683
202507,202507,100,KRINC,인천항,18,3114545,0,0,3114545
202507,202507,101,KRINC,인천항,2,18131,0,0,18131
202507,202507,102,KRINC,인천항,110,5914102,27,217718,5696384
202507,202507,110,KRINC,인천항,154,24613505,26,1809941,22803564
202507,202507,120,KRINC,인천항,378,13900750,30,1532344,12368406
202507,202507,121,KRINC,인천항,279,36135177,125,2852096,33283081
202507,202507,122,KRINC,인천항,71,15281981,0,0,15281981
202507,202507,130,KRINC,인천항,654,23087514,113,1670317,21417197
202507,202507,131,KRINC,인천항,606,25408239,131,12448955,12959284
202507,202507,140,KRINC,인천항,1,2897,0,0,2897
202507,202507,150,KRINC,인천항,296,24567566,17,557386,24010180
202507,202507,151,KRINC,인천항,427,35041551,91,7259572,27781979
202507,202507,152,KRINC,인천항,1115,256882991,267,10748025,246134966
202507,202507,153,KRINC,인천항,191,8942822,13,316614,8626208
202507,202507,154,KRINC,인천항,1225,123170541,0,0,123170541
202507,202507,010,KRKAN,광양항,3,77892,0,0,77892
202507,202507,011,KRKAN,광양항,3,85551,0,0,85551
202507,202507,012,KRKAN,광양항,15,402320,3,39383,362937
202507,202507,014,KRKAN,광양항,42,4106845,0,0,4106845
202507,202507,016,KRKAN,광양항,55,3505829,2,276457,3229372
202507,202507,017,KRKAN,광양항,7,15987,0,0,15987
202507,202507,020,KRKAN,광양항,136,6123861,2,8397,6115464
202507,202507,021,KRKAN,광양항,26,1232423,0,0,1232423
202507,202507,023,KRKAN,광양항,10,193802,0,0,193802
202507,202507,030,KRKAN,광양항,22,1426218,12,1307769,118449
202507,202507,033,KRKAN,광양항,16,1140073,0,0,1140073
202507,202507,039,KRKAN,광양항,30,3106943,0,0,3106943
202507,202507,041,KRKAN,광양항,2,842637,0,0,842637
202507,202507,051,KRKAN,광양항,0,0,2,1758819,-1758819
202507,202507,052,KRKAN,광양항,1,44700,3,120579,-75879
202507,202507,053,KRKAN,광양항,17,991245,0,0,991245
202507,202507,056,KRKAN,광양항,27,1164067,0,0,1164067
202507,202507,060,KRKAN,광양항,4872,436226077,7,502663,435723414
202507,202507,062,KRKAN,광양항,7440,1220027884,6647,1072923339,147104545
202507,202507,070,KRKAN,광양항,165,16006623,16,2007147,13999476
202507,202507,071,KRKAN,광양항,1837,80066957,19,1976483,78090474
202507,202507,080,KRKAN,광양항,363,32322696,31,2837972,29484724
202507,202507,081,KRKAN,광양항,279,18114345,14,19314352,-1200007
202507,202507,082,KRKAN,광양항,427,34954998,42,2570953,32384045
202507,202507,084,KRKAN,광양항,14,920795,0,0,920795
202507,202507,102,KRKAN,광양항,3,535814,0,0,535814
202507,202507,110,KRKAN,광양항,29,2246932,0,0,2246932
202507,202507,120,KRKAN,광양항,127,32829975,0,0,32829975
202507,202507,121,KRKAN,광양항,286,11811203,0,0,11811203
202507,202507,122,KRKAN,광양항,103,8846632,0,0,8846632
202507,202507,130,KRKAN,광양항,3,217126,0,0,217126
202507,202507,131,KRKAN,광양항,3,38076,13,434982,-396906
202507,202507,150,KRKAN,광양항,137,5812699,0,0,5812699
202507,202507,151,KRKAN,광양항,25,3277059,0,0,3277059
202507,202507,152,KRKAN,광양항,154,24316978,0,0,24316978
202507,202507,153,KRKAN,광양항,8,2398365,1,33965,2364400
202507,202507,154,KRKAN,광양항,400,38603235,0,0,38603235
202507,202507,014,KRKCN,감천항,4,182049,0,0,182049
202507,202507,020,KRKCN,감천항,370,11250431,0,0,11250431
202507,202507,023,KRKCN,감천항,1,153605,0,0,153605
202507,202507,030,KRKCN,감천항,812,30410371,821,180743863,-150333492
202507,202507,052,KRKCN,감천항,13,126900,0,0,126900
202507,202507,056,KRKCN,감천항,0,0,1,392336,-392336
202507,202507,062,KRKCN,감천항,0,0,3,935667,-935667
202507,202507,080,KRKCN,감천항,4,3999729,3,309167,3690562
202507,202507,100,KRKCN,감천항,1,34850,0,0,34850
202507,202507,110,KRKCN,감천항,2,66926,3,431917,-364991
202507,202507,120,KRKCN,감천항,0,0,1,149782,-149782
202507,202507,152,KRKCN,감천항,20,913455,0,0,913455
202507,202507,051,KRKHN,고현항,71,664182353,35,40904929,623277424
202507,202507,020,KRKPO,포항항,2,48384,0,0,48384
202507,202507,030,KRKPO,포항항,3,835231,5,142400,692831
202507,202507,039,KRKPO,포항항,10,1108602,0,0,1108602
202507,202507,053,KRKPO,포항항,7,2157634,0,0,2157634
202507,202507,060,KRKPO,포항항,5,322579,0,0,322579
202507,202507,062,KRKPO,포항항,6,335834,0,0,335834
202507,202507,070,KRKPO,포항항,3,305421,0,0,305421
202507,202507,080,KRKPO,포항항,20,774100,0,0,774100
202507,202507,110,KRKPO,포항항,1,207629,0,0,207629
202507,202507,120,KRKPO,포항항,1,555017,0,0,555017
202507,202507,122,KRKPO,포항항,1368,413331342,220,120550872,292780470
202507,202507,152,KRKPO,포항항,12,2736357,0,0,2736357
202507,202507,153,KRKPO,포항항,1,408991,0,0,408991
202507,202507,010,KRKUV,군산항,1,2114,0,0,2114
202507,202507,014,KRKUV,군산항,3,37160,0,0,37160
202507,202507,020,KRKUV,군산항,79,3166481,6974,38119945,-34953464
202507,202507,023,KRKUV,군산항,1,29100,0,0,29100
202507,202507,030,KRKUV,군산항,1,2718,0,0,2718
202507,202507,033,KRKUV,군산항,2,17937,0,0,17937
202507,202507,040,KRKUV,군산항,0,0,1,4002,-4002
202507,202507,053,KRKUV,군산항,4,306528,0,0,306528
202507,202507,054,KRKUV,군산항,3,68040,0,0,68040
202507,202507,070,KRKUV,군산항,1,22124,0,0,22124
202507,202507,071,KRKUV,군산항,1,51626,3,298111,-246485
202507,202507,080,KRKUV,군산항,462,54636691,93553,258233535,-203596844
202507,202507,081,KRKUV,군산항,4,197946,3,69831,128115
202507,202507,082,KRKUV,군산항,58,10073761,25,965317,9108444
202507,202507,102,KRKUV,군산항,5,13732,0,0,13732
202507,202507,110,KRKUV,군산항,7,5481455,0,0,5481455
202507,202507,120,KRKUV,군산항,4,370817,0,0,370817
202507,202507,121,KRKUV,군산항,5,108980,0,0,108980
202507,202507,150,KRKUV,군산항,5,286155,0,0,286155
202507,202507,151,KRKUV,군산항,5,2535252,0,0,2535252
202507,202507,152,KRKUV,군산항,4,487181,0,0,487181
202507,202507,153,KRKUV,군산항,1,600274,0,0,600274
202507,202507,154,KRKUV,군산항,1,79900,0,0,79900
202507,202507,014,KRMAS,마산항,3,71651,0,0,71651
202507,202507,016,KRMAS,마산항,14,19443458,88,2491565,16951893
202507,202507,017,KRMAS,마산항,24,762493,122,7487778,-6725285
202507,202507,020,KRMAS,마산항,700,35865751,0,0,35865751
202507,202507,021,KRMAS,마산항,5,3787125,0,0,3787125
202507,202507,023,KRMAS,마산항,4,9934749,0,0,9934749
202507,202507,030,KRMAS,마산항,38,20528079,2,840600,19687479
202507,202507,033,KRMAS,마산항,1,29275,0,0,29275
202507,202507,039,KRMAS,마산항,11,29418851,0,0,29418851
202507,202507,050,KRMAS,마산항,515,375120830,262,84661389,290459441
202507,202507,051,KRMAS,마산항,0,0,4,13430923,-13430923
202507,202507,053,KRMAS,마산항,235,298924518,0,0,298924518
202507,202507,054,KRMAS,마산항,1,1186214,0,0,1186214
202507,202507,056,KRMAS,마산항,5,4610240,8,2020152,2590088
202507,202507,060,KRMAS,마산항,5,89755076,0,0,89755076
202507,202507,080,KRMAS,마산항,20,11824561,0,0,11824561
202507,202507,082,KRMAS,마산항,2,87033,0,0,87033
202507,202507,084,KRMAS,마산항,1,390302,0,0,390302
202507,202507,100,KRMAS,마산항,1,20700,0,0,20700
202507,202507,110,KRMAS,마산항,65,74551345,1,3754,74547591
202507,202507,120,KRMAS,마산항,8,1201324,0,0,1201324
202507,202507,121,KRMAS,마산항,5,32038069,0,0,32038069
202507,202507,122,KRMAS,마산항,19,60274132,0,0,60274132
202507,202507,150,KRMAS,마산항,2,20666104,0,0,20666104
202507,202507,151,KRMAS,마산항,8,1469367,0,0,1469367
202507,202507,152,KRMAS,마산항,34,9139930,0,0,9139930
202507,202507,153,KRMAS,마산항,1,5000,0,0,5000
202507,202507,110,KRMIP,미포항,29,821016712,0,0,821016712
202507,202507,021,KRMOK,목포항,1,10103,0,0,10103
202507,202507,030,KRMOK,목포항,0,0,1,1705,-1705
202507,202507,053,KRMOK,목포항,1,17530,0,0,17530
202507,202507,070,KRMOK,목포항,110,766322819,38,69509725,696813094
202507,202507,120,KRMOK,목포항,1,322000,0,0,322000
202507,202507,020,KRMUK,묵호항,2,50982,0,0,50982
202507,202507,100,KRMUK,묵호항,118,5470198,0,0,5470198
202507,202507,100,KROKK,옥계항,1,1126125,35,1816870,-690745
202507,202507,051,KROKP,옥포항,8,181213753,20,40133034,141080719
202507,202507,110,KRONS,온산항,331,1128544883,20,1068975653,59569230
202507,202507,010,KRPTK,평택항,10,29698,1,26230,3468
202507,202507,011,KRPTK,평택항,2,16176,0,0,16176
202507,202507,012,KRPTK,평택항,31,2972394,94,3422197,-449803
202507,202507,014,KRPTK,평택항,88,4820482,2,22583,4797899
202507,202507,016,KRPTK,평택항,4652,2059025962,212547,3156544863,-1097518901
202507,202507,017,KRPTK,평택항,103,26896337,9,38265,26858072
202507,202507,020,KRPTK,평택항,665,14209069,3305,19862144,-5653075
202507,202507,021,KRPTK,평택항,130,23525647,3302,163527637,-140001990
202507,202507,023,KRPTK,평택항,32,1871893,0,0,1871893
202507,202507,030,KRPTK,평택항,103,21279417,53,14716386,6563031
202507,202507,033,KRPTK,평택항,14,1085558,0,0,1085558
202507,202507,039,KRPTK,평택항,0,0,9847,604458,-604458
202507,202507,040,KRPTK,평택항,1,11705,22,541002,-529297
202507,202507,050,KRPTK,평택항,21,1568117,0,0,1568117
202507,202507,053,KRPTK,평택항,127,9257758,6,2355383,6902375
202507,202507,056,KRPTK,평택항,8,2468580,7,1104754,1363826
202507,202507,062,KRPTK,평택항,6,155224,0,0,155224
202507,202507,071,KRPTK,평택항,16,900557,9,581804,318753
202507,202507,080,KRPTK,평택항,11,2917762,0,0,2917762
202507,202507,081,KRPTK,평택항,33,1393049,0,0,1393049
202507,202507,082,KRPTK,평택항,19,1027151,0,0,1027151
202507,202507,084,KRPTK,평택항,1,16540,0,0,16540
202507,202507,090,KRPTK,평택항,2,41513,0,0,41513
202507,202507,102,KRPTK,평택항,5,68353,4,45859,22494
202507,202507,110,KRPTK,평택항,11,722409,0,0,722409
202507,202507,120,KRPTK,평택항,46,2298241,0,0,2298241
202507,202507,121,KRPTK,평택항,305,98665503,0,0,98665503
202507,202507,122,KRPTK,평택항,31,12870849,0,0,12870849
202507,202507,130,KRPTK,평택항,10,118517,0,0,118517
202507,202507,131,KRPTK,평택항,15,1911264,23,650653,1260611
202507,202507,150,KRPTK,평택항,51,3484478,7,534974,2949504
202507,202507,151,KRPTK,평택항,260,36643002,46,2932487,33710515
202507,202507,152,KRPTK,평택항,1055,306399202,201,93823014,212576188
202507,202507,153,KRPTK,평택항,15,3926597,0,0,3926597
202507,202507,154,KRPTK,평택항,435,57384838,3,128,57384710
202507,202507,010,KRPUS,부산항,1874,37259433,155,5255093,32004340
202507,202507,011,KRPUS,부산항,503,18703545,0,0,18703545
202507,202507,012,KRPUS,부산항,2805,170183015,734,78564293,91618722
202507,202507,014,KRPUS,부산항,4932,356535283,67,9488620,347046663
202507,202507,016,KRPUS,부산항,4581,385988513,895,288873270,97115243
202507,202507,017,KRPUS,부산항,3320,155709503,131,8302117,147407386
202507,202507,020,KRPUS,부산항,10057,515069050,438,21172114,493896936
202507,202507,021,KRPUS,부산항,5205,483375433,585,73466005,409909428
202507,202507,023,KRPUS,부산항,3054,167805426,17,1264272,166541154
202507,202507,030,KRPUS,부산항,54982,4092929088,61065,4553584871,-460655783
202507,202507,033,KRPUS,부산항,4903,267300564,4072,112629446,154671118
202507,202507,037,KRPUS,부산항,0,0,5,4178,-4178
202507,202507,039,KRPUS,부산항,2655,185488634,71740,28738694,156749940
202507,202507,040,KRPUS,부산항,348,21020387,168,4301736,16718651
202507,202507,041,KRPUS,부산항,61,5483121,105,10105900,-4622779
202507,202507,050,KRPUS,부산항,1403,93524603,82,2169543,91355060
202507,202507,051,KRPUS,부산항,16,860068,117,19961843,-19101775
202507,202507,052,KRPUS,부산항,10,1358724,0,0,1358724
202507,202507,053,KRPUS,부산항,11030,507067064,807,38491415,468575649
202507,202507,054,KRPUS,부산항,45,3711602,2,28894,3682708
202507,202507,056,KRPUS,부산항,1555,130703044,146,22259034,108444010
202507,202507,060,KRPUS,부산항,1997,139347867,23,1982155,137365712
202507,202507,062,KRPUS,부산항,846,88559218,31,1387789,87171429
202507,202507,070,KRPUS,부산항,426,38995362,75,6364438,32630924
202507,202507,071,KRPUS,부산항,1178,98991537,89,4918802,94072735
202507,202507,080,KRPUS,부산항,961,111044178,63,6303671,104740507
202507,202507,081,KRPUS,부산항,933,94025712,52,2636062,91389650
202507,202507,082,KRPUS,부산항,1822,153878136,88,4441930,149436206
202507,202507,084,KRPUS,부산항,120,7548870,5,99170,7449700
202507,202507,090,KRPUS,부산항,26,813195,66,3442401,-2629206
202507,202507,100,KRPUS,부산항,68,2953520,9,350254,2603266
202507,202507,101,KRPUS,부산항,19,1111801,52,1602470,-490669
202507,202507,102,KRPUS,부산항,655,48621777,71,1116155,47505622
202507,202507,110,KRPUS,부산항,9560,1096086215,961,96382542,999703673
202507,202507,120,KRPUS,부산항,9461,620940287,229,9098571,611841716
202507,202507,121,KRPUS,부산항,7376,708444995,675,43449891,664995104
202507,202507,122,KRPUS,부산항,2300,257977597,63,20642774,237334823
202507,202507,130,KRPUS,부산항,1063,38607154,6,466604,38140550
202507,202507,131,KRPUS,부산항,1869,79966075,169,16464153,63501922
202507,202507,140,KRPUS,부산항,22,2671468,47,4560470,-1889002
202507,202507,150,KRPUS,부산항,4004,302927301,109,92740451,210186850
202507,202507,151,KRPUS,부산항,3962,465031682,595,83665218,381366464
202507,202507,152,KRPUS,부산항,5597,603020990,382,64791606,538229384
202507,202507,153,KRPUS,부산항,2772,212655882,74,5353575,207302307
202507,202507,154,KRPUS,부산항,1718,158887427,10,525637,158361790
202507,202507,052,KRSCP,삼천포항,0,0,15,90363274,-90363274
202507,202507,110,KRSHG,포항신항,0,0,26,13979773,-13979773
202507,202507,122,KRSHG,포항신항,57,21433574,136,351738521,-330304947
202507,202507,020,KRSHO,속초항,1,21194,0,0,21194
202507,202507,021,KRSHO,속초항,1,37765,0,0,37765
202507,202507,101,KRSHO,속초항,0,0,8,2604938,-2604938
202507,202507,030,KRTAN,태안항,0,0,1,300,-300
202507,202507,154,KRTAN,태안항,0,0,13,102897817,-102897817
202507,202507,010,KRTGH,동해항,55,488875,0,0,488875
202507,202507,011,KRTGH,동해항,1,13608,0,0,13608
202507,202507,012,KRTGH,동해항,29,398188,0,0,398188
202507,202507,014,KRTGH,동해항,3,199652,0,0,199652
202507,202507,017,KRTGH,동해항,20,296714,0,0,296714
202507,202507,020,KRTGH,동해항,649,19356786,0,0,19356786
202507,202507,021,KRTGH,동해항,3,83130,0,0,83130
202507,202507,023,KRTGH,동해항,79,2107494,0,0,2107494
202507,202507,030,KRTGH,동해항,11,103788,2,199142,-95354
202507,202507,050,KRTGH,동해항,3,33168254,0,0,33168254
202507,202507,100,KRTGH,동해항,627,31692800,206,151456545,-119763745
202507,202507,101,KRTGH,동해항,0,0,1,12580,-12580
202507,202507,120,KRTGH,동해항,3,29306,0,0,29306
202507,202507,130,KRTGH,동해항,10,75887,0,0,75887
202507,202507,131,KRTGH,동해항,15,644147,0,0,644147
202507,202507,151,KRTGH,동해항,132,4242471,0,0,4242471
202507,202507,153,KRTGH,동해항,1,25500,0,0,25500
202507,202507,016,KRTJI,당진항,10,8016044,73,281970773,-273954729
202507,202507,020,KRTJI,당진항,68,16303180,0,0,16303180
202507,202507,053,KRTJI,당진항,9,1695067,0,0,1695067
202507,202507,060,KRTJI,당진항,38,7487010,0,0,7487010
202507,202507,080,KRTJI,당진항,24,3421744,0,0,3421744
202507,202507,082,KRTJI,당진항,1,301592,0,0,301592
202507,202507,110,KRTJI,당진항,63,5241972,0,0,5241972
202507,202507,122,KRTJI,당진항,3,698942,0,0,698942
202507,202507,152,KRTJI,당진항,553,249399845,1,62,249399783
202507,202507,154,KRTJI,당진항,2,1394021,12,87298230,-85904209
202507,202507,016,KRTSN,대산항,1,53354,1,46,53308
202507,202507,030,KRTSN,대산항,0,0,1,60,-60
202507,202507,060,KRTSN,대산항,5,4628571,0,0,4628571
202507,202507,152,KRTSN,대산항,1,2666483,1,350,2666133
202507,202507,154,KRTSN,대산항,591,1091138311,165,2037975017,-946836706
202507,202507,010,KRTYG,통영항,1,53100,0,0,53100
202507,202507,020,KRTYG,통영항,2,28886,0,0,28886
202507,202507,030,KRTYG,통영항,27,676314,0,0,676314
202507,202507,039,KRTYG,통영항,5,108517,0,0,108517
202507,202507,054,KRTYG,통영항,10,14219198,325,43160169,-28940971
202507,202507,110,KRTYG,통영항,5,96402,0,0,96402
202507,202507,014,KRUSN,울산항,3,161561,0,0,161561
202507,202507,016,KRUSN,울산항,0,0,1,112609,-112609
202507,202507,020,KRUSN,울산항,2,130771,0,0,130771
202507,202507,023,KRUSN,울산항,1,1050417,0,0,1050417
202507,202507,030,KRUSN,울산항,8,5394104,12,80884,5313220
202507,202507,039,KRUSN,울산항,3,6362641,2,150,6362491
202507,202507,053,KRUSN,울산항,2,191468,4,275724,-84256
202507,202507,060,KRUSN,울산항,21,7942233,0,0,7942233
202507,202507,062,KRUSN,울산항,4,393316,0,0,393316
202507,202507,080,KRUSN,울산항,11,2179877,0,0,2179877
202507,202507,082,KRUSN,울산항,3,1440317,0,0,1440317
202507,202507,110,KRUSN,울산항,5612,3825081026,2681,3705578094,119502932
202507,202507,120,KRUSN,울산항,21,5791467,0,0,5791467
202507,202507,121,KRUSN,울산항,6,178604,0,0,178604
202507,202507,122,KRUSN,울산항,13,1549611,0,0,1549611
202507,202507,130,KRUSN,울산항,1,2728,0,0,2728
202507,202507,150,KRUSN,울산항,1,368880,0,0,368880
202507,202507,151,KRUSN,울산항,1,5436,0,0,5436
202507,202507,152,KRUSN,울산항,5,1024623,0,0,1024623
202507,202507,154,KRUSN,울산항,3,4561038,0,0,4561038
202507,202507,122,KRYMH,영일만항,0,0,33,4254912,-4254912
202507,202507,060,KRYOC,여천항,0,0,84,509421120,-509421120
202507,202507,030,KRYOS,여수항,0,0,2,127,-127
202507,202507,060,KRYOS,여수항,377,1605584666,243,2269642995,-664058329
202507,202507,062,KRYOS,여수항,3,264245,1,140,264105
202507,202507,110,KRYOS,여수항,3,4183239,0,0,4183239
202507,202507,152,KRYOS,여수항,1,40561,0,0,40561
202507,202507,010,KRZZZ,기타불개항,24,19197357,0,0,19197357
202507,202507,016,KRZZZ,기타불개항,0,0,2,2050,-2050
202507,202507,017,KRZZZ,기타불개항,0,0,2,52196,-52196
202507,202507,020,KRZZZ,기타불개항,0,0,17,499928,-499928
202507,202507,030,KRZZZ,기타불개항,0,0,1,6135,-6135
202507,202507,040,KRZZZ,기타불개항,0,0,1,83,-83
202507,202507,051,KRZZZ,기타불개항,0,0,2,52008955,-52008955
202507,202507,052,KRZZZ,기타불개항,0,0,1,74,-74
202507,202507,054,KRZZZ,기타불개항,3,19450,19,469005931,-468986481
202507,202507,056,KRZZZ,기타불개항,0,0,1,58986449,-58986449
202507,202507,062,KRZZZ,기타불개항,0,0,8,55289166,-55289166
202507,202507,070,KRZZZ,기타불개항,5,526850,2,633360,-106510
202507,202507,080,KRZZZ,기타불개항,2,1066,0,0,1066
202507,202507,081,KRZZZ,기타불개항,4,4809,0,0,4809
202507,202507,082,KRZZZ,기타불개항,6,9135,0,0,9135
202507,202507,100,KRZZZ,기타불개항,0,0,1,45320824,-45320824
202507,202507,121,KRZZZ,기타불개항,0,0,1,108000,-108000
202507,202507,080,KUV,군산공항,2,3306,0,0,3306
202507,202507,010,PUS,김해국제공항,6,141199,0,0,141199
202507,202507,012,PUS,김해국제공항,0,0,1,3271,-3271
202507,202507,014,PUS,김해국제공항,1,44213,0,0,44213
202507,202507,016,PUS,김해국제공항,0,0,2,16532,-16532
202507,202507,017,PUS,김해국제공항,0,0,16,1136852,-1136852
202507,202507,020,PUS,김해국제공항,1,3362,0,0,3362
202507,202507,021,PUS,김해국제공항,4,83874,0,0,83874
202507,202507,030,PUS,김해국제공항,497,9466275,102,165874,9300401
202507,202507,033,PUS,김해국제공항,59,757948,2,1869,756079
202507,202507,039,PUS,김해국제공항,76,1255863,2,910,1254953
202507,202507,040,PUS,김해국제공항,32,358832,13,255582,103250
202507,202507,050,PUS,김해국제공항,76,12201984,2,15474,12186510
202507,202507,051,PUS,김해국제공항,0,0,3,46264,-46264
202507,202507,053,PUS,김해국제공항,71,1118055,3,6187,1111868
202507,202507,056,PUS,김해국제공항,18,2387719,52,1434341,953378
202507,202507,060,PUS,김해국제공항,2,195664,0,0,195664
202507,202507,070,PUS,김해국제공항,2,33198,0,0,33198
202507,202507,110,PUS,김해국제공항,13,15866,0,0,15866
202507,202507,120,PUS,김해국제공항,10,119663,0,0,119663
202507,202507,121,PUS,김해국제공항,8,535430,30,6482754,-5947324
202507,202507,122,PUS,김해국제공항,2,16465,0,0,16465
202507,202507,131,PUS,김해국제공항,1,3918,0,0,3918
202507,202507,140,PUS,김해국제공항,232,1704530,1028,191512654,-189808124
202507,202507,151,PUS,김해국제공항,0,0,1,167543,-167543
202507,202507,152,PUS,김해국제공항,1,1862,0,0,1862
202507,202507,153,PUS,김해국제공항,1,33314,0,0,33314
202507,202507,120,TAE,대구국제공항,12,167116,124,427476,-260360
202507,202507,121,TAE,대구국제공항,2,93,0,0,93
202507,202507,110,USN,울산공항,1,8863,0,0,8863
202507,202507,101,YNY,양양국제공항,0,0,9,38795,-38795
202507,202507,010,ZZZZZ,기타항,1,1088,0,0,1088
202507,202507,012,ZZZZZ,기타항,3,19840,0,0,19840
202507,202507,017,ZZZZZ,기타항,2,6216,0,0,6216
202507,202507,053,ZZZZZ,기타항,1,96814,0,0,96814
202507,202507,060,ZZZZZ,기타항,1,24625,0,0,24625
202507,202507,121,ZZZZZ,기타항,1,219787,0,0,219787
202507,202507,130,ZZZZZ,기타항,1,57900,0,0,57900
202507,202507,150,ZZZZZ,기타항,1,1400,0,0,1400
202507,총계,,-,-,1177194,60724283632,4754616,54210371017,6513912615
202508,202508,010,010,서울세관,59,2374,0,0,2374
202508,202508,014,010,서울세관,2,28,0,0,28
202508,202508,017,010,서울세관,23,437,0,0,437
202508,202508,040,010,서울세관,0,0,1,17007,-17007
202508,202508,130,010,서울세관,15,1300,0,0,1300
202508,202508,010,037,부산국제우편세관,1,77,0,0,77
202508,202508,021,037,부산국제우편세관,10,1771,0,0,1771
202508,202508,030,037,부산국제우편세관,4,15821,0,0,15821
202508,202508,033,037,부산국제우편세관,4,3992,0,0,3992
202508,202508,037,037,부산국제우편세관,1,1858,15,128145,-126287
202508,202508,039,037,부산국제우편세관,2,1649,0,0,1649
202508,202508,040,037,부산국제우편세관,0,0,2,1935,-1935
202508,202508,050,037,부산국제우편세관,1,1129,0,0,1129
202508,202508,082,037,부산국제우편세관,902,87885,0,0,87885
202508,202508,151,037,부산국제우편세관,1,79231,0,0,79231
202508,202508,040,040,인천공항세관,0,0,17,60908,-60908
202508,202508,150,CJJ,청주국제공항,3,14966,0,0,14966
202508,202508,151,CJJ,청주국제공항,1,1000,126,421139,-420139
202508,202508,090,CJU,제주국제공항,3,9019,244,939445,-930426
202508,202508,010,GMP,김포국제공항,16,2340256,1,8417,2331839
202508,202508,011,GMP,김포국제공항,2,11747,0,0,11747
202508,202508,017,GMP,김포국제공항,5,7971,0,0,7971
202508,202508,020,GMP,김포국제공항,555,40082,0,0,40082
202508,202508,021,GMP,김포국제공항,4,3829,0,0,3829
202508,202508,023,GMP,김포국제공항,181,1303598,0,0,1303598
202508,202508,040,GMP,김포국제공항,6217,1074290,2,338448,735842
202508,202508,041,GMP,김포국제공항,154,727151,3430,2008822,-1281671
202508,202508,071,GMP,김포국제공항,13,12666,0,0,12666
202508,202508,082,GMP,김포국제공항,1,696,0,0,696
202508,202508,120,GMP,김포국제공항,9,1321893,0,0,1321893
202508,202508,130,GMP,김포국제공항,1997,69800,0,0,69800
202508,202508,131,GMP,김포국제공항,5,365739,0,0,365739
202508,202508,151,GMP,김포국제공항,2,4010,0,0,4010
202508,202508,152,GMP,김포국제공항,1,3589,0,0,3589
202508,202508,153,GMP,김포국제공항,2,28099,0,0,28099
202508,202508,056,HIN,진주(사천)공항,1,68994112,0,0,68994112
202508,202508,010,ICN,인천국제공항,30778,96930428,1832,139822662,-42892234
202508,202508,011,ICN,인천국제공항,3103,6642355,1,1435,6640920
202508,202508,012,ICN,인천국제공항,13678,2798512944,1687,1007179212,1791333732
202508,202508,014,ICN,인천국제공항,8756,194885681,202,19366621,175519060
202508,202508,016,ICN,인천국제공항,6098,1719007395,3350,349809125,1369198270
202508,202508,017,ICN,인천국제공항,29666,395727198,3553,212640502,183086696
202508,202508,020,ICN,인천국제공항,24720,1362519619,3636,1082457520,280062099
202508,202508,021,ICN,인천국제공항,18683,1628630863,8850,688060941,940569922
202508,202508,023,ICN,인천국제공항,37819,300171002,1286,179149224,121021778
202508,202508,030,ICN,인천국제공항,7656,120415146,1151,87302877,33112269
202508,202508,033,ICN,인천국제공항,366,4518771,12,138158,4380613
202508,202508,037,ICN,인천국제공항,0,0,1,61,-61
202508,202508,039,ICN,인천국제공항,3366,10744201,237,22689670,-11945469
202508,202508,040,ICN,인천국제공항,455330,6690342163,3429882,8860003719,-2169661556
202508,202508,041,ICN,인천국제공항,18690,27565576,2145,147784719,-120219143
202508,202508,050,ICN,인천국제공항,470,7642252,99,6358210,1284042
202508,202508,051,ICN,인천국제공항,4,8950,246,15025918,-15016968
202508,202508,053,ICN,인천국제공항,4031,75551176,1782,87702930,-12151754
202508,202508,054,ICN,인천국제공항,33,819110,2,222016,597094
202508,202508,056,ICN,인천국제공항,981,44871737,1072,56007666,-11135929
202508,202508,060,ICN,인천국제공항,139,2097448,11,58603,2038845
202508,202508,062,ICN,인천국제공항,173,18369271,6,93721,18275550
202508,202508,070,ICN,인천국제공항,96,944415,52,1044191,-99776
202508,202508,071,ICN,인천국제공항,3434,353482973,2151,566771723,-213288750
202508,202508,080,ICN,인천국제공항,151,6245208,14,421265,5823943
202508,202508,081,ICN,인천국제공항,504,14751808,119,1648155,13103653
202508,202508,082,ICN,인천국제공항,791,9468293,29,1099514,8368779
202508,202508,084,ICN,인천국제공항,21,184491,11,2196062,-2011571
202508,202508,090,ICN,인천국제공항,148,685760,120,5329403,-4643643
202508,202508,100,ICN,인천국제공항,66,1234702,0,0,1234702
202508,202508,101,ICN,인천국제공항,1,12108,1,7131,4977
202508,202508,102,ICN,인천국제공항,816,49208831,3,30713,49178118
202508,202508,110,ICN,인천국제공항,666,73512728,796,46934108,26578620
202508,202508,120,ICN,인천국제공항,4458,116661484,236,25288747,91372737
202508,202508,121,ICN,인천국제공항,14262,1698422389,6503,1199113512,499308877
202508,202508,122,ICN,인천국제공항,272,4095763,27,1497069,2598694
202508,202508,130,ICN,인천국제공항,20161,99611545,300,14629792,84981753
202508,202508,131,ICN,인천국제공항,6791,66317839,179,4071975,62245864
202508,202508,140,ICN,인천국제공항,273,3016370,1049,26927044,-23910674
202508,202508,150,ICN,인천국제공항,3014,78121526,258,7458835,70662691
202508,202508,151,ICN,인천국제공항,7688,1954039839,1149,146231496,1807808343
202508,202508,152,ICN,인천국제공항,10279,3523183404,2875,942877199,2580306205
202508,202508,153,ICN,인천국제공항,1716,40608163,73,2360219,38247944
202508,202508,154,ICN,인천국제공항,118,755719,7,393207,362512
202508,202508,010,KRBNP,부산신항,71,2562413,638,13529621,-10967208
202508,202508,011,KRBNP,부산신항,68,2108733,0,0,2108733
202508,202508,012,KRBNP,부산신항,310,11108798,5349,417565125,-406456327
202508,202508,014,KRBNP,부산신항,497,35298560,301,15492425,19806135
202508,202508,016,KRBNP,부산신항,538,48635538,1858,119774580,-71139042
202508,202508,017,KRBNP,부산신항,512,30700045,106,5102775,25597270
202508,202508,020,KRBNP,부산신항,603,30293737,693,36059013,-5765276
202508,202508,021,KRBNP,부산신항,809,40877286,3700,316989174,-276111888
202508,202508,023,KRBNP,부산신항,335,15333788,77,4250625,11083163
202508,202508,030,KRBNP,부산신항,19066,1548914643,39678,4324524037,-2775609394
202508,202508,033,KRBNP,부산신항,703,34684834,1570,110667830,-75982996
202508,202508,039,KRBNP,부산신항,227,29529478,227,20604792,8924686
202508,202508,040,KRBNP,부산신항,29,1695545,474,22135648,-20440103
202508,202508,041,KRBNP,부산신항,12,364946,693,26446131,-26081185
202508,202508,050,KRBNP,부산신항,207,17992448,165,2399872,15592576
202508,202508,051,KRBNP,부산신항,2,366000,79,33004177,-32638177
202508,202508,053,KRBNP,부산신항,12208,332105203,711,65249853,266855350
202508,202508,054,KRBNP,부산신항,15,889789,9,2630247,-1740458
202508,202508,056,KRBNP,부산신항,301,25134729,184,33211817,-8077088
202508,202508,060,KRBNP,부산신항,2601,209012186,10,1130577,207881609
202508,202508,062,KRBNP,부산신항,714,56645351,36,34056178,22589173
202508,202508,070,KRBNP,부산신항,26,2707735,70,17474852,-14767117
202508,202508,071,KRBNP,부산신항,1175,42455105,36,2981081,39474024
202508,202508,080,KRBNP,부산신항,123,9241788,84,6831860,2409928
202508,202508,081,KRBNP,부산신항,83,4076834,23,13961759,-9884925
202508,202508,082,KRBNP,부산신항,76,3803901,48,2221310,1582591
202508,202508,084,KRBNP,부산신항,78,4837453,15,6778935,-1941482
202508,202508,090,KRBNP,부산신항,3,2709,67,1740955,-1738246
202508,202508,100,KRBNP,부산신항,32,5757644,1,8889,5748755
202508,202508,101,KRBNP,부산신항,4,126847,0,0,126847
202508,202508,102,KRBNP,부산신항,100,8920142,7,709454,8210688
202508,202508,110,KRBNP,부산신항,2856,356653218,1094,299650312,57002906
202508,202508,120,KRBNP,부산신항,1293,85936209,88,10385009,75551200
202508,202508,121,KRBNP,부산신항,1024,69599755,151,20734022,48865733
202508,202508,122,KRBNP,부산신항,390,36529377,43,15679144,20850233
202508,202508,130,KRBNP,부산신항,70,2093372,34,2278475,-185103
202508,202508,131,KRBNP,부산신항,306,14644153,1045,113495418,-98851265
202508,202508,140,KRBNP,부산신항,138,17511786,12,522499,16989287
202508,202508,150,KRBNP,부산신항,433,30769666,23,6044143,24725523
202508,202508,151,KRBNP,부산신항,288,28149272,305,38192361,-10043089
202508,202508,152,KRBNP,부산신항,811,48481785,218,27983903,20497882
202508,202508,153,KRBNP,부산신항,351,23280088,58,3405681,19874407
202508,202508,154,KRBNP,부산신항,578,45344359,3,818832,44525527
202508,202508,016,KRBOR,보령항,0,0,1,15,-15
202508,202508,084,KRBOR,보령항,1,872,27,347035604,-347034732
202508,202508,140,KRBOR,보령항,0,0,1,1100,-1100
202508,202508,152,KRBOR,보령항,0,0,1,45,-45
202508,202508,090,KRCHA,제주항,0,0,2,304072,-304072
202508,202508,017,KRCHF,진해항,1,2098,0,0,2098
202508,202508,030,KRCHF,진해항,1,43053055,0,0,43053055
202508,202508,053,KRCHF,진해항,3,1387571,17,36049075,-34661504
202508,202508,080,KRCHG,장항항,0,0,5,4079940,-4079940
202508,202508,150,KRCHG,장항항,1,129807,0,0,129807
202508,202508,070,KRDBL,대불항,18,6715683,0,0,6715683
202508,202508,010,KRGIN,경인항,0,0,1,900,-900
202508,202508,011,KRGIN,경인항,1,26154,0,0,26154
202508,202508,012,KRGIN,경인항,0,0,5,40365,-40365
202508,202508,014,KRGIN,경인항,1,7000,0,0,7000
202508,202508,016,KRGIN,경인항,0,0,5,251304,-251304
202508,202508,017,KRGIN,경인항,2,434884,0,0,434884
202508,202508,020,KRGIN,경인항,227,1930858,1011,30687820,-28756962
202508,202508,021,KRGIN,경인항,0,0,5,77670,-77670
202508,202508,023,KRGIN,경인항,2,37075,0,0,37075
202508,202508,040,KRGIN,경인항,0,0,8,163648,-163648
202508,202508,041,KRGIN,경인항,0,0,11,747617,-747617
202508,202508,053,KRGIN,경인항,0,0,5,8810,-8810
202508,202508,062,KRGIN,경인항,1,39890,0,0,39890
202508,202508,130,KRGIN,경인항,0,0,6,99500,-99500
202508,202508,131,KRGIN,경인항,0,0,4,30851,-30851
202508,202508,151,KRGIN,경인항,0,0,1,20338,-20338
202508,202508,152,KRGIN,경인항,1,62143,2,20050,42093
202508,202508,100,KRHSA,호산항,0,0,7,19132986,-19132986
202508,202508,010,KRINC,인천항,1220,17121232,865,4662354,12458878
202508,202508,011,KRINC,인천항,153,5397025,0,0,5397025
202508,202508,012,KRINC,인천항,701,32782202,799,50620799,-17838597
202508,202508,014,KRINC,인천항,1724,100265509,129,10738668,89526841
202508,202508,016,KRINC,인천항,1076,168055273,555,33693099,134362174
202508,202508,017,KRINC,인천항,1557,148113175,196,7258266,140854909
202508,202508,020,KRINC,인천항,56121,1661967363,505339,6487037662,-4825070299
202508,202508,021,KRINC,인천항,1874,101173578,312,16033807,85139771
202508,202508,023,KRINC,인천항,1824,79208533,52,3889490,75319043
202508,202508,030,KRINC,인천항,278,30149205,57,11037410,19111795
202508,202508,033,KRINC,인천항,58,2016525,12,88485,1928040
202508,202508,039,KRINC,인천항,338,2071847,15,883237,1188610
202508,202508,040,KRINC,인천항,297,38576990,508,31877034,6699956
202508,202508,041,KRINC,인천항,44,1112848,354,37838382,-36725534
202508,202508,050,KRINC,인천항,26,8821824,5,90417,8731407
202508,202508,053,KRINC,인천항,323,11542369,35,5525738,6016631
202508,202508,054,KRINC,인천항,2,151819,0,0,151819
202508,202508,056,KRINC,인천항,22,332278,0,0,332278
202508,202508,060,KRINC,인천항,47,1005608,0,0,1005608
202508,202508,062,KRINC,인천항,50,1151627,0,0,1151627
202508,202508,070,KRINC,인천항,12,49629,1,30145,19484
202508,202508,071,KRINC,인천항,137,5334583,42,1411937,3922646
202508,202508,080,KRINC,인천항,16,644274,0,0,644274
202508,202508,081,KRINC,인천항,64,2307972,40,1496353,811619
202508,202508,082,KRINC,인천항,79,2654584,45,439162,2215422
202508,202508,084,KRINC,인천항,20,632667,2,1150763,-518096
202508,202508,090,KRINC,인천항,1,608,12,250999,-250391
202508,202508,100,KRINC,인천항,12,1185658,0,0,1185658
202508,202508,101,KRINC,인천항,1,867,4,372887,-372020
202508,202508,102,KRINC,인천항,104,5457144,22,194426,5262718
202508,202508,110,KRINC,인천항,118,16078996,14,783194,15295802
202508,202508,120,KRINC,인천항,373,24367762,39,1684436,22683326
202508,202508,121,KRINC,인천항,297,38202965,153,2490308,35712657
202508,202508,122,KRINC,인천항,106,37501985,0,0,37501985
202508,202508,130,KRINC,인천항,536,19778127,79,1541661,18236466
202508,202508,131,KRINC,인천항,506,24505242,106,9644860,14860382
202508,202508,140,KRINC,인천항,1,2859,0,0,2859
202508,202508,150,KRINC,인천항,280,22618361,21,698669,21919692
202508,202508,151,KRINC,인천항,416,32828375,122,10952021,21876354
202508,202508,152,KRINC,인천항,1134,256772741,304,16672114,240100627
202508,202508,153,KRINC,인천항,150,7372887,10,476178,6896709
202508,202508,154,KRINC,인천항,1009,100075608,0,0,100075608
202508,202508,010,KRKAN,광양항,2,32135,0,0,32135
202508,202508,011,KRKAN,광양항,2,53714,0,0,53714
202508,202508,012,KRKAN,광양항,7,167008,1,11122,155886
202508,202508,014,KRKAN,광양항,46,4340656,0,0,4340656
202508,202508,016,KRKAN,광양항,29,2957793,6,744036,2213757
202508,202508,017,KRKAN,광양항,3,51047,0,0,51047
202508,202508,020,KRKAN,광양항,115,3502163,0,0,3502163
202508,202508,021,KRKAN,광양항,23,2823472,0,0,2823472
202508,202508,023,KRKAN,광양항,2,23924,0,0,23924
202508,202508,030,KRKAN,광양항,8,1051471,10,30787,1020684
202508,202508,033,KRKAN,광양항,5,146409,0,0,146409
202508,202508,039,KRKAN,광양항,18,931375,0,0,931375
202508,202508,040,KRKAN,광양항,1,34050,0,0,34050
202508,202508,041,KRKAN,광양항,2,828831,0,0,828831
202508,202508,051,KRKAN,광양항,0,0,2,1744075,-1744075
202508,202508,052,KRKAN,광양항,0,0,3,89177,-89177
202508,202508,053,KRKAN,광양항,56,1772906,0,0,1772906
202508,202508,056,KRKAN,광양항,32,1595804,0,0,1595804
202508,202508,060,KRKAN,광양항,4375,408203029,9,406202,407796827
202508,202508,062,KRKAN,광양항,6486,1084333426,6049,987088326,97245100
202508,202508,070,KRKAN,광양항,145,9750706,15,2346197,7404509
202508,202508,071,KRKAN,광양항,1494,67507665,14,1517656,65990009
202508,202508,080,KRKAN,광양항,348,31246482,35,2498844,28747638
202508,202508,081,KRKAN,광양항,245,17773049,17,17152743,620306
202508,202508,082,KRKAN,광양항,394,35985824,45,2455037,33530787
202508,202508,084,KRKAN,광양항,18,2031923,0,0,2031923
202508,202508,102,KRKAN,광양항,1,109843,0,0,109843
202508,202508,110,KRKAN,광양항,11,847567,1,455,847112
202508,202508,120,KRKAN,광양항,64,24250526,0,0,24250526
202508,202508,121,KRKAN,광양항,214,8674204,0,0,8674204
202508,202508,122,KRKAN,광양항,97,7675408,0,0,7675408
202508,202508,130,KRKAN,광양항,1,38869,0,0,38869
202508,202508,131,KRKAN,광양항,1,1400,13,533565,-532165
202508,202508,150,KRKAN,광양항,123,8880690,0,0,8880690
202508,202508,151,KRKAN,광양항,13,2063735,0,0,2063735
202508,202508,152,KRKAN,광양항,153,35705097,0,0,35705097
202508,202508,153,KRKAN,광양항,9,391592,0,0,391592
202508,202508,154,KRKAN,광양항,348,28662583,0,0,28662583
202508,202508,014,KRKCN,감천항,1,13265,0,0,13265
202508,202508,020,KRKCN,감천항,323,9165336,0,0,9165336
202508,202508,030,KRKCN,감천항,768,25980611,686,137992725,-112012114
202508,202508,052,KRKCN,감천항,11,139170,0,0,139170
202508,202508,053,KRKCN,감천항,0,0,2,160717,-160717
202508,202508,056,KRKCN,감천항,0,0,7,3732342,-3732342
202508,202508,062,KRKCN,감천항,0,0,2,596864,-596864
202508,202508,100,KRKCN,감천항,0,0,1,31540,-31540
202508,202508,110,KRKCN,감천항,0,0,1,417302,-417302
202508,202508,120,KRKCN,감천항,0,0,5,440215,-440215
202508,202508,152,KRKCN,감천항,19,826037,0,0,826037
202508,202508,051,KRKHN,고현항,62,603505058,33,46878415,556626643
202508,202508,020,KRKPO,포항항,2,403913,0,0,403913
202508,202508,030,KRKPO,포항항,0,0,4,400,-400
202508,202508,039,KRKPO,포항항,4,2454482,0,0,2454482
202508,202508,053,KRKPO,포항항,7,1914977,0,0,1914977
202508,202508,060,KRKPO,포항항,4,421578,0,0,421578
202508,202508,062,KRKPO,포항항,6,2435904,0,0,2435904
202508,202508,070,KRKPO,포항항,3,163360,0,0,163360
202508,202508,080,KRKPO,포항항,15,808339,0,0,808339
202508,202508,110,KRKPO,포항항,3,197725,0,0,197725
202508,202508,120,KRKPO,포항항,1,599071,0,0,599071
202508,202508,122,KRKPO,포항항,1258,385946906,217,150765864,235181042
202508,202508,152,KRKPO,포항항,4,611261,0,0,611261
202508,202508,153,KRKPO,포항항,2,949594,0,0,949594
202508,202508,010,KRKUV,군산항,0,0,2,47069,-47069
202508,202508,012,KRKUV,군산항,1,496,0,0,496
202508,202508,014,KRKUV,군산항,3,89086,0,0,89086
202508,202508,020,KRKUV,군산항,19,2972186,5866,32731255,-29759069
202508,202508,030,KRKUV,군산항,0,0,1,700,-700
202508,202508,033,KRKUV,군산항,2,18157,0,0,18157
202508,202508,053,KRKUV,군산항,2,119564,0,0,119564
202508,202508,054,KRKUV,군산항,3,52544,0,0,52544
202508,202508,060,KRKUV,군산항,1,34289,0,0,34289
202508,202508,070,KRKUV,군산항,1,492359,0,0,492359
202508,202508,071,KRKUV,군산항,1,86951,2,172501,-85550
202508,202508,080,KRKUV,군산항,419,37724990,75461,291657267,-253932277
202508,202508,081,KRKUV,군산항,8,444091,9,534734,-90643
202508,202508,082,KRKUV,군산항,64,18435641,26,868387,17567254
202508,202508,102,KRKUV,군산항,4,12057,0,0,12057
202508,202508,110,KRKUV,군산항,7,6826603,1,185,6826418
202508,202508,120,KRKUV,군산항,3,377043,0,0,377043
202508,202508,121,KRKUV,군산항,8,169163,0,0,169163
202508,202508,150,KRKUV,군산항,4,250561,0,0,250561
202508,202508,152,KRKUV,군산항,2,570177,0,0,570177
202508,202508,016,KRMAS,마산항,11,3127785,20,491238,2636547
202508,202508,017,KRMAS,마산항,19,482607,130,8053810,-7571203
202508,202508,020,KRMAS,마산항,431,21420502,0,0,21420502
202508,202508,021,KRMAS,마산항,7,5806244,0,0,5806244
202508,202508,023,KRMAS,마산항,9,210331,0,0,210331
202508,202508,030,KRMAS,마산항,74,20805217,2,8780,20796437
202508,202508,033,KRMAS,마산항,4,142249,0,0,142249
202508,202508,039,KRMAS,마산항,5,4104351,0,0,4104351
202508,202508,050,KRMAS,마산항,477,491417767,207,70441012,420976755
202508,202508,053,KRMAS,마산항,181,167929719,2,534016,167395703
202508,202508,054,KRMAS,마산항,2,477000,0,0,477000
202508,202508,056,KRMAS,마산항,5,2242311,3,593150,1649161
202508,202508,070,KRMAS,마산항,0,0,1,1287495,-1287495
202508,202508,080,KRMAS,마산항,7,3868115,0,0,3868115
202508,202508,082,KRMAS,마산항,2,136364,0,0,136364
202508,202508,110,KRMAS,마산항,36,87739829,0,0,87739829
202508,202508,120,KRMAS,마산항,9,4632495,0,0,4632495
202508,202508,121,KRMAS,마산항,7,13863060,0,0,13863060
202508,202508,122,KRMAS,마산항,6,1865941,0,0,1865941
202508,202508,150,KRMAS,마산항,1,160959,0,0,160959
202508,202508,151,KRMAS,마산항,2,66900,0,0,66900
202508,202508,152,KRMAS,마산항,30,4675067,0,0,4675067
202508,202508,153,KRMAS,마산항,2,832846,0,0,832846
202508,202508,154,KRMAS,마산항,2,1447124,0,0,1447124
202508,202508,110,KRMIP,미포항,37,1093000421,0,0,1093000421
202508,202508,070,KRMOK,목포항,124,1252118700,32,94434186,1157684514
202508,202508,082,KRMOK,목포항,1,49259,0,0,49259
202508,202508,020,KRMUK,묵호항,1,23975,0,0,23975
202508,202508,030,KRMUK,묵호항,1,35600,0,0,35600
202508,202508,100,KRMUK,묵호항,114,5001198,0,0,5001198
202508,202508,100,KROKK,옥계항,2,2109385,48,7149725,-5040340
202508,202508,051,KROKP,옥포항,13,419614471,22,51014852,368599619
202508,202508,110,KRONS,온산항,339,1039974686,16,940681048,99293638
202508,202508,010,KRPTK,평택항,9,34668,2,35998,-1330
202508,202508,011,KRPTK,평택항,2,63797,0,0,63797
202508,202508,012,KRPTK,평택항,30,3007884,78,2752682,255202
202508,202508,014,KRPTK,평택항,89,5319840,3,33838,5286002
202508,202508,016,KRPTK,평택항,4547,1963021692,235961,3303176874,-1340155182
202508,202508,017,KRPTK,평택항,80,29508467,2,11040,29497427
202508,202508,020,KRPTK,평택항,718,28822926,2492,17556017,11266909
202508,202508,021,KRPTK,평택항,126,26140195,2545,118704805,-92564610
202508,202508,023,KRPTK,평택항,30,7586891,1,67649,7519242
202508,202508,030,KRPTK,평택항,96,19104239,31,7093328,12010911
202508,202508,033,KRPTK,평택항,6,294511,0,0,294511
202508,202508,039,KRPTK,평택항,0,0,7501,496636,-496636
202508,202508,040,KRPTK,평택항,4,6088,3,55024,-48936
202508,202508,041,KRPTK,평택항,0,0,1,145,-145
202508,202508,050,KRPTK,평택항,19,567186,0,0,567186
202508,202508,053,KRPTK,평택항,115,7244552,2,171556,7072996
202508,202508,056,KRPTK,평택항,7,3425412,7,1014719,2410693
202508,202508,062,KRPTK,평택항,3,50991,0,0,50991
202508,202508,071,KRPTK,평택항,8,156320,12,867028,-710708
202508,202508,080,KRPTK,평택항,14,8311008,1,76336,8234672
202508,202508,081,KRPTK,평택항,18,923967,0,0,923967
202508,202508,082,KRPTK,평택항,18,1242629,0,0,1242629
202508,202508,084,KRPTK,평택항,3,56149,0,0,56149
202508,202508,102,KRPTK,평택항,8,165353,7,112667,52686
202508,202508,110,KRPTK,평택항,11,3226039,20,610433,2615606
202508,202508,120,KRPTK,평택항,61,8089798,0,0,8089798
202508,202508,121,KRPTK,평택항,244,90387131,0,0,90387131
202508,202508,122,KRPTK,평택항,6,701778,0,0,701778
202508,202508,130,KRPTK,평택항,3,39152,0,0,39152
202508,202508,131,KRPTK,평택항,11,795436,7,170372,625064
202508,202508,150,KRPTK,평택항,62,2578381,14,743634,1834747
202508,202508,151,KRPTK,평택항,183,31680957,42,2794749,28886208
202508,202508,152,KRPTK,평택항,916,287147455,180,21719184,265428271
202508,202508,153,KRPTK,평택항,8,333780,2,341883,-8103
202508,202508,154,KRPTK,평택항,411,49809993,2,104,49809889
202508,202508,010,KRPUS,부산항,1522,32772004,150,6819887,25952117
202508,202508,011,KRPUS,부산항,400,13647441,0,0,13647441
202508,202508,012,KRPUS,부산항,2519,134411853,677,76892958,57518895
202508,202508,014,KRPUS,부산항,4073,274342801,61,5019614,269323187
202508,202508,016,KRPUS,부산항,4058,323336865,749,239458345,83878520
202508,202508,017,KRPUS,부산항,2604,123658286,102,6293633,117364653
202508,202508,020,KRPUS,부산항,9041,414304134,390,14954591,399349543
202508,202508,021,KRPUS,부산항,4594,430604857,614,79787238,350817619
202508,202508,023,KRPUS,부산항,2701,165017772,14,404409,164613363
202508,202508,030,KRPUS,부산항,45293,3420171895,55747,4232957517,-812785622
202508,202508,033,KRPUS,부산항,4113,230683717,3326,94406554,136277163
202508,202508,037,KRPUS,부산항,0,0,5,3886,-3886
202508,202508,039,KRPUS,부산항,2503,164810038,62245,33872396,130937642
202508,202508,040,KRPUS,부산항,345,17728088,136,3702409,14025679
202508,202508,041,KRPUS,부산항,63,5196034,114,11308348,-6112314
202508,202508,050,KRPUS,부산항,1169,73416417,65,1263342,72153075
202508,202508,051,KRPUS,부산항,14,621752,119,16564900,-15943148
202508,202508,052,KRPUS,부산항,9,966454,0,0,966454
202508,202508,053,KRPUS,부산항,9188,440329529,698,36480820,403848709
202508,202508,054,KRPUS,부산항,31,2255379,2,50981,2204398
202508,202508,056,KRPUS,부산항,1330,122538313,103,15203747,107334566
202508,202508,060,KRPUS,부산항,1916,141453660,13,661488,140792172
202508,202508,062,KRPUS,부산항,812,170779945,24,505497,170274448
202508,202508,070,KRPUS,부산항,393,24348747,83,13266200,11082547
202508,202508,071,KRPUS,부산항,1038,93522091,107,5541244,87980847
202508,202508,080,KRPUS,부산항,849,111525726,61,4176179,107349547
202508,202508,081,KRPUS,부산항,1054,100836199,53,4178807,96657392
202508,202508,082,KRPUS,부산항,1539,138109623,90,4763804,133345819
202508,202508,084,KRPUS,부산항,95,5699666,8,231842,5467824
202508,202508,090,KRPUS,부산항,31,856268,81,3342832,-2486564
202508,202508,100,KRPUS,부산항,72,2611820,5,104660,2507160
202508,202508,101,KRPUS,부산항,15,363123,17,462798,-99675
202508,202508,102,KRPUS,부산항,627,42228104,50,916647,41311457
202508,202508,110,KRPUS,부산항,8636,961108774,774,64331789,896776985
202508,202508,120,KRPUS,부산항,8152,554330782,212,13054911,541275871
202508,202508,121,KRPUS,부산항,6793,587993058,582,40272456,547720602
202508,202508,122,KRPUS,부산항,1956,207878388,68,21186298,186692090
202508,202508,130,KRPUS,부산항,864,36590021,10,1307759,35282262
202508,202508,131,KRPUS,부산항,1509,75247881,177,16221126,59026755
202508,202508,140,KRPUS,부산항,45,5583517,36,1309399,4274118
202508,202508,150,KRPUS,부산항,3391,262196416,105,4467257,257729159
202508,202508,151,KRPUS,부산항,3372,356192067,592,91697923,264494144
202508,202508,152,KRPUS,부산항,4833,516863255,336,23210877,493652378
202508,202508,153,KRPUS,부산항,2351,194512551,65,5071181,189441370
202508,202508,154,KRPUS,부산항,1534,129068437,14,849095,128219342
202508,202508,052,KRSCP,삼천포항,0,0,16,83893182,-83893182
202508,202508,110,KRSHG,포항신항,0,0,9,9031949,-9031949
202508,202508,122,KRSHG,포항신항,52,17250994,101,246680842,-229429848
202508,202508,014,KRSHO,속초항,1,40535,0,0,40535
202508,202508,017,KRSHO,속초항,1,34744,0,0,34744
202508,202508,020,KRSHO,속초항,55,1480486,0,0,1480486
202508,202508,021,KRSHO,속초항,4,155483,0,0,155483
202508,202508,101,KRSHO,속초항,13,5137368,1,101,5137267
202508,202508,152,KRTAN,태안항,0,0,1,50,-50
202508,202508,154,KRTAN,태안항,0,0,20,113999726,-113999726
202508,202508,010,KRTGH,동해항,67,745091,0,0,745091
202508,202508,012,KRTGH,동해항,21,251602,0,0,251602
202508,202508,014,KRTGH,동해항,3,36428,0,0,36428
202508,202508,017,KRTGH,동해항,31,436731,0,0,436731
202508,202508,020,KRTGH,동해항,601,20215086,0,0,20215086
202508,202508,021,KRTGH,동해항,3,70191,0,0,70191
202508,202508,023,KRTGH,동해항,64,1270297,0,0,1270297
202508,202508,030,KRTGH,동해항,11,401797,2,277182,124615
202508,202508,071,KRTGH,동해항,1,1640,0,0,1640
202508,202508,100,KRTGH,동해항,499,67873484,132,180901916,-113028432
202508,202508,130,KRTGH,동해항,14,265702,0,0,265702
202508,202508,131,KRTGH,동해항,13,432558,0,0,432558
202508,202508,151,KRTGH,동해항,103,4079825,0,0,4079825
202508,202508,010,KRTJI,당진항,1,64995,0,0,64995
202508,202508,016,KRTJI,당진항,3,9892629,53,216087651,-206195022
202508,202508,020,KRTJI,당진항,59,8331286,0,0,8331286
202508,202508,039,KRTJI,당진항,2,161568,0,0,161568
202508,202508,053,KRTJI,당진항,10,1113840,0,0,1113840
202508,202508,060,KRTJI,당진항,33,4575901,0,0,4575901
202508,202508,110,KRTJI,당진항,34,3161235,0,0,3161235
202508,202508,122,KRTJI,당진항,4,913246,0,0,913246
202508,202508,152,KRTJI,당진항,503,201683347,1,6343827,195339520
202508,202508,154,KRTJI,당진항,0,0,14,97090321,-97090321
202508,202508,016,KRTSN,대산항,0,0,1,48,-48
202508,202508,030,KRTSN,대산항,0,0,1,50,-50
202508,202508,152,KRTSN,대산항,0,0,2,20,-20
202508,202508,154,KRTSN,대산항,588,1081882318,145,2037470470,-955588152
202508,202508,054,KRTYG,통영항,14,18672921,311,65855584,-47182663
202508,202508,140,KRTYG,통영항,0,0,4,3150,-3150
202508,202508,014,KRUSN,울산항,1,128438,0,0,128438
202508,202508,020,KRUSN,울산항,5,654568,0,0,654568
202508,202508,023,KRUSN,울산항,4,641319,0,0,641319
202508,202508,030,KRUSN,울산항,12,592984,9,45974,547010
202508,202508,033,KRUSN,울산항,1,22299,0,0,22299
202508,202508,050,KRUSN,울산항,1,148000,0,0,148000
202508,202508,053,KRUSN,울산항,3,510355,0,0,510355
202508,202508,056,KRUSN,울산항,1,35220,0,0,35220
202508,202508,060,KRUSN,울산항,22,9062206,1,2416238,6645968
202508,202508,062,KRUSN,울산항,2,164873,0,0,164873
202508,202508,080,KRUSN,울산항,32,6702093,0,0,6702093
202508,202508,082,KRUSN,울산항,1,36252,0,0,36252
202508,202508,102,KRUSN,울산항,1,52321,0,0,52321
202508,202508,110,KRUSN,울산항,5567,3932077635,2389,4161640886,-229563251
202508,202508,120,KRUSN,울산항,20,4220015,0,0,4220015
202508,202508,122,KRUSN,울산항,5,178486,0,0,178486
202508,202508,152,KRUSN,울산항,13,3523821,0,0,3523821
202508,202508,154,KRUSN,울산항,1,53,0,0,53
202508,202508,122,KRYMH,영일만항,0,0,39,4804340,-4804340
202508,202508,060,KRYOC,여천항,0,0,49,543546471,-543546471
202508,202508,030,KRYOS,여수항,0,0,4,173,-173
202508,202508,060,KRYOS,여수항,343,1509962696,284,2222162819,-712200123
202508,202508,062,KRYOS,여수항,3,241655,0,0,241655
202508,202508,110,KRYOS,여수항,1,1785076,0,0,1785076
202508,202508,140,KRYOS,여수항,0,0,1,500,-500
202508,202508,152,KRYOS,여수항,6,605643,0,0,605643
202508,202508,010,KRZZZ,기타불개항,20,15522874,0,0,15522874
202508,202508,016,KRZZZ,기타불개항,0,0,5,1229,-1229
202508,202508,017,KRZZZ,기타불개항,0,0,2,19509,-19509
202508,202508,020,KRZZZ,기타불개항,0,0,12,2877483,-2877483
202508,202508,030,KRZZZ,기타불개항,1,195746,0,0,195746
202508,202508,040,KRZZZ,기타불개항,0,0,1,8066,-8066
202508,202508,051,KRZZZ,기타불개항,0,0,1,150059,-150059
202508,202508,054,KRZZZ,기타불개항,1,9000,16,505550362,-505541362
202508,202508,062,KRZZZ,기타불개항,1,2250,12,79230019,-79227769
202508,202508,070,KRZZZ,기타불개항,4,523400,0,0,523400
202508,202508,081,KRZZZ,기타불개항,3,3240,0,0,3240
202508,202508,082,KRZZZ,기타불개항,2,2240,0,0,2240
202508,202508,100,KRZZZ,기타불개항,0,0,11,363717377,-363717377
202508,202508,121,KRZZZ,기타불개항,0,0,1,156750,-156750
202508,202508,016,PUS,김해국제공항,0,0,4,169226,-169226
202508,202508,017,PUS,김해국제공항,0,0,28,2666670,-2666670
202508,202508,021,PUS,김해국제공항,3,48560,0,0,48560
202508,202508,023,PUS,김해국제공항,3,361918,0,0,361918
202508,202508,030,PUS,김해국제공항,323,7191262,116,63996,7127266
202508,202508,033,PUS,김해국제공항,41,444762,2,979,443783
202508,202508,039,PUS,김해국제공항,92,1044952,0,0,1044952
202508,202508,040,PUS,김해국제공항,23,252917,5,1211093,-958176
202508,202508,050,PUS,김해국제공항,49,11399438,0,0,11399438
202508,202508,052,PUS,김해국제공항,1,36,0,0,36
202508,202508,053,PUS,김해국제공항,64,952667,4,51375,901292
202508,202508,054,PUS,김해국제공항,1,7,0,0,7
202508,202508,056,PUS,김해국제공항,12,2088762,51,996540,1092222
202508,202508,060,PUS,김해국제공항,2,187646,0,0,187646
202508,202508,070,PUS,김해국제공항,1,29,0,0,29
202508,202508,082,PUS,김해국제공항,1,695,0,0,695
202508,202508,090,PUS,김해국제공항,1,900,0,0,900
202508,202508,110,PUS,김해국제공항,10,23665,0,0,23665
202508,202508,120,PUS,김해국제공항,14,55911,0,0,55911
202508,202508,121,PUS,김해국제공항,5,480662,33,11408893,-10928231
202508,202508,122,PUS,김해국제공항,3,25593,0,0,25593
202508,202508,130,PUS,김해국제공항,1,2168,0,0,2168
202508,202508,140,PUS,김해국제공항,211,940630,1145,9738190,-8797560
202508,202508,151,PUS,김해국제공항,2,403489,7,3192573,-2789084
202508,202508,152,PUS,김해국제공항,1,5270,0,0,5270
202508,202508,060,RSU,여수공항,1,670,0,0,670
202508,202508,012,SSN,성남공항,0,0,1,17718,-17718
202508,202508,120,TAE,대구국제공항,17,65058,109,408233,-343175
202508,202508,101,YNY,양양국제공항,0,0,8,30899,-30899
202508,202508,012,ZZZZZ,기타항,2,8504,0,0,8504
202508,202508,017,ZZZZZ,기타항,1,724,0,0,724
202508,202508,060,ZZZZZ,기타항,1,25936,0,0,25936
202508,202508,120,ZZZZZ,기타항,2,8070,0,0,8070
202508,202508,150,ZZZZZ,기타항,1,1400,0,0,1400
202508,총계,,-,-,1058880,58259325970,4524179,51856612268,6402713702
202509,202509,010,010,서울세관,61,2467,0,0,2467
202509,202509,017,010,서울세관,13,314,0,0,314
202509,202509,053,010,서울세관,1,5850,0,0,5850
202509,202509,130,010,서울세관,3,128,0,0,128
202509,202509,010,037,부산국제우편세관,1,36947,0,0,36947
202509,202509,011,037,부산국제우편세관,1,2730,0,0,2730
202509,202509,021,037,부산국제우편세관,16,1226,0,0,1226
202509,202509,030,037,부산국제우편세관,9,26670,0,0,26670
202509,202509,033,037,부산국제우편세관,9,13304,0,0,13304
202509,202509,037,037,부산국제우편세관,3,3150,18,28557,-25407
202509,202509,039,037,부산국제우편세관,2,19240,0,0,19240
202509,202509,040,037,부산국제우편세관,0,0,4,3206,-3206
202509,202509,050,037,부산국제우편세관,2,3172,0,0,3172
202509,202509,110,037,부산국제우편세관,1,24,0,0,24
202509,202509,040,040,인천공항세관,1,40500,21,51433,-10933
202509,202509,081,CJJ,청주국제공항,1,6307,0,0,6307
202509,202509,150,CJJ,청주국제공항,1,986,0,0,986
202509,202509,151,CJJ,청주국제공항,1,5670,151,486261,-480591
202509,202509,090,CJU,제주국제공항,2,2861,280,1106921,-1104060
202509,202509,010,GMP,김포국제공항,50,3144731,1,2459,3142272
202509,202509,011,GMP,김포국제공항,1,6830,0,0,6830
202509,202509,017,GMP,김포국제공항,3,18449,0,0,18449
202509,202509,020,GMP,김포국제공항,17,22062,0,0,22062
202509,202509,021,GMP,김포국제공항,2,3078,0,0,3078
202509,202509,023,GMP,김포국제공항,196,975038,0,0,975038
202509,202509,033,GMP,김포국제공항,1,885,0,0,885
202509,202509,040,GMP,김포국제공항,5301,1262477,0,0,1262477
202509,202509,041,GMP,김포국제공항,154,787038,3706,53893426,-53106388
202509,202509,071,GMP,김포국제공항,10,7875,0,0,7875
202509,202509,120,GMP,김포국제공항,9,1577535,0,0,1577535
202509,202509,130,GMP,김포국제공항,3046,130490,0,0,130490
202509,202509,131,GMP,김포국제공항,10,463137,0,0,463137
202509,202509,150,GMP,김포국제공항,1,13,0,0,13
202509,202509,153,GMP,김포국제공항,1,10819,0,0,10819
202509,202509,010,ICN,인천국제공항,60533,155637574,2220,129034733,26602841
202509,202509,011,ICN,인천국제공항,3721,8715425,1,988,8714437
202509,202509,012,ICN,인천국제공항,14091,2502219318,1848,1097570398,1404648920
202509,202509,014,ICN,인천국제공항,9625,240523357,277,40929726,199593631
202509,202509,016,ICN,인천국제공항,6700,1622270517,3685,545225777,1077044740
202509,202509,017,ICN,인천국제공항,36821,483708788,3832,235483879,248224909
202509,202509,020,ICN,인천국제공항,24252,1623439300,3900,1150989252,472450048
202509,202509,021,ICN,인천국제공항,19666,1933003514,8492,691551785,1241451729
202509,202509,023,ICN,인천국제공항,37359,373500726,1365,192688138,180812588
202509,202509,030,ICN,인천국제공항,8383,126466082,1137,130719281,-4253199
202509,202509,033,ICN,인천국제공항,448,5390659,15,289420,5101239
202509,202509,037,ICN,인천국제공항,0,0,4,2149,-2149
202509,202509,039,ICN,인천국제공항,3228,12726469,205,18446031,-5719562
202509,202509,040,ICN,인천국제공항,732813,8436869553,3679891,11760222833,-3323353280
202509,202509,041,ICN,인천국제공항,21898,29846301,2896,195547622,-165701321
202509,202509,050,ICN,인천국제공항,543,8875476,124,7873339,1002137
202509,202509,051,ICN,인천국제공항,10,17855,315,16770617,-16752762
202509,202509,053,ICN,인천국제공항,5290,93105359,2097,114344997,-21239638
202509,202509,054,ICN,인천국제공항,24,82214,0,0,82214
202509,202509,056,ICN,인천국제공항,1238,92170012,1394,72928309,19241703
202509,202509,060,ICN,인천국제공항,188,2201790,16,130646,2071144
202509,202509,062,ICN,인천국제공항,261,27141455,6,58170,27083285
202509,202509,070,ICN,인천국제공항,87,1009276,61,3134144,-2124868
202509,202509,071,ICN,인천국제공항,3599,338368433,2441,606460940,-268092507
202509,202509,080,ICN,인천국제공항,149,10042402,15,511498,9530904
202509,202509,081,ICN,인천국제공항,582,22297715,131,1796923,20500792
202509,202509,082,ICN,인천국제공항,785,7416052,28,207766,7208286
202509,202509,084,ICN,인천국제공항,24,289284,6,1099623,-810339
202509,202509,090,ICN,인천국제공항,225,655183,128,5430172,-4774989
202509,202509,100,ICN,인천국제공항,101,2078733,4,383985,1694748
202509,202509,101,ICN,인천국제공항,8,163113,0,0,163113
202509,202509,102,ICN,인천국제공항,928,34518971,4,26321,34492650
202509,202509,110,ICN,인천국제공항,812,43505636,1061,61960301,-18454665
202509,202509,120,ICN,인천국제공항,5218,129498543,268,25003350,104495193
202509,202509,121,ICN,인천국제공항,15230,1826287071,6482,1018558420,807728651
202509,202509,122,ICN,인천국제공항,279,5118130,19,526402,4591728
202509,202509,130,ICN,인천국제공항,20578,128699054,318,17982585,110716469
202509,202509,131,ICN,인천국제공항,7375,76305848,157,4221028,72084820
202509,202509,140,ICN,인천국제공항,301,3631774,1236,29267026,-25635252
202509,202509,150,ICN,인천국제공항,3339,177679536,270,9938179,167741357
202509,202509,151,ICN,인천국제공항,8469,1872275039,1229,239132362,1633142677
202509,202509,152,ICN,인천국제공항,11344,3947819503,3111,704046795,3243772708
202509,202509,153,ICN,인천국제공항,1832,38608773,109,3663989,34944784
202509,202509,154,ICN,인천국제공항,137,3497381,8,69558,3427823
202509,202509,010,KRBNP,부산신항,110,4098762,880,24904630,-20805868
202509,202509,011,KRBNP,부산신항,91,2861244,0,0,2861244
202509,202509,012,KRBNP,부산신항,340,11474541,5787,420475678,-409001137
202509,202509,014,KRBNP,부산신항,697,46656138,267,13840898,32815240
202509,202509,016,KRBNP,부산신항,624,56093014,2182,142750295,-86657281
202509,202509,017,KRBNP,부산신항,643,30314189,80,3504856,26809333
202509,202509,020,KRBNP,부산신항,927,51978227,891,38567300,13410927
202509,202509,021,KRBNP,부산신항,920,50026124,3905,316562914,-266536790
202509,202509,023,KRBNP,부산신항,457,23038507,96,12621271,10417236
202509,202509,030,KRBNP,부산신항,23175,1805168693,45468,4790409476,-2985240783
202509,202509,033,KRBNP,부산신항,815,40981066,1785,96907123,-55926057
202509,202509,039,KRBNP,부산신항,280,25810201,287,22228792,3581409
202509,202509,040,KRBNP,부산신항,33,1838278,549,25821089,-23982811
202509,202509,041,KRBNP,부산신항,8,155051,925,40369386,-40214335
202509,202509,050,KRBNP,부산신항,264,21707839,138,1941217,19766622
202509,202509,051,KRBNP,부산신항,3,430784,93,21304629,-20873845
202509,202509,052,KRBNP,부산신항,1,21463,0,0,21463
202509,202509,053,KRBNP,부산신항,16752,426172148,902,66020125,360152023
202509,202509,054,KRBNP,부산신항,12,975883,9,2837972,-1862089
202509,202509,056,KRBNP,부산신항,400,29476766,220,45748526,-16271760
202509,202509,060,KRBNP,부산신항,2810,212512474,20,1641021,210871453
202509,202509,062,KRBNP,부산신항,709,53290475,46,34944844,18345631
202509,202509,070,KRBNP,부산신항,37,3361849,73,13726790,-10364941
202509,202509,071,KRBNP,부산신항,1973,74811614,35,2299644,72511970
202509,202509,080,KRBNP,부산신항,141,8553675,92,8983146,-429471
202509,202509,081,KRBNP,부산신항,95,9098833,27,24669154,-15570321
202509,202509,082,KRBNP,부산신항,135,15872584,64,4344556,11528028
202509,202509,084,KRBNP,부산신항,111,6304810,16,8306973,-2002163
202509,202509,090,KRBNP,부산신항,1,4900,63,1494225,-1489325
202509,202509,100,KRBNP,부산신항,22,2965207,0,0,2965207
202509,202509,101,KRBNP,부산신항,4,115150,0,0,115150
202509,202509,102,KRBNP,부산신항,135,11999086,14,504834,11494252
202509,202509,110,KRBNP,부산신항,3341,384468487,1149,354705841,29762646
202509,202509,120,KRBNP,부산신항,1580,94753261,99,10235702,84517559
202509,202509,121,KRBNP,부산신항,1197,106264438,196,36659528,69604910
202509,202509,122,KRBNP,부산신항,426,34538225,44,19727354,14810871
202509,202509,130,KRBNP,부산신항,118,4508701,34,2715565,1793136
202509,202509,131,KRBNP,부산신항,385,21018040,956,100188222,-79170182
202509,202509,140,KRBNP,부산신항,186,22707452,30,1757931,20949521
202509,202509,150,KRBNP,부산신항,496,48058296,30,4601529,43456767
202509,202509,151,KRBNP,부산신항,338,37529395,282,35793129,1736266
202509,202509,152,KRBNP,부산신항,1029,58764032,287,30374093,28389939
202509,202509,153,KRBNP,부산신항,400,19780424,56,4185313,15595111
202509,202509,154,KRBNP,부산신항,658,56898798,13,938030,55960768
202509,202509,084,KRBOR,보령항,0,0,32,425906045,-425906045
202509,202509,152,KRBOR,보령항,0,0,3,55,-55
202509,202509,090,KRCHA,제주항,0,0,3,172,-172
202509,202509,140,KRCHA,제주항,0,0,2,11568,-11568
202509,202509,017,KRCHF,진해항,1,37064,0,0,37064
202509,202509,023,KRCHF,진해항,2,46083,0,0,46083
202509,202509,030,KRCHF,진해항,1,58261155,0,0,58261155
202509,202509,053,KRCHF,진해항,5,5844235,16,7140884,-1296649
202509,202509,080,KRCHG,장항항,2,1029433,1,101103,928330
202509,202509,150,KRCHG,장항항,1,131307,0,0,131307
202509,202509,070,KRDBL,대불항,2,1444729,0,0,1444729
202509,202509,152,KRDBL,대불항,2,506713,0,0,506713
202509,202509,153,KRDBL,대불항,2,249939,0,0,249939
202509,202509,010,KRGIN,경인항,0,0,2,273439,-273439
202509,202509,011,KRGIN,경인항,1,26907,0,0,26907
202509,202509,012,KRGIN,경인항,2,196783,2,15770,181013
202509,202509,016,KRGIN,경인항,0,0,4,89456,-89456
202509,202509,020,KRGIN,경인항,374,2549675,1058,36340111,-33790436
202509,202509,021,KRGIN,경인항,3,190350,4,57798,132552
202509,202509,040,KRGIN,경인항,0,0,7,122168,-122168
202509,202509,041,KRGIN,경인항,0,0,14,859132,-859132
202509,202509,053,KRGIN,경인항,0,0,8,115159,-115159
202509,202509,130,KRGIN,경인항,0,0,3,40340,-40340
202509,202509,152,KRGIN,경인항,2,114551,0,0,114551
202509,202509,030,KRHSA,호산항,0,0,3,5333,-5333
202509,202509,100,KRHSA,호산항,0,0,6,71772505,-71772505
202509,202509,010,KRINC,인천항,1301,21541828,672,14464947,7076881
202509,202509,011,KRINC,인천항,197,8467353,0,0,8467353
202509,202509,012,KRINC,인천항,932,44899673,939,59960704,-15061031
202509,202509,014,KRINC,인천항,1956,117905866,153,11635694,106270172
202509,202509,016,KRINC,인천항,1201,203107130,639,38647516,164459614
202509,202509,017,KRINC,인천항,1621,136003761,176,6373835,129629926
202509,202509,020,KRINC,인천항,68998,1946701960,595608,6864966296,-4918264336
202509,202509,021,KRINC,인천항,2175,132442294,383,22778841,109663453
202509,202509,023,KRINC,인천항,2343,94313420,60,2915591,91397829
202509,202509,030,KRINC,인천항,311,30278028,50,9237339,21040689
202509,202509,033,KRINC,인천항,63,2436564,20,479343,1957221
202509,202509,039,KRINC,인천항,436,1637065,10,413962,1223103
202509,202509,040,KRINC,인천항,341,81833201,604,42031186,39802015
202509,202509,041,KRINC,인천항,48,1794048,384,67779149,-65985101
202509,202509,050,KRINC,인천항,25,2605523,5,92762,2512761
202509,202509,051,KRINC,인천항,1,35623,0,0,35623
202509,202509,053,KRINC,인천항,319,11183196,34,2632972,8550224
202509,202509,054,KRINC,인천항,2,215311,0,0,215311
202509,202509,056,KRINC,인천항,26,233309,0,0,233309
202509,202509,060,KRINC,인천항,42,948214,2,28857,919357
202509,202509,062,KRINC,인천항,47,802995,0,0,802995
202509,202509,070,KRINC,인천항,11,1363150,0,0,1363150
202509,202509,071,KRINC,인천항,133,4684469,36,1531751,3152718
202509,202509,080,KRINC,인천항,37,8397747,3,132545,8265202
202509,202509,081,KRINC,인천항,100,3674309,45,2060551,1613758
202509,202509,082,KRINC,인천항,93,3574217,46,404180,3170037
202509,202509,084,KRINC,인천항,21,584362,0,0,584362
202509,202509,090,KRINC,인천항,3,11660,12,118773,-107113
202509,202509,100,KRINC,인천항,14,2122475,1,136440,1986035
202509,202509,101,KRINC,인천항,1,2760,0,0,2760
202509,202509,102,KRINC,인천항,127,6593955,25,238620,6355335
202509,202509,110,KRINC,인천항,139,25684129,34,843323,24840806
202509,202509,120,KRINC,인천항,405,19378667,42,1193451,18185216
202509,202509,121,KRINC,인천항,300,38869340,110,2045278,36824062
202509,202509,122,KRINC,인천항,137,47457195,0,0,47457195
202509,202509,130,KRINC,인천항,596,21429299,110,1989190,19440109
202509,202509,131,KRINC,인천항,569,25833684,110,9249550,16584134
202509,202509,150,KRINC,인천항,370,40763501,15,521714,40241787
202509,202509,151,KRINC,인천항,458,34497121,105,10620455,23876666
202509,202509,152,KRINC,인천항,1231,254114548,369,58242214,195872334
202509,202509,153,KRINC,인천항,223,10370752,9,191018,10179734
202509,202509,154,KRINC,인천항,1190,115953975,0,0,115953975
202509,202509,010,KRKAN,광양항,2,61494,5,2738,58756
202509,202509,011,KRKAN,광양항,1,22592,0,0,22592
202509,202509,012,KRKAN,광양항,11,346667,0,0,346667
202509,202509,014,KRKAN,광양항,39,3350292,7,887995,2462297
202509,202509,016,KRKAN,광양항,46,4165882,5,687143,3478739
202509,202509,017,KRKAN,광양항,1,53770,0,0,53770
202509,202509,020,KRKAN,광양항,175,3102697,1,70,3102627
202509,202509,021,KRKAN,광양항,22,1525915,0,0,1525915
202509,202509,023,KRKAN,광양항,5,136084,0,0,136084
202509,202509,030,KRKAN,광양항,26,1898254,10,670,1897584
202509,202509,033,KRKAN,광양항,4,134383,0,0,134383
202509,202509,039,KRKAN,광양항,10,426858,1,10778,416080
202509,202509,040,KRKAN,광양항,1,1788,0,0,1788
202509,202509,041,KRKAN,광양항,3,328177,0,0,328177
202509,202509,051,KRKAN,광양항,0,0,3,1846204,-1846204
202509,202509,052,KRKAN,광양항,0,0,6,208412,-208412
202509,202509,053,KRKAN,광양항,10,427385,0,0,427385
202509,202509,056,KRKAN,광양항,32,1149419,0,0,1149419
202509,202509,060,KRKAN,광양항,5010,487368634,8,460353,486908281
202509,202509,062,KRKAN,광양항,7084,1298462232,6860,1214076689,84385543
202509,202509,070,KRKAN,광양항,166,11680042,8,1160940,10519102
202509,202509,071,KRKAN,광양항,1881,80645705,11,980339,79665366
202509,202509,080,KRKAN,광양항,368,31604807,29,2550571,29054236
202509,202509,081,KRKAN,광양항,255,15622292,26,45966750,-30344458
202509,202509,082,KRKAN,광양항,432,31999563,38,2190608,29808955
202509,202509,084,KRKAN,광양항,21,1195597,0,0,1195597
202509,202509,102,KRKAN,광양항,5,439217,0,0,439217
202509,202509,110,KRKAN,광양항,21,1015683,0,0,1015683
202509,202509,120,KRKAN,광양항,91,33925663,0,0,33925663
202509,202509,121,KRKAN,광양항,162,7852848,0,0,7852848
202509,202509,122,KRKAN,광양항,61,4532037,0,0,4532037
202509,202509,131,KRKAN,광양항,1,600,6,198607,-198007
202509,202509,150,KRKAN,광양항,127,6574225,0,0,6574225
202509,202509,151,KRKAN,광양항,19,2882363,1,14838,2867525
202509,202509,152,KRKAN,광양항,143,21395221,0,0,21395221
202509,202509,153,KRKAN,광양항,7,433658,1,54833,378825
202509,202509,154,KRKAN,광양항,393,34875407,0,0,34875407
202509,202509,014,KRKCN,감천항,4,205437,0,0,205437
202509,202509,020,KRKCN,감천항,661,22283570,0,0,22283570
202509,202509,030,KRKCN,감천항,928,37998542,784,177430192,-139431650
202509,202509,051,KRKCN,감천항,0,0,1,4145464,-4145464
202509,202509,052,KRKCN,감천항,11,124924,0,0,124924
202509,202509,053,KRKCN,감천항,0,0,4,17479,-17479
202509,202509,056,KRKCN,감천항,0,0,5,4232579,-4232579
202509,202509,062,KRKCN,감천항,0,0,1,294335,-294335
202509,202509,100,KRKCN,감천항,0,0,1,31540,-31540
202509,202509,101,KRKCN,감천항,10,311464,0,0,311464
202509,202509,110,KRKCN,감천항,9,307146,6,11163359,-10856213
202509,202509,120,KRKCN,감천항,0,0,1,79789,-79789
202509,202509,152,KRKCN,감천항,16,658494,0,0,658494
202509,202509,051,KRKHN,고현항,60,341305542,37,24684854,316620688
202509,202509,020,KRKPO,포항항,1,10778,0,0,10778
202509,202509,030,KRKPO,포항항,0,0,6,313,-313
202509,202509,039,KRKPO,포항항,3,749834,1,350,749484
202509,202509,053,KRKPO,포항항,14,500979,0,0,500979
202509,202509,060,KRKPO,포항항,7,529603,0,0,529603
202509,202509,062,KRKPO,포항항,14,419634,0,0,419634
202509,202509,070,KRKPO,포항항,8,1163222,0,0,1163222
202509,202509,080,KRKPO,포항항,3,754168,0,0,754168
202509,202509,120,KRKPO,포항항,1,881223,0,0,881223
202509,202509,122,KRKPO,포항항,1204,404857054,180,153634425,251222629
202509,202509,152,KRKPO,포항항,12,1784243,0,0,1784243
202509,202509,153,KRKPO,포항항,1,207658,0,0,207658
202509,202509,020,KRKUV,군산항,66,3635357,6984,40542129,-36906772
202509,202509,021,KRKUV,군산항,1,836811,0,0,836811
202509,202509,023,KRKUV,군산항,2,53096,0,0,53096
202509,202509,030,KRKUV,군산항,6,1242400,1,15747,1226653
202509,202509,039,KRKUV,군산항,0,0,1,150,-150
202509,202509,053,KRKUV,군산항,4,644812,0,0,644812
202509,202509,062,KRKUV,군산항,2,27320,0,0,27320
202509,202509,070,KRKUV,군산항,2,1052480,0,0,1052480
202509,202509,071,KRKUV,군산항,4,143150,1,103071,40079
202509,202509,080,KRKUV,군산항,428,92561836,157821,253797784,-161235948
202509,202509,081,KRKUV,군산항,3,256203,11,461804,-205601
202509,202509,082,KRKUV,군산항,71,14085967,30,848637,13237330
202509,202509,102,KRKUV,군산항,5,16856,0,0,16856
202509,202509,110,KRKUV,군산항,13,9659027,0,0,9659027
202509,202509,120,KRKUV,군산항,3,188442,0,0,188442
202509,202509,121,KRKUV,군산항,14,314280,0,0,314280
202509,202509,150,KRKUV,군산항,5,306684,0,0,306684
202509,202509,152,KRKUV,군산항,6,1825922,0,0,1825922
202509,202509,012,KRMAS,마산항,1,25270,0,0,25270
202509,202509,014,KRMAS,마산항,3,2079029,0,0,2079029
202509,202509,016,KRMAS,마산항,11,39744262,59,1815600,37928662
202509,202509,017,KRMAS,마산항,18,634447,119,6829102,-6194655
202509,202509,020,KRMAS,마산항,552,33806193,0,0,33806193
202509,202509,021,KRMAS,마산항,12,1759702,0,0,1759702
202509,202509,023,KRMAS,마산항,13,602564,0,0,602564
202509,202509,030,KRMAS,마산항,41,68044759,6,2922224,65122535
202509,202509,033,KRMAS,마산항,1,34905,0,0,34905
202509,202509,039,KRMAS,마산항,3,3290664,0,0,3290664
202509,202509,050,KRMAS,마산항,787,502342207,226,101841804,400500403
202509,202509,051,KRMAS,마산항,0,0,3,4843862,-4843862
202509,202509,053,KRMAS,마산항,315,967010883,4,1090487,965920396
202509,202509,056,KRMAS,마산항,6,1326604,2,569532,757072
202509,202509,060,KRMAS,마산항,5,10035363,0,0,10035363
202509,202509,062,KRMAS,마산항,3,309656,0,0,309656
202509,202509,070,KRMAS,마산항,0,0,1,1295026,-1295026
202509,202509,080,KRMAS,마산항,20,11825835,0,0,11825835
202509,202509,081,KRMAS,마산항,1,11150,0,0,11150
202509,202509,100,KRMAS,마산항,1,31581,0,0,31581
202509,202509,101,KRMAS,마산항,1,44245,0,0,44245
202509,202509,110,KRMAS,마산항,58,99481913,1,2512873,96969040
202509,202509,120,KRMAS,마산항,19,10119776,0,0,10119776
202509,202509,121,KRMAS,마산항,13,16617457,0,0,16617457
202509,202509,122,KRMAS,마산항,17,1890063,0,0,1890063
202509,202509,150,KRMAS,마산항,6,160347592,0,0,160347592
202509,202509,151,KRMAS,마산항,19,3852215,0,0,3852215
202509,202509,152,KRMAS,마산항,46,22147787,0,0,22147787
202509,202509,153,KRMAS,마산항,7,49688675,0,0,49688675
202509,202509,154,KRMAS,마산항,2,327000,0,0,327000
202509,202509,030,KRMIP,미포항,1,148718,0,0,148718
202509,202509,110,KRMIP,미포항,24,930107735,0,0,930107735
202509,202509,070,KRMOK,목포항,115,889484487,61,106975308,782509179
202509,202509,020,KRMUK,묵호항,2,52739,0,0,52739
202509,202509,100,KRMUK,묵호항,145,7422670,0,0,7422670
202509,202509,100,KROKK,옥계항,2,2121067,36,2422829,-301762
202509,202509,051,KROKP,옥포항,18,804034027,46,48107692,755926335
202509,202509,030,KRONS,온산항,0,0,1,500,-500
202509,202509,110,KRONS,온산항,367,1129434894,12,582174095,547260799
202509,202509,010,KRPTK,평택항,14,117099,1,6913,110186
202509,202509,011,KRPTK,평택항,1,24900,0,0,24900
202509,202509,012,KRPTK,평택항,35,2617809,96,3802624,-1184815
202509,202509,014,KRPTK,평택항,81,5572921,3,35244,5537677
202509,202509,016,KRPTK,평택항,5928,2219083160,234867,2895847753,-676764593
202509,202509,017,KRPTK,평택항,92,22480337,0,0,22480337
202509,202509,020,KRPTK,평택항,777,36228685,4288,30347350,5881335
202509,202509,021,KRPTK,평택항,160,46141945,3791,173950771,-127808826
202509,202509,023,KRPTK,평택항,36,10527064,0,0,10527064
202509,202509,030,KRPTK,평택항,143,31403653,57,10304826,21098827
202509,202509,033,KRPTK,평택항,7,314272,0,0,314272
202509,202509,039,KRPTK,평택항,0,0,9204,638565,-638565
202509,202509,040,KRPTK,평택항,2,11926,14,130733,-118807
202509,202509,050,KRPTK,평택항,24,5228153,0,0,5228153
202509,202509,053,KRPTK,평택항,126,6680537,3,472661,6207876
202509,202509,056,KRPTK,평택항,15,3124551,2,249974,2874577
202509,202509,062,KRPTK,평택항,2,62028,0,0,62028
202509,202509,070,KRPTK,평택항,1,44798,0,0,44798
202509,202509,071,KRPTK,평택항,16,477757,7,829567,-351810
202509,202509,080,KRPTK,평택항,8,8832498,0,0,8832498
202509,202509,081,KRPTK,평택항,21,1527978,0,0,1527978
202509,202509,082,KRPTK,평택항,26,2053014,1,29689,2023325
202509,202509,084,KRPTK,평택항,1,15149,0,0,15149
202509,202509,102,KRPTK,평택항,8,398230,6,101363,296867
202509,202509,110,KRPTK,평택항,16,5381793,12,328581,5053212
202509,202509,120,KRPTK,평택항,129,32055225,0,0,32055225
202509,202509,121,KRPTK,평택항,241,81269740,3,162153,81107587
202509,202509,122,KRPTK,평택항,5,177150,0,0,177150
202509,202509,130,KRPTK,평택항,2,53825,0,0,53825
202509,202509,131,KRPTK,평택항,21,1566607,13,332878,1233729
202509,202509,150,KRPTK,평택항,58,2264589,9,663705,1600884
202509,202509,151,KRPTK,평택항,299,46656516,19,644036,46012480
202509,202509,152,KRPTK,평택항,1014,326238441,184,38489045,287749396
202509,202509,153,KRPTK,평택항,6,354102,0,0,354102
202509,202509,154,KRPTK,평택항,495,63296565,0,0,63296565
202509,202509,010,KRPUS,부산항,1907,49091310,135,6096665,42994645
202509,202509,011,KRPUS,부산항,503,15384750,0,0,15384750
202509,202509,012,KRPUS,부산항,3059,183901624,653,106706588,77195036
202509,202509,014,KRPUS,부산항,4913,339415254,58,6443214,332972040
202509,202509,016,KRPUS,부산항,4679,364857562,917,265647601,99209961
202509,202509,017,KRPUS,부산항,3900,172333989,129,8386719,163947270
202509,202509,020,KRPUS,부산항,12884,625517673,388,16162463,609355210
202509,202509,021,KRPUS,부산항,5388,459072351,752,124276757,334795594
202509,202509,023,KRPUS,부산항,3381,196761174,13,999316,195761858
202509,202509,030,KRPUS,부산항,55214,3881154440,62500,4769736201,-888581761
202509,202509,033,KRPUS,부산항,4701,270125247,3805,107208145,162917102
202509,202509,037,KRPUS,부산항,0,0,2,1111,-1111
202509,202509,039,KRPUS,부산항,2648,147084946,75743,91778268,55306678
202509,202509,040,KRPUS,부산항,533,19476293,169,7655091,11821202
202509,202509,041,KRPUS,부산항,59,4127541,104,9804698,-5677157
202509,202509,050,KRPUS,부산항,1326,94414523,70,1358183,93056340
202509,202509,051,KRPUS,부산항,11,517626,110,10894585,-10376959
202509,202509,052,KRPUS,부산항,19,1794239,0,0,1794239
202509,202509,053,KRPUS,부산항,11295,560135588,834,32764470,527371118
202509,202509,054,KRPUS,부산항,37,2681176,3,92154,2589022
202509,202509,056,KRPUS,부산항,1693,160003832,155,18334101,141669731
202509,202509,060,KRPUS,부산항,2069,150359978,11,396166,149963812
202509,202509,062,KRPUS,부산항,972,113836771,24,2210157,111626614
202509,202509,070,KRPUS,부산항,489,30064876,96,8238290,21826586
202509,202509,071,KRPUS,부산항,1261,107657422,116,6723415,100934007
202509,202509,080,KRPUS,부산항,936,104746000,70,4565118,100180882
202509,202509,081,KRPUS,부산항,911,131584154,49,2943704,128640450
202509,202509,082,KRPUS,부산항,1793,163779101,103,5310056,158469045
202509,202509,084,KRPUS,부산항,100,4844051,8,847228,3996823
202509,202509,090,KRPUS,부산항,51,1101219,100,3246042,-2144823
202509,202509,100,KRPUS,부산항,61,2961063,7,291299,2669764
202509,202509,101,KRPUS,부산항,12,645964,40,1118818,-472854
202509,202509,102,KRPUS,부산항,789,51511046,69,1015172,50495874
202509,202509,110,KRPUS,부산항,9688,1093870355,883,77599381,1016270974
202509,202509,120,KRPUS,부산항,9878,622710270,220,12177491,610532779
202509,202509,121,KRPUS,부산항,7988,642852917,624,43638934,599213983
202509,202509,122,KRPUS,부산항,2239,250589871,74,20613718,229976153
202509,202509,130,KRPUS,부산항,1263,39694247,12,1437821,38256426
202509,202509,131,KRPUS,부산항,1754,83983704,148,14867308,69116396
202509,202509,140,KRPUS,부산항,24,4910771,39,4551421,359350
202509,202509,150,KRPUS,부산항,3821,292926875,88,79647588,213279287
202509,202509,151,KRPUS,부산항,4171,426817015,449,151928243,274888772
202509,202509,152,KRPUS,부산항,5726,580997602,398,40207973,540789629
202509,202509,153,KRPUS,부산항,2889,219631073,60,5971560,213659513
202509,202509,154,KRPUS,부산항,1585,128883232,15,659612,128223620
202509,202509,030,KRSCP,삼천포항,0,0,2,254,-254
202509,202509,052,KRSCP,삼천포항,1,145800,16,86392455,-86246655
202509,202509,056,KRSCP,삼천포항,0,0,3,8152392,-8152392
202509,202509,110,KRSHG,포항신항,0,0,21,15715683,-15715683
202509,202509,122,KRSHG,포항신항,54,19680253,98,311490396,-291810143
202509,202509,011,KRSHO,속초항,1,64453,0,0,64453
202509,202509,014,KRSHO,속초항,29,1115324,0,0,1115324
202509,202509,020,KRSHO,속초항,319,9564391,0,0,9564391
202509,202509,021,KRSHO,속초항,6,194819,0,0,194819
202509,202509,030,KRSHO,속초항,2,117442,0,0,117442
202509,202509,050,KRSHO,속초항,1,12850,0,0,12850
202509,202509,053,KRSHO,속초항,2,35479,0,0,35479
202509,202509,100,KRSHO,속초항,17,446630,0,0,446630
202509,202509,101,KRSHO,속초항,109,3918921,10,3369069,549852
202509,202509,030,KRTAN,태안항,0,0,1,5,-5
202509,202509,154,KRTAN,태안항,0,0,14,94309900,-94309900
202509,202509,010,KRTGH,동해항,45,421318,0,0,421318
202509,202509,012,KRTGH,동해항,28,703397,0,0,703397
202509,202509,014,KRTGH,동해항,9,272566,0,0,272566
202509,202509,016,KRTGH,동해항,2,61,0,0,61
202509,202509,017,KRTGH,동해항,24,511665,0,0,511665
202509,202509,020,KRTGH,동해항,699,24649531,1,23100,24626431
202509,202509,021,KRTGH,동해항,2,37432,0,0,37432
202509,202509,023,KRTGH,동해항,74,1956283,0,0,1956283
202509,202509,030,KRTGH,동해항,13,333136,2,54,333082
202509,202509,039,KRTGH,동해항,2,14604,0,0,14604
202509,202509,060,KRTGH,동해항,2,151330,0,0,151330
202509,202509,100,KRTGH,동해항,595,30054670,161,101424662,-71369992
202509,202509,130,KRTGH,동해항,7,84015,0,0,84015
202509,202509,131,KRTGH,동해항,12,808493,0,0,808493
202509,202509,140,KRTGH,동해항,0,0,3,1440,-1440
202509,202509,151,KRTGH,동해항,227,8983524,0,0,8983524
202509,202509,153,KRTGH,동해항,1,24615,0,0,24615
202509,202509,016,KRTJI,당진항,10,4899594,55,242480518,-237580924
202509,202509,020,KRTJI,당진항,36,5642656,0,0,5642656
202509,202509,039,KRTJI,당진항,3,604941,0,0,604941
202509,202509,053,KRTJI,당진항,1,7677,0,0,7677
202509,202509,060,KRTJI,당진항,47,9518204,0,0,9518204
202509,202509,080,KRTJI,당진항,4,1017936,0,0,1017936
202509,202509,110,KRTJI,당진항,36,4450769,0,0,4450769
202509,202509,122,KRTJI,당진항,5,2316907,0,0,2316907
202509,202509,152,KRTJI,당진항,590,220924086,7,10955799,209968287
202509,202509,154,KRTJI,당진항,1,15581745,12,95873118,-80291373
202509,202509,016,KRTSN,대산항,1,806497,1,44,806453
202509,202509,030,KRTSN,대산항,0,0,1,127,-127
202509,202509,060,KRTSN,대산항,2,675660,0,0,675660
202509,202509,152,KRTSN,대산항,0,0,2,400,-400
202509,202509,154,KRTSN,대산항,584,1032708444,193,1919114574,-886406130
202509,202509,054,KRTYG,통영항,11,3223037,332,13333816,-10110779
202509,202509,140,KRTYG,통영항,0,0,2,400,-400
202509,202509,014,KRUSN,울산항,1,43359,0,0,43359
202509,202509,020,KRUSN,울산항,3,6182236,0,0,6182236
202509,202509,023,KRUSN,울산항,4,1316344,0,0,1316344
202509,202509,030,KRUSN,울산항,5,658752,7,66216,592536
202509,202509,039,KRUSN,울산항,4,2191198,0,0,2191198
202509,202509,053,KRUSN,울산항,2,1931888,1,68931,1862957
202509,202509,056,KRUSN,울산항,1,75740,0,0,75740
202509,202509,060,KRUSN,울산항,19,5313800,0,0,5313800
202509,202509,062,KRUSN,울산항,6,529771,0,0,529771
202509,202509,080,KRUSN,울산항,29,7152381,0,0,7152381
202509,202509,082,KRUSN,울산항,2,335644,0,0,335644
202509,202509,110,KRUSN,울산항,6011,4351387328,2623,4347679489,3707839
202509,202509,120,KRUSN,울산항,16,3019256,0,0,3019256
202509,202509,122,KRUSN,울산항,6,566793,1,180,566613
202509,202509,130,KRUSN,울산항,3,30829,0,0,30829
202509,202509,151,KRUSN,울산항,1,5436,0,0,5436
202509,202509,152,KRUSN,울산항,4,1010540,0,0,1010540
202509,202509,154,KRUSN,울산항,1,54961,0,0,54961
202509,202509,122,KRYMH,영일만항,0,0,28,3605182,-3605182
202509,202509,060,KRYOC,여천항,0,0,74,886315832,-886315832
202509,202509,030,KRYOS,여수항,0,0,5,352,-352
202509,202509,060,KRYOS,여수항,385,1548577257,230,1761643740,-213066483
202509,202509,062,KRYOS,여수항,3,186509,0,0,186509
202509,202509,110,KRYOS,여수항,1,1722661,0,0,1722661
202509,202509,140,KRYOS,여수항,0,0,1,300,-300
202509,202509,152,KRYOS,여수항,5,830431,0,0,830431
202509,202509,010,KRZZZ,기타불개항,26,18710756,0,0,18710756
202509,202509,016,KRZZZ,기타불개항,0,0,2,130,-130
202509,202509,017,KRZZZ,기타불개항,0,0,3,5152,-5152
202509,202509,020,KRZZZ,기타불개항,0,0,25,6769140,-6769140
202509,202509,040,KRZZZ,기타불개항,0,0,1,1220,-1220
202509,202509,051,KRZZZ,기타불개항,1,53236,0,0,53236
202509,202509,052,KRZZZ,기타불개항,0,0,1,54,-54
202509,202509,054,KRZZZ,기타불개항,3,2856,7,202783935,-202781079
202509,202509,062,KRZZZ,기타불개항,0,0,9,65894648,-65894648
202509,202509,070,KRZZZ,기타불개항,2,223470,1,449573,-226103
202509,202509,081,KRZZZ,기타불개항,4,495604,0,0,495604
202509,202509,082,KRZZZ,기타불개항,4,5888,0,0,5888
202509,202509,100,KRZZZ,기타불개항,0,0,12,344009714,-344009714
202509,202509,080,KUV,군산공항,5,4315,0,0,4315
202509,202509,012,PUS,김해국제공항,1,108,0,0,108
202509,202509,014,PUS,김해국제공항,1,2126,0,0,2126
202509,202509,016,PUS,김해국제공항,1,3400,3,32938,-29538
202509,202509,017,PUS,김해국제공항,0,0,26,1650714,-1650714
202509,202509,021,PUS,김해국제공항,6,84242,0,0,84242
202509,202509,023,PUS,김해국제공항,5,401020,0,0,401020
202509,202509,030,PUS,김해국제공항,403,10321554,104,157104,10164450
202509,202509,033,PUS,김해국제공항,58,617402,0,0,617402
202509,202509,039,PUS,김해국제공항,83,1175683,2,6282,1169401
202509,202509,040,PUS,김해국제공항,49,505331,15,354740,150591
202509,202509,050,PUS,김해국제공항,64,13071363,2,13161,13058202
202509,202509,051,PUS,김해국제공항,0,0,5,568313,-568313
202509,202509,053,PUS,김해국제공항,87,1465079,2,1800,1463279
202509,202509,056,PUS,김해국제공항,15,2184073,52,2125965,58108
202509,202509,060,PUS,김해국제공항,4,245155,0,0,245155
202509,202509,070,PUS,김해국제공항,0,0,1,2375,-2375
202509,202509,090,PUS,김해국제공항,1,3342,0,0,3342
202509,202509,110,PUS,김해국제공항,18,44256,1,10686,33570
202509,202509,120,PUS,김해국제공항,16,125483,0,0,125483
202509,202509,121,PUS,김해국제공항,7,364431,27,18012608,-17648177
202509,202509,122,PUS,김해국제공항,1,3037,0,0,3037
202509,202509,131,PUS,김해국제공항,1,3191,0,0,3191
202509,202509,140,PUS,김해국제공항,219,1197283,1258,78956656,-77759373
202509,202509,150,PUS,김해국제공항,2,10122,0,0,10122
202509,202509,151,PUS,김해국제공항,4,638011,4,1198459,-560448
202509,202509,152,PUS,김해국제공항,1,37375,0,0,37375
202509,202509,012,SSN,성남공항,0,0,1,9807,-9807
202509,202509,021,TAE,대구국제공항,1,2572,0,0,2572
202509,202509,030,TAE,대구국제공항,1,474,0,0,474
202509,202509,120,TAE,대구국제공항,15,92227,59,211423,-119196
202509,202509,101,YNY,양양국제공항,0,0,4,11829,-11829
202509,202509,010,ZZZZZ,기타항,2,13365,0,0,13365
202509,202509,012,ZZZZZ,기타항,2,2735,0,0,2735
202509,202509,014,ZZZZZ,기타항,2,146367,0,0,146367
202509,202509,017,ZZZZZ,기타항,2,12551,0,0,12551
202509,202509,039,ZZZZZ,기타항,3,699,0,0,699
202509,202509,060,ZZZZZ,기타항,1,20741,0,0,20741
202509,202509,120,ZZZZZ,기타항,3,9692,0,0,9692
202509,202509,130,ZZZZZ,기타항,1,16487,0,0,16487
202509,202509,150,ZZZZZ,기타항,1,1400,0,0,1400
202509,총계,,-,-,1451820,65904091168,4986892,56419586009,9484505159
202510,202510,010,010,서울세관,52,1816,0,0,1816
202510,202510,071,010,서울세관,6,406,0,0,406
202510,202510,130,010,서울세관,9,1443,0,0,1443
202510,202510,010,037,부산국제우편세관,1,480,0,0,480
202510,202510,011,037,부산국제우편세관,1,997,0,0,997
202510,202510,021,037,부산국제우편세관,3,414,0,0,414
202510,202510,023,037,부산국제우편세관,1,307,0,0,307
202510,202510,030,037,부산국제우편세관,4,10542,0,0,10542
202510,202510,033,037,부산국제우편세관,5,8909,0,0,8909
202510,202510,037,037,부산국제우편세관,5,2142,18,21471,-19329
202510,202510,039,037,부산국제우편세관,2,4480,0,0,4480
202510,202510,040,037,부산국제우편세관,0,0,3,883,-883
202510,202510,050,037,부산국제우편세관,2,4911,0,0,4911
202510,202510,110,037,부산국제우편세관,1,121,0,0,121
202510,202510,040,040,인천공항세관,3,94500,9,16365,78135
202510,202510,010,CJJ,청주국제공항,1,14815,0,0,14815
202510,202510,150,CJJ,청주국제공항,1,2233,0,0,2233
202510,202510,151,CJJ,청주국제공항,0,0,147,618146,-618146
202510,202510,090,CJU,제주국제공항,2,2449,244,951943,-949494
202510,202510,131,CJU,제주국제공항,1,26016,0,0,26016
202510,202510,010,GMP,김포국제공항,14,1467718,1,1007,1466711
202510,202510,012,GMP,김포국제공항,2,1410,0,0,1410
202510,202510,014,GMP,김포국제공항,1,6491,0,0,6491
202510,202510,017,GMP,김포국제공항,7,23963,0,0,23963
202510,202510,020,GMP,김포국제공항,17,24553,0,0,24553
202510,202510,021,GMP,김포국제공항,1,549,0,0,549
202510,202510,023,GMP,김포국제공항,170,2900665,0,0,2900665
202510,202510,040,GMP,김포국제공항,3520,838152,2,10916,827236
202510,202510,041,GMP,김포국제공항,141,689269,1671,102546087,-101856818
202510,202510,071,GMP,김포국제공항,7,6317,0,0,6317
202510,202510,082,GMP,김포국제공항,1,22000,0,0,22000
202510,202510,102,GMP,김포국제공항,3,2464,0,0,2464
202510,202510,120,GMP,김포국제공항,7,1082764,0,0,1082764
202510,202510,122,GMP,김포국제공항,1,1807,0,0,1807
202510,202510,130,GMP,김포국제공항,1539,82397,0,0,82397
202510,202510,131,GMP,김포국제공항,8,467843,0,0,467843
202510,202510,150,GMP,김포국제공항,1,213,0,0,213
202510,202510,152,GMP,김포국제공항,1,1050,0,0,1050
202510,202510,010,ICN,인천국제공항,31729,506997243,1917,127696819,379300424
202510,202510,011,ICN,인천국제공항,2708,8261935,1,2729,8259206
202510,202510,012,ICN,인천국제공항,13598,2697191764,1632,919992587,1777199177
202510,202510,014,ICN,인천국제공항,9165,188814100,243,26733722,162080378
202510,202510,016,ICN,인천국제공항,5783,1983335053,4910,548777120,1434557933
202510,202510,017,ICN,인천국제공항,38564,359957605,3218,200294285,159663320
202510,202510,020,ICN,인천국제공항,24503,1554245656,3769,1279056103,275189553
202510,202510,021,ICN,인천국제공항,17506,1882289188,6528,667058823,1215230365
202510,202510,023,ICN,인천국제공항,34996,304183121,1241,213782482,90400639
202510,202510,030,ICN,인천국제공항,7544,123871058,1060,85315992,38555066
202510,202510,033,ICN,인천국제공항,434,6439460,17,333995,6105465
202510,202510,037,ICN,인천국제공항,1,200,1,216,-16
202510,202510,039,ICN,인천국제공항,3077,13762423,173,7568115,6194308
202510,202510,040,ICN,인천국제공항,441753,6043096824,3463414,11359247315,-5316150491
202510,202510,041,ICN,인천국제공항,18579,31697247,2614,191282699,-159585452
202510,202510,050,ICN,인천국제공항,540,7926336,102,5623171,2303165
202510,202510,051,ICN,인천국제공항,7,121927,265,6033704,-5911777
202510,202510,053,ICN,인천국제공항,5342,91718406,1685,140329013,-48610607
202510,202510,054,ICN,인천국제공항,25,89048,1,57136,31912
202510,202510,056,ICN,인천국제공항,983,113956080,1132,112917987,1038093
202510,202510,060,ICN,인천국제공항,124,1599984,18,741382,858602
202510,202510,062,ICN,인천국제공항,38,2287472,15,177859,2109613
202510,202510,070,ICN,인천국제공항,104,789431,55,2156642,-1367211
202510,202510,071,ICN,인천국제공항,3181,392330542,2282,676383895,-284053353
202510,202510,080,ICN,인천국제공항,160,8069253,1,1162,8068091
202510,202510,081,ICN,인천국제공항,538,17214960,117,1272075,15942885
202510,202510,082,ICN,인천국제공항,624,6691187,36,875180,5816007
202510,202510,084,ICN,인천국제공항,22,198236,5,18694,179542
202510,202510,090,ICN,인천국제공항,111,152162,108,5814420,-5662258
202510,202510,100,ICN,인천국제공항,106,1419344,3,567500,851844
202510,202510,101,ICN,인천국제공항,7,240463,0,0,240463
202510,202510,102,ICN,인천국제공항,840,34462605,3,7996,34454609
202510,202510,110,ICN,인천국제공항,756,80717750,1039,42403482,38314268
202510,202510,120,ICN,인천국제공항,4619,126248423,240,22591978,103656445
202510,202510,121,ICN,인천국제공항,13728,1917879606,5609,1205571870,712307736
202510,202510,122,ICN,인천국제공항,292,7684993,34,411409,7273584
202510,202510,130,ICN,인천국제공항,18669,99710224,309,18162982,81547242
202510,202510,131,ICN,인천국제공항,5977,71926909,121,3117438,68809471
202510,202510,140,ICN,인천국제공항,221,2226052,1147,32148861,-29922809
202510,202510,150,ICN,인천국제공항,3114,172709260,221,7674839,165034421
202510,202510,151,ICN,인천국제공항,7716,2571826124,1176,305036886,2266789238
202510,202510,152,ICN,인천국제공항,9177,3317281104,2726,646046411,2671234693
202510,202510,153,ICN,인천국제공항,1636,43701962,75,2326651,41375311
202510,202510,154,ICN,인천국제공항,131,2432000,9,70240,2361760
202510,202510,122,KPO,포항공항,0,0,1,2968,-2968
202510,202510,010,KRBNP,부산신항,67,2141367,588,23273594,-21132227
202510,202510,011,KRBNP,부산신항,80,2778661,0,0,2778661
202510,202510,012,KRBNP,부산신항,309,8113487,4893,348526892,-340413405
202510,202510,014,KRBNP,부산신항,517,30396843,264,12197509,18199334
202510,202510,016,KRBNP,부산신항,469,46447551,1777,113240761,-66793210
202510,202510,017,KRBNP,부산신항,476,25660231,106,4522832,21137399
202510,202510,020,KRBNP,부산신항,861,43253791,809,30032066,13221725
202510,202510,021,KRBNP,부산신항,723,44688425,3433,270090597,-225402172
202510,202510,023,KRBNP,부산신항,282,11880934,108,9080601,2800333
202510,202510,030,KRBNP,부산신항,18228,1493882128,38476,4100982239,-2607100111
202510,202510,033,KRBNP,부산신항,590,29164343,1543,101388190,-72223847
202510,202510,039,KRBNP,부산신항,184,20806554,222,21243983,-437429
202510,202510,040,KRBNP,부산신항,23,823383,464,19873197,-19049814
202510,202510,041,KRBNP,부산신항,14,653218,791,31088323,-30435105
202510,202510,050,KRBNP,부산신항,193,17723270,80,1221012,16502258
202510,202510,051,KRBNP,부산신항,1,185650,103,32727595,-32541945
202510,202510,052,KRBNP,부산신항,2,121948,0,0,121948
202510,202510,053,KRBNP,부산신항,11844,318761776,620,40944596,277817180
202510,202510,054,KRBNP,부산신항,16,997464,6,5351150,-4353686
202510,202510,056,KRBNP,부산신항,278,17802042,194,34961443,-17159401
202510,202510,060,KRBNP,부산신항,2212,175293389,21,2265320,173028069
202510,202510,062,KRBNP,부산신항,580,46772314,39,34279776,12492538
202510,202510,070,KRBNP,부산신항,41,2729159,85,14911894,-12182735
202510,202510,071,KRBNP,부산신항,1359,49672330,33,2321943,47350387
202510,202510,080,KRBNP,부산신항,118,13013094,50,2098154,10914940
202510,202510,081,KRBNP,부산신항,80,9732746,33,22050120,-12317374
202510,202510,082,KRBNP,부산신항,94,6363735,67,3575544,2788191
202510,202510,084,KRBNP,부산신항,67,3994268,4,3598622,395646
202510,202510,090,KRBNP,부산신항,0,0,71,1216854,-1216854
202510,202510,100,KRBNP,부산신항,20,3164263,2,110400,3053863
202510,202510,101,KRBNP,부산신항,4,302470,0,0,302470
202510,202510,102,KRBNP,부산신항,71,6082036,9,247368,5834668
202510,202510,110,KRBNP,부산신항,2549,307738455,1074,314592512,-6854057
202510,202510,120,KRBNP,부산신항,1290,78724889,101,10875332,67849557
202510,202510,121,KRBNP,부산신항,954,58926257,142,19086882,39839375
202510,202510,122,KRBNP,부산신항,348,30552751,45,19264099,11288652
202510,202510,130,KRBNP,부산신항,71,2718671,49,3828569,-1109898
202510,202510,131,KRBNP,부산신항,321,11248813,1032,104876300,-93627487
202510,202510,140,KRBNP,부산신항,165,19744346,29,2468370,17275976
202510,202510,150,KRBNP,부산신항,375,27148212,30,23092719,4055493
202510,202510,151,KRBNP,부산신항,303,32654796,319,37966014,-5311218
202510,202510,152,KRBNP,부산신항,876,64180923,204,25554051,38626872
202510,202510,153,KRBNP,부산신항,283,22150512,58,4851459,17299053
202510,202510,154,KRBNP,부산신항,398,29556127,9,580059,28976068
202510,202510,084,KRBOR,보령항,0,0,25,285869068,-285869068
202510,202510,140,KRBOR,보령항,0,0,2,1050,-1050
202510,202510,152,KRBOR,보령항,0,0,2,80,-80
202510,202510,090,KRCHA,제주항,4,112990,18,780047,-667057
202510,202510,020,KRCHF,진해항,1,23973,0,0,23973
202510,202510,030,KRCHF,진해항,2,101241210,0,0,101241210
202510,202510,053,KRCHF,진해항,0,0,24,9503408,-9503408
202510,202510,102,KRCHF,진해항,1,665,0,0,665
202510,202510,080,KRCHG,장항항,0,0,11,12981670,-12981670
202510,202510,150,KRCHG,장항항,1,130308,0,0,130308
202510,202510,070,KRDBL,대불항,3,2631815,0,0,2631815
202510,202510,012,KRGIN,경인항,2,231899,2,144920,86979
202510,202510,016,KRGIN,경인항,0,0,4,97249,-97249
202510,202510,020,KRGIN,경인항,254,2057307,804,28709761,-26652454
202510,202510,021,KRGIN,경인항,0,0,2,33163,-33163
202510,202510,040,KRGIN,경인항,0,0,4,235310,-235310
202510,202510,041,KRGIN,경인항,0,0,8,309777,-309777
202510,202510,053,KRGIN,경인항,0,0,6,95433,-95433
202510,202510,131,KRGIN,경인항,0,0,1,23182,-23182
202510,202510,153,KRGIN,경인항,0,0,1,1920,-1920
202510,202510,100,KRHSA,호산항,0,0,3,35373755,-35373755
202510,202510,010,KRINC,인천항,1078,17911716,451,6512896,11398820
202510,202510,011,KRINC,인천항,150,7069247,0,0,7069247
202510,202510,012,KRINC,인천항,694,28087873,709,54574033,-26486160
202510,202510,014,KRINC,인천항,1549,92698223,125,10529998,82168225
202510,202510,016,KRINC,인천항,1033,124606776,517,26990283,97616493
202510,202510,017,KRINC,인천항,1424,138027143,155,7103218,130923925
202510,202510,020,KRINC,인천항,57051,1818095829,537385,6010341262,-4192245433
202510,202510,021,KRINC,인천항,1744,111553389,285,15350630,96202759
202510,202510,023,KRINC,인천항,2058,77885192,53,3093442,74791750
202510,202510,030,KRINC,인천항,211,22129055,29,2807142,19321913
202510,202510,033,KRINC,인천항,54,1471984,28,702982,769002
202510,202510,039,KRINC,인천항,419,2351418,4,250221,2101197
202510,202510,040,KRINC,인천항,287,92839342,486,42486911,50352431
202510,202510,041,KRINC,인천항,58,1922349,299,22837224,-20914875
202510,202510,050,KRINC,인천항,18,1165777,10,177952,987825
202510,202510,053,KRINC,인천항,296,10683343,26,2405922,8277421
202510,202510,054,KRINC,인천항,1,47768,0,0,47768
202510,202510,056,KRINC,인천항,17,272748,0,0,272748
202510,202510,060,KRINC,인천항,30,518113,0,0,518113
202510,202510,062,KRINC,인천항,29,821704,0,0,821704
202510,202510,070,KRINC,인천항,8,477685,0,0,477685
202510,202510,071,KRINC,인천항,125,3517724,21,406541,3111183
202510,202510,080,KRINC,인천항,35,5812591,1,5244,5807347
202510,202510,081,KRINC,인천항,59,2095292,46,1559251,536041
202510,202510,082,KRINC,인천항,76,3031885,31,329282,2702603
202510,202510,084,KRINC,인천항,15,358944,0,0,358944
202510,202510,090,KRINC,인천항,2,17648,1,24192,-6544
202510,202510,100,KRINC,인천항,15,1846866,1,9585,1837281
202510,202510,102,KRINC,인천항,102,5321079,15,255795,5065284
202510,202510,110,KRINC,인천항,90,29997968,26,1194856,28803112
202510,202510,120,KRINC,인천항,335,16513270,26,919398,15593872
202510,202510,121,KRINC,인천항,270,36868651,74,2028989,34839662
202510,202510,122,KRINC,인천항,89,26301747,0,0,26301747
202510,202510,130,KRINC,인천항,479,19700760,79,1636266,18064494
202510,202510,131,KRINC,인천항,460,19994001,124,10376329,9617672
202510,202510,150,KRINC,인천항,263,25242884,15,445273,24797611
202510,202510,151,KRINC,인천항,383,32054514,110,16627220,15427294
202510,202510,152,KRINC,인천항,1111,209210160,318,15054658,194155502
202510,202510,153,KRINC,인천항,173,8743344,12,419115,8324229
202510,202510,154,KRINC,인천항,1020,108905291,0,0,108905291
202510,202510,010,KRKAN,광양항,1,28052,1,18283,9769
202510,202510,011,KRKAN,광양항,2,54175,0,0,54175
202510,202510,012,KRKAN,광양항,17,403242,1,54757,348485
202510,202510,014,KRKAN,광양항,37,2898357,8,713478,2184879
202510,202510,016,KRKAN,광양항,34,3609533,9,1063624,2545909
202510,202510,017,KRKAN,광양항,4,15970,0,0,15970
202510,202510,020,KRKAN,광양항,117,1812388,0,0,1812388
202510,202510,021,KRKAN,광양항,16,1148298,0,0,1148298
202510,202510,023,KRKAN,광양항,3,181131,0,0,181131
202510,202510,030,KRKAN,광양항,26,7874365,12,1391576,6482789
202510,202510,033,KRKAN,광양항,14,689990,0,0,689990
202510,202510,039,KRKAN,광양항,19,743773,0,0,743773
202510,202510,040,KRKAN,광양항,2,30500,0,0,30500
202510,202510,050,KRKAN,광양항,1,76606,0,0,76606
202510,202510,051,KRKAN,광양항,0,0,5,3663113,-3663113
202510,202510,052,KRKAN,광양항,0,0,5,178965,-178965
202510,202510,053,KRKAN,광양항,11,410414,0,0,410414
202510,202510,056,KRKAN,광양항,29,1782600,0,0,1782600
202510,202510,060,KRKAN,광양항,4302,392853153,10,356925,392496228
202510,202510,062,KRKAN,광양항,6209,1061602249,5929,1192325504,-130723255
202510,202510,070,KRKAN,광양항,128,9064232,9,929768,8134464
202510,202510,071,KRKAN,광양항,1327,54220931,7,887413,53333518
202510,202510,080,KRKAN,광양항,367,34185577,33,1640588,32544989
202510,202510,081,KRKAN,광양항,236,17106115,21,32384763,-15278648
202510,202510,082,KRKAN,광양항,410,30558726,34,1868241,28690485
202510,202510,084,KRKAN,광양항,17,1285230,0,0,1285230
202510,202510,102,KRKAN,광양항,1,68795,0,0,68795
202510,202510,110,KRKAN,광양항,20,1760332,0,0,1760332
202510,202510,120,KRKAN,광양항,89,37768050,0,0,37768050
202510,202510,121,KRKAN,광양항,108,5409641,0,0,5409641
202510,202510,122,KRKAN,광양항,47,4525255,0,0,4525255
202510,202510,130,KRKAN,광양항,3,145866,0,0,145866
202510,202510,131,KRKAN,광양항,3,16430,1,33646,-17216
202510,202510,150,KRKAN,광양항,112,3763483,0,0,3763483
202510,202510,151,KRKAN,광양항,29,6342456,0,0,6342456
202510,202510,152,KRKAN,광양항,86,36141232,0,0,36141232
202510,202510,153,KRKAN,광양항,4,820540,1,68935,751605
202510,202510,154,KRKAN,광양항,342,31433064,0,0,31433064
202510,202510,020,KRKCN,감천항,761,25953758,0,0,25953758
202510,202510,030,KRKCN,감천항,1002,35620546,693,127799196,-92178650
202510,202510,033,KRKCN,감천항,0,0,1,100,-100
202510,202510,050,KRKCN,감천항,5,196646,0,0,196646
202510,202510,052,KRKCN,감천항,11,129491,0,0,129491
202510,202510,053,KRKCN,감천항,0,0,4,26006,-26006
202510,202510,110,KRKCN,감천항,2,43473,6,1880795,-1837322
202510,202510,152,KRKCN,감천항,29,1244298,0,0,1244298
202510,202510,051,KRKHN,고현항,75,630208329,28,27082955,603125374
202510,202510,030,KRKPO,포항항,0,0,4,233,-233
202510,202510,039,KRKPO,포항항,1,112514,0,0,112514
202510,202510,053,KRKPO,포항항,8,692947,0,0,692947
202510,202510,060,KRKPO,포항항,6,628220,0,0,628220
202510,202510,062,KRKPO,포항항,8,514898,0,0,514898
202510,202510,080,KRKPO,포항항,0,0,1,81847,-81847
202510,202510,110,KRKPO,포항항,1,179764,1,650,179114
202510,202510,120,KRKPO,포항항,1,343921,0,0,343921
202510,202510,121,KRKPO,포항항,1,92321,0,0,92321
202510,202510,122,KRKPO,포항항,1187,352846872,205,89191731,263655141
202510,202510,152,KRKPO,포항항,10,1996663,0,0,1996663
202510,202510,012,KRKUV,군산항,3,495755,1,608,495147
202510,202510,014,KRKUV,군산항,2,107879,0,0,107879
202510,202510,016,KRKUV,군산항,1,11951,0,0,11951
202510,202510,017,KRKUV,군산항,1,30407,0,0,30407
202510,202510,020,KRKUV,군산항,15,2779805,5069,27630394,-24850589
202510,202510,023,KRKUV,군산항,3,58535,0,0,58535
202510,202510,030,KRKUV,군산항,10,201425,0,0,201425
202510,202510,033,KRKUV,군산항,1,8966,0,0,8966
202510,202510,040,KRKUV,군산항,1,30435,0,0,30435
202510,202510,050,KRKUV,군산항,2,432367,0,0,432367
202510,202510,053,KRKUV,군산항,3,2257945,0,0,2257945
202510,202510,054,KRKUV,군산항,2,44820,0,0,44820
202510,202510,071,KRKUV,군산항,16,965591,0,0,965591
202510,202510,080,KRKUV,군산항,335,53726168,173117,270386723,-216660555
202510,202510,081,KRKUV,군산항,5,269247,5,216298,52949
202510,202510,082,KRKUV,군산항,53,17344932,29,812955,16531977
202510,202510,102,KRKUV,군산항,3,9754,0,0,9754
202510,202510,110,KRKUV,군산항,8,5212148,0,0,5212148
202510,202510,121,KRKUV,군산항,18,421291,0,0,421291
202510,202510,122,KRKUV,군산항,1,27739,0,0,27739
202510,202510,150,KRKUV,군산항,3,171503,0,0,171503
202510,202510,151,KRKUV,군산항,4,1440040,0,0,1440040
202510,202510,152,KRKUV,군산항,4,430427,0,0,430427
202510,202510,012,KRMAS,마산항,2,46909,0,0,46909
202510,202510,014,KRMAS,마산항,1,45110,0,0,45110
202510,202510,016,KRMAS,마산항,10,27074977,47,1985934,25089043
202510,202510,017,KRMAS,마산항,22,429051,80,3969498,-3540447
202510,202510,020,KRMAS,마산항,854,38151018,0,0,38151018
202510,202510,021,KRMAS,마산항,8,1335674,0,0,1335674
202510,202510,023,KRMAS,마산항,17,441945,0,0,441945
202510,202510,030,KRMAS,마산항,20,13238959,5,2883896,10355063
202510,202510,033,KRMAS,마산항,3,253220,0,0,253220
202510,202510,039,KRMAS,마산항,5,30829320,0,0,30829320
202510,202510,050,KRMAS,마산항,664,495198369,265,108810937,386387432
202510,202510,051,KRMAS,마산항,0,0,2,5983008,-5983008
202510,202510,053,KRMAS,마산항,221,215184302,2,1221094,213963208
202510,202510,054,KRMAS,마산항,1,1001172,0,0,1001172
202510,202510,056,KRMAS,마산항,7,757698,7,1360459,-602761
202510,202510,060,KRMAS,마산항,3,3715072,0,0,3715072
202510,202510,062,KRMAS,마산항,1,248922,0,0,248922
202510,202510,071,KRMAS,마산항,1,7883,0,0,7883
202510,202510,080,KRMAS,마산항,30,5367291,0,0,5367291
202510,202510,081,KRMAS,마산항,1,332500,0,0,332500
202510,202510,082,KRMAS,마산항,2,39945,0,0,39945
202510,202510,110,KRMAS,마산항,37,53175736,0,0,53175736
202510,202510,120,KRMAS,마산항,28,13775121,0,0,13775121
202510,202510,121,KRMAS,마산항,12,13640089,0,0,13640089
202510,202510,122,KRMAS,마산항,10,1390386,0,0,1390386
202510,202510,130,KRMAS,마산항,1,56488,0,0,56488
202510,202510,150,KRMAS,마산항,1,18400,0,0,18400
202510,202510,151,KRMAS,마산항,17,56640088,0,0,56640088
202510,202510,152,KRMAS,마산항,33,3957730,0,0,3957730
202510,202510,154,KRMAS,마산항,2,13497589,0,0,13497589
202510,202510,110,KRMIP,미포항,16,245939335,0,0,245939335
202510,202510,020,KRMOK,목포항,2,53274,0,0,53274
202510,202510,070,KRMOK,목포항,138,896917917,36,50578292,846339625
202510,202510,020,KRMUK,묵호항,7,312542,0,0,312542
202510,202510,100,KRMUK,묵호항,147,7805981,0,0,7805981
202510,202510,100,KROKK,옥계항,3,3273320,5,329647,2943673
202510,202510,051,KROKP,옥포항,28,3046794348,20,43843614,3002950734
202510,202510,030,KRONS,온산항,0,0,1,54,-54
202510,202510,110,KRONS,온산항,318,1027357571,15,893267728,134089843
202510,202510,010,KRPTK,평택항,17,144491,1,2546,141945
202510,202510,011,KRPTK,평택항,1,9438,0,0,9438
202510,202510,012,KRPTK,평택항,31,3679013,62,2345079,1333934
202510,202510,014,KRPTK,평택항,88,5756510,4,42043,5714467
202510,202510,016,KRPTK,평택항,5252,1688192218,207617,2620223089,-932030871
202510,202510,017,KRPTK,평택항,57,20560043,0,0,20560043
202510,202510,020,KRPTK,평택항,713,26951415,4374,32056122,-5104707
202510,202510,021,KRPTK,평택항,139,22464968,1424,72023924,-49558956
202510,202510,023,KRPTK,평택항,29,6397852,0,0,6397852
202510,202510,030,KRPTK,평택항,125,32346862,69,14080244,18266618
202510,202510,033,KRPTK,평택항,6,390770,0,0,390770
202510,202510,039,KRPTK,평택항,1,4438,8707,307709,-303271
202510,202510,040,KRPTK,평택항,4,284,10,262347,-262063
202510,202510,050,KRPTK,평택항,20,735986,0,0,735986
202510,202510,053,KRPTK,평택항,110,7158716,6,2717277,4441439
202510,202510,054,KRPTK,평택항,1,29190,0,0,29190
202510,202510,056,KRPTK,평택항,18,4494110,2,332413,4161697
202510,202510,060,KRPTK,평택항,2,47442,0,0,47442
202510,202510,062,KRPTK,평택항,3,313968,0,0,313968
202510,202510,071,KRPTK,평택항,18,1778645,1,257796,1520849
202510,202510,080,KRPTK,평택항,7,6662098,2,124620,6537478
202510,202510,081,KRPTK,평택항,29,1485953,0,0,1485953
202510,202510,082,KRPTK,평택항,24,2219646,1,46885,2172761
202510,202510,084,KRPTK,평택항,2,24108,0,0,24108
202510,202510,102,KRPTK,평택항,11,387306,2,10740,376566
202510,202510,110,KRPTK,평택항,4,112790,34,923420,-810630
202510,202510,120,KRPTK,평택항,69,8874669,0,0,8874669
202510,202510,121,KRPTK,평택항,234,83045845,6,344784,82701061
202510,202510,130,KRPTK,평택항,11,264287,0,0,264287
202510,202510,131,KRPTK,평택항,15,1950203,7,217932,1732271
202510,202510,140,KRPTK,평택항,0,0,1,500,-500
202510,202510,150,KRPTK,평택항,59,3125501,6,527033,2598468
202510,202510,151,KRPTK,평택항,263,43243575,18,582636,42660939
202510,202510,152,KRPTK,평택항,927,287020466,248,87867563,199152903
202510,202510,153,KRPTK,평택항,9,407439,2,688998,-281559
202510,202510,154,KRPTK,평택항,499,59468437,1,8,59468429
202510,202510,010,KRPUS,부산항,2023,28380040,110,3983389,24396651
202510,202510,011,KRPUS,부산항,362,10957420,0,0,10957420
202510,202510,012,KRPUS,부산항,2437,131052655,587,65864272,65188383
202510,202510,014,KRPUS,부산항,3611,237794799,54,9253366,228541433
202510,202510,016,KRPUS,부산항,3693,340857196,765,237365818,103491378
202510,202510,017,KRPUS,부산항,2459,116746494,121,7782988,108963506
202510,202510,020,KRPUS,부산항,11793,546229996,319,13038073,533191923
202510,202510,021,KRPUS,부산항,4122,372088502,679,107221138,264867364
202510,202510,023,KRPUS,부산항,2459,140442395,16,3483633,136958762
202510,202510,030,KRPUS,부산항,45586,3335525303,51190,4047852544,-712327241
202510,202510,033,KRPUS,부산항,3669,208056000,3111,91184813,116871187
202510,202510,037,KRPUS,부산항,0,0,19,33455,-33455
202510,202510,039,KRPUS,부산항,2243,137985964,68606,56807064,81178900
202510,202510,040,KRPUS,부산항,317,14626228,107,4388961,10237267
202510,202510,041,KRPUS,부산항,38,3742567,121,10046211,-6303644
202510,202510,050,KRPUS,부산항,1068,62760789,64,1187301,61573488
202510,202510,051,KRPUS,부산항,18,852870,119,14517109,-13664239
202510,202510,052,KRPUS,부산항,6,531526,0,0,531526
202510,202510,053,KRPUS,부산항,9524,441592671,750,33276201,408316470
202510,202510,054,KRPUS,부산항,21,588293,2,120932,467361
202510,202510,056,KRPUS,부산항,1246,122936745,119,15919571,107017174
202510,202510,060,KRPUS,부산항,1727,120355411,14,1363828,118991583
202510,202510,062,KRPUS,부산항,654,68319831,24,7421363,60898468
202510,202510,070,KRPUS,부산항,363,17902974,103,9454157,8448817
202510,202510,071,KRPUS,부산항,1125,101645789,109,7105919,94539870
202510,202510,080,KRPUS,부산항,891,103466042,51,3165251,100300791
202510,202510,081,KRPUS,부산항,723,92414998,45,2450046,89964952
202510,202510,082,KRPUS,부산항,1484,125977903,86,5002784,120975119
202510,202510,084,KRPUS,부산항,92,7364063,7,899643,6464420
202510,202510,090,KRPUS,부산항,65,971902,49,2487305,-1515403
202510,202510,100,KRPUS,부산항,59,2547238,4,201820,2345418
202510,202510,101,KRPUS,부산항,13,676162,44,1260723,-584561
202510,202510,102,KRPUS,부산항,619,32902254,45,771910,32130344
202510,202510,110,KRPUS,부산항,8316,943742102,733,65368316,878373786
202510,202510,120,KRPUS,부산항,7791,501812325,185,14765006,487047319
202510,202510,121,KRPUS,부산항,6156,558842061,563,33631125,525210936
202510,202510,122,KRPUS,부산항,2051,206891472,59,20767815,186123657
202510,202510,130,KRPUS,부산항,760,26511960,6,733019,25778941
202510,202510,131,KRPUS,부산항,1264,54569914,160,12096011,42473903
202510,202510,140,KRPUS,부산항,24,4735432,40,4785196,-49764
202510,202510,150,KRPUS,부산항,2886,222004904,81,165878131,56126773
202510,202510,151,KRPUS,부산항,3250,350604471,374,117414067,233190404
202510,202510,152,KRPUS,부산항,4443,421774654,309,48218392,373556262
202510,202510,153,KRPUS,부산항,2152,168340078,53,4616466,163723612
202510,202510,154,KRPUS,부산항,1285,131881708,9,224710,131656998
202510,202510,030,KRSCP,삼천포항,0,0,1,50,-50
202510,202510,052,KRSCP,삼천포항,0,0,16,75463341,-75463341
202510,202510,056,KRSCP,삼천포항,0,0,1,1645295,-1645295
202510,202510,062,KRSHG,포항신항,1,30324,0,0,30324
202510,202510,110,KRSHG,포항신항,0,0,5,7292736,-7292736
202510,202510,122,KRSHG,포항신항,52,15474136,103,332903248,-317429112
202510,202510,152,KRSHG,포항신항,1,90905,0,0,90905
202510,202510,014,KRSHO,속초항,23,898776,0,0,898776
202510,202510,020,KRSHO,속초항,677,24074164,0,0,24074164
202510,202510,023,KRSHO,속초항,1,18089,0,0,18089
202510,202510,030,KRSHO,속초항,2,44965,0,0,44965
202510,202510,053,KRSHO,속초항,6,235793,0,0,235793
202510,202510,060,KRSHO,속초항,2,179886,0,0,179886
202510,202510,100,KRSHO,속초항,1,37884,0,0,37884
202510,202510,101,KRSHO,속초항,209,8239905,4,3049335,5190570
202510,202510,020,KRSUK,삼척항,1,7022,0,0,7022
202510,202510,152,KRTAN,태안항,0,0,2,225,-225
202510,202510,154,KRTAN,태안항,0,0,11,90578967,-90578967
202510,202510,010,KRTGH,동해항,23,254853,0,0,254853
202510,202510,012,KRTGH,동해항,3,69778,0,0,69778
202510,202510,014,KRTGH,동해항,4,102760,0,0,102760
202510,202510,016,KRTGH,동해항,0,0,1,90,-90
202510,202510,017,KRTGH,동해항,9,154232,0,0,154232
202510,202510,020,KRTGH,동해항,531,18741540,1,11481,18730059
202510,202510,021,KRTGH,동해항,1,45512,0,0,45512
202510,202510,023,KRTGH,동해항,47,1625134,0,0,1625134
202510,202510,030,KRTGH,동해항,7,72179,0,0,72179
202510,202510,050,KRTGH,동해항,1,16794919,0,0,16794919
202510,202510,100,KRTGH,동해항,597,33224455,147,128107129,-94882674
202510,202510,101,KRTGH,동해항,0,0,2,91854,-91854
202510,202510,110,KRTGH,동해항,1,14740,0,0,14740
202510,202510,130,KRTGH,동해항,1,25599,0,0,25599
202510,202510,131,KRTGH,동해항,7,702935,0,0,702935
202510,202510,140,KRTGH,동해항,0,0,3,620,-620
202510,202510,151,KRTGH,동해항,245,8611845,0,0,8611845
202510,202510,154,KRTGH,동해항,1,71332,0,0,71332
202510,202510,016,KRTJI,당진항,3,7988704,59,244498836,-236510132
202510,202510,020,KRTJI,당진항,47,7063175,0,0,7063175
202510,202510,023,KRTJI,당진항,2,868858,0,0,868858
202510,202510,039,KRTJI,당진항,4,708819,0,0,708819
202510,202510,053,KRTJI,당진항,3,603000,0,0,603000
202510,202510,060,KRTJI,당진항,27,2628452,0,0,2628452
202510,202510,062,KRTJI,당진항,1,105721,0,0,105721
202510,202510,080,KRTJI,당진항,13,2686319,0,0,2686319
202510,202510,110,KRTJI,당진항,32,2578821,0,0,2578821
202510,202510,122,KRTJI,당진항,4,1263387,0,0,1263387
202510,202510,152,KRTJI,당진항,519,187372103,1,79323,187292780
202510,202510,154,KRTJI,당진항,0,0,13,121661145,-121661145
202510,202510,016,KRTSN,대산항,0,0,1,15,-15
202510,202510,152,KRTSN,대산항,0,0,4,120,-120
202510,202510,154,KRTSN,대산항,468,998669001,162,2085228023,-1086559022
202510,202510,030,KRTYG,통영항,7,91006,0,0,91006
202510,202510,039,KRTYG,통영항,2,27450,0,0,27450
202510,202510,054,KRTYG,통영항,10,21411800,258,33524584,-12112784
202510,202510,110,KRTYG,통영항,1,185,0,0,185
202510,202510,140,KRTYG,통영항,0,0,3,2960,-2960
202510,202510,014,KRUSN,울산항,1,185082,0,0,185082
202510,202510,017,KRUSN,울산항,4,1172810,0,0,1172810
202510,202510,020,KRUSN,울산항,3,625246,0,0,625246
202510,202510,023,KRUSN,울산항,1,623163,0,0,623163
202510,202510,030,KRUSN,울산항,2,34589,4,693,33896
202510,202510,033,KRUSN,울산항,1,155930,0,0,155930
202510,202510,039,KRUSN,울산항,1,3256491,0,0,3256491
202510,202510,050,KRUSN,울산항,4,1942125,0,0,1942125
202510,202510,053,KRUSN,울산항,5,1852149,0,0,1852149
202510,202510,060,KRUSN,울산항,9,5512839,2,5092346,420493
202510,202510,070,KRUSN,울산항,3,1954657,0,0,1954657
202510,202510,080,KRUSN,울산항,15,3692949,0,0,3692949
202510,202510,082,KRUSN,울산항,3,427037,0,0,427037
202510,202510,110,KRUSN,울산항,5283,3552041258,2326,4542350255,-990308997
202510,202510,120,KRUSN,울산항,20,4103236,0,0,4103236
202510,202510,122,KRUSN,울산항,9,658749,0,0,658749
202510,202510,152,KRUSN,울산항,2,305572,0,0,305572
202510,202510,154,KRUSN,울산항,1,53832,0,0,53832
202510,202510,122,KRYMH,영일만항,1,13910,34,7193345,-7179435
202510,202510,060,KRYOC,여천항,0,0,104,1305846868,-1305846868
202510,202510,010,KRYOS,여수항,1,67000,0,0,67000
202510,202510,030,KRYOS,여수항,3,328487,8,4574,323913
202510,202510,060,KRYOS,여수항,372,1419278413,251,1549477386,-130198973
202510,202510,062,KRYOS,여수항,3,214435,0,0,214435
202510,202510,140,KRYOS,여수항,0,0,1,2450,-2450
202510,202510,152,KRYOS,여수항,5,482487,0,0,482487
202510,202510,010,KRZZZ,기타불개항,34,35175871,0,0,35175871
202510,202510,012,KRZZZ,기타불개항,0,0,2,28207,-28207
202510,202510,016,KRZZZ,기타불개항,0,0,1,152,-152
202510,202510,020,KRZZZ,기타불개항,0,0,27,7395485,-7395485
202510,202510,030,KRZZZ,기타불개항,1,49600,0,0,49600
202510,202510,040,KRZZZ,기타불개항,0,0,2,5716,-5716
202510,202510,051,KRZZZ,기타불개항,1,579691,1,96452,483239
202510,202510,054,KRZZZ,기타불개항,4,4913,10,338723487,-338718574
202510,202510,062,KRZZZ,기타불개항,0,0,8,56246569,-56246569
202510,202510,070,KRZZZ,기타불개항,5,455450,5,1137348,-681898
202510,202510,080,KRZZZ,기타불개항,2,3939,0,0,3939
202510,202510,081,KRZZZ,기타불개항,6,3712,0,0,3712
202510,202510,082,KRZZZ,기타불개항,5,3000,0,0,3000
202510,202510,084,KRZZZ,기타불개항,0,0,1,31601046,-31601046
202510,202510,090,KRZZZ,기타불개항,2,271148,0,0,271148
202510,202510,100,KRZZZ,기타불개항,2,564,2,57598003,-57597439
202510,202510,121,KRZZZ,기타불개항,0,0,1,108000,-108000
202510,202510,080,KUV,군산공항,1,2294,0,0,2294
202510,202510,012,PUS,김해국제공항,1,1656,0,0,1656
202510,202510,016,PUS,김해국제공항,1,186,4,19574,-19388
202510,202510,017,PUS,김해국제공항,0,0,28,1423934,-1423934
202510,202510,020,PUS,김해국제공항,1,3600,0,0,3600
202510,202510,021,PUS,김해국제공항,3,58591,0,0,58591
202510,202510,023,PUS,김해국제공항,4,280885,0,0,280885
202510,202510,030,PUS,김해국제공항,425,10713135,113,84384,10628751
202510,202510,033,PUS,김해국제공항,45,567042,1,1622,565420
202510,202510,039,PUS,김해국제공항,71,386826,1,115,386711
202510,202510,040,PUS,김해국제공항,33,332427,21,1836762,-1504335
202510,202510,050,PUS,김해국제공항,58,11463444,3,15986,11447458
202510,202510,051,PUS,김해국제공항,2,2684,1,1908,776
202510,202510,053,PUS,김해국제공항,80,677949,1,448,677501
202510,202510,056,PUS,김해국제공항,11,1686163,23,1197229,488934
202510,202510,060,PUS,김해국제공항,3,260424,0,0,260424
202510,202510,082,PUS,김해국제공항,1,4378,0,0,4378
202510,202510,090,PUS,김해국제공항,1,900,0,0,900
202510,202510,110,PUS,김해국제공항,10,1758,0,0,1758
202510,202510,120,PUS,김해국제공항,11,209942,0,0,209942
202510,202510,121,PUS,김해국제공항,5,444691,33,21338806,-20894115
202510,202510,122,PUS,김해국제공항,2,1732,0,0,1732
202510,202510,131,PUS,김해국제공항,1,3753,0,0,3753
202510,202510,140,PUS,김해국제공항,241,1526308,1200,13692094,-12165786
202510,202510,151,PUS,김해국제공항,3,246766,5,1701709,-1454943
202510,202510,012,SSN,성남공항,0,0,1,19703,-19703
202510,202510,120,TAE,대구국제공항,6,60152,55,196692,-136540
202510,202510,010,ZZZZZ,기타항,1,702,0,0,702
202510,202510,012,ZZZZZ,기타항,3,14040,0,0,14040
202510,202510,017,ZZZZZ,기타항,1,196,0,0,196
202510,202510,039,ZZZZZ,기타항,2,694,0,0,694
202510,202510,120,ZZZZZ,기타항,3,6223,0,0,6223
202510,202510,150,ZZZZZ,기타항,1,1400,0,0,1400
202510,총계,,-,-,1040160,59511474723,4655160,53510827001,6000647722
202511,202511,010,010,서울세관,36,1505,1,16867,-15362
202511,202511,040,010,서울세관,2,27114,0,0,27114
202511,202511,130,010,서울세관,8,610,0,0,610
202511,202511,152,010,서울세관,1,623935,0,0,623935
202511,202511,011,037,부산국제우편세관,1,2017,0,0,2017
202511,202511,021,037,부산국제우편세관,13,1388,0,0,1388
202511,202511,023,037,부산국제우편세관,2,28358,0,0,28358
202511,202511,030,037,부산국제우편세관,7,15250,0,0,15250
202511,202511,033,037,부산국제우편세관,11,15923,0,0,15923
202511,202511,037,037,부산국제우편세관,1,9535,23,30609,-21074
202511,202511,039,037,부산국제우편세관,1,2933,0,0,2933
202511,202511,040,037,부산국제우편세관,0,0,2,1148,-1148
202511,202511,050,037,부산국제우편세관,6,8796,0,0,8796
202511,202511,051,037,부산국제우편세관,1,45,0,0,45
202511,202511,053,037,부산국제우편세관,1,523,0,0,523
202511,202511,082,037,부산국제우편세관,16,1416,0,0,1416
202511,202511,040,040,인천공항세관,1,52000,15,54570,-2570
202511,202511,121,CJJ,청주국제공항,1,9090,0,0,9090
202511,202511,150,CJJ,청주국제공항,3,8924,0,0,8924
202511,202511,151,CJJ,청주국제공항,0,0,91,30890036,-30890036
202511,202511,090,CJU,제주국제공항,3,8395,203,766033,-757638
202511,202511,010,GMP,김포국제공항,10,693039,0,0,693039
202511,202511,011,GMP,김포국제공항,1,600,0,0,600
202511,202511,012,GMP,김포국제공항,4,289261,0,0,289261
202511,202511,014,GMP,김포국제공항,1,9075,0,0,9075
202511,202511,016,GMP,김포국제공항,2,89813,0,0,89813
202511,202511,017,GMP,김포국제공항,4,20656,0,0,20656
202511,202511,020,GMP,김포국제공항,18,59618,0,0,59618
202511,202511,021,GMP,김포국제공항,3,15965,0,0,15965
202511,202511,023,GMP,김포국제공항,226,2358017,0,0,2358017
202511,202511,040,GMP,김포국제공항,2992,880263,5,193590,686673
202511,202511,041,GMP,김포국제공항,199,773254,1454,1306342,-533088
202511,202511,071,GMP,김포국제공항,12,9948,0,0,9948
202511,202511,100,GMP,김포국제공항,1,4350,0,0,4350
202511,202511,120,GMP,김포국제공항,7,1335210,0,0,1335210
202511,202511,130,GMP,김포국제공항,1958,112427,0,0,112427
202511,202511,131,GMP,김포국제공항,7,357249,0,0,357249
202511,202511,056,HIN,진주(사천)공항,1,54382445,0,0,54382445
202511,202511,010,ICN,인천국제공항,34294,646153071,2001,116199594,529953477
202511,202511,011,ICN,인천국제공항,2531,7984101,1,3482,7980619
202511,202511,012,ICN,인천국제공항,13648,2640756542,1559,767896073,1872860469
202511,202511,014,ICN,인천국제공항,9391,181375773,263,36901309,144474464
202511,202511,016,ICN,인천국제공항,6247,2432445368,4725,580482977,1851962391
202511,202511,017,ICN,인천국제공항,36033,318035909,3400,197448288,120587621
202511,202511,020,ICN,인천국제공항,27604,1331961639,3637,1200048121,131913518
202511,202511,021,ICN,인천국제공항,15889,2051966992,7415,636036560,1415930432
202511,202511,023,ICN,인천국제공항,31694,353765337,1127,174700353,179064984
202511,202511,030,ICN,인천국제공항,8466,129676512,1104,84858346,44818166
202511,202511,033,ICN,인천국제공항,425,6781339,8,37335,6744004
202511,202511,037,ICN,인천국제공항,0,0,3,856,-856
202511,202511,039,ICN,인천국제공항,3247,11257599,232,21257048,-9999449
202511,202511,040,ICN,인천국제공항,527934,7898607942,3602404,10653021686,-2754413744
202511,202511,041,ICN,인천국제공항,22943,32134713,2543,195993918,-163859205
202511,202511,050,ICN,인천국제공항,522,10052000,73,5461191,4590809
202511,202511,051,ICN,인천국제공항,10,463505,216,17513478,-17049973
202511,202511,052,ICN,인천국제공항,2,4170,1,800,3370
202511,202511,053,ICN,인천국제공항,5635,87258952,1746,102137728,-14878776
202511,202511,054,ICN,인천국제공항,25,76658,8,1322927,-1246269
202511,202511,056,ICN,인천국제공항,1404,49391992,1168,70019301,-20627309
202511,202511,060,ICN,인천국제공항,173,2218635,6,300475,1918160
202511,202511,062,ICN,인천국제공항,16,61172,27,224351,-163179
202511,202511,070,ICN,인천국제공항,96,1009332,37,247358,761974
202511,202511,071,ICN,인천국제공항,3315,293628878,2228,592845113,-299216235
202511,202511,080,ICN,인천국제공항,145,8192781,14,1178381,7014400
202511,202511,081,ICN,인천국제공항,526,23323346,100,1410848,21912498
202511,202511,082,ICN,인천국제공항,690,6422436,35,949598,5472838
202511,202511,084,ICN,인천국제공항,14,70414,0,0,70414
202511,202511,090,ICN,인천국제공항,126,139060,112,4133326,-3994266
202511,202511,100,ICN,인천국제공항,117,2262451,7,941391,1321060
202511,202511,101,ICN,인천국제공항,12,287101,0,0,287101
202511,202511,102,ICN,인천국제공항,855,35291569,5,51560,35240009
202511,202511,110,ICN,인천국제공항,822,31512533,996,37823844,-6311311
202511,202511,120,ICN,인천국제공항,4846,119815674,297,25098528,94717146
202511,202511,121,ICN,인천국제공항,13901,1824568167,6131,1292405483,532162684
202511,202511,122,ICN,인천국제공항,356,5069939,51,688997,4380942
202511,202511,130,ICN,인천국제공항,19482,117195962,270,11903352,105292610
202511,202511,131,ICN,인천국제공항,5583,74891409,125,2773405,72118004
202511,202511,140,ICN,인천국제공항,242,3055596,1013,28255238,-25199642
202511,202511,150,ICN,인천국제공항,3126,89744320,210,7382838,82361482
202511,202511,151,ICN,인천국제공항,8184,1855963146,1302,446402053,1409561093
202511,202511,152,ICN,인천국제공항,9672,4055787011,2712,807900992,3247886019
202511,202511,153,ICN,인천국제공항,1621,40426821,72,2446547,37980274
202511,202511,154,ICN,인천국제공항,116,1934264,14,212936,1721328
202511,202511,041,KPO,포항공항,0,0,1,2325,-2325
202511,202511,122,KPO,포항공항,0,0,2,13152,-13152
202511,202511,010,KRBNP,부산신항,68,1070781,487,23802514,-22731733
202511,202511,011,KRBNP,부산신항,93,3500636,0,0,3500636
202511,202511,012,KRBNP,부산신항,336,9213625,4594,322809379,-313595754
202511,202511,014,KRBNP,부산신항,579,30685622,272,14820147,15865475
202511,202511,016,KRBNP,부산신항,524,66196733,1739,116866691,-50669958
202511,202511,017,KRBNP,부산신항,557,25553073,48,2043600,23509473
202511,202511,020,KRBNP,부산신항,941,41299897,583,24183571,17116326
202511,202511,021,KRBNP,부산신항,789,44580610,3215,248688676,-204108066
202511,202511,023,KRBNP,부산신항,375,16705811,72,10685443,6020368
202511,202511,030,KRBNP,부산신항,19744,1694008882,36823,4078158878,-2384149996
202511,202511,033,KRBNP,부산신항,731,59192730,1448,82661754,-23469024
202511,202511,039,KRBNP,부산신항,244,20621101,220,16119095,4502006
202511,202511,040,KRBNP,부산신항,26,567045,368,18390909,-17823864
202511,202511,041,KRBNP,부산신항,10,212738,705,32451564,-32238826
202511,202511,050,KRBNP,부산신항,286,31934541,87,1158320,30776221
202511,202511,051,KRBNP,부산신항,3,551776,81,148638983,-148087207
202511,202511,052,KRBNP,부산신항,0,0,1,42000,-42000
202511,202511,053,KRBNP,부산신항,12897,361104022,819,56191652,304912370
202511,202511,054,KRBNP,부산신항,8,602995,8,2280089,-1677094
202511,202511,056,KRBNP,부산신항,331,23979952,186,32228218,-8248266
202511,202511,060,KRBNP,부산신항,2569,207238769,10,3633679,203605090
202511,202511,062,KRBNP,부산신항,523,37627557,30,28177156,9450401
202511,202511,070,KRBNP,부산신항,59,3391627,68,25178941,-21787314
202511,202511,071,KRBNP,부산신항,1242,48335810,33,3411917,44923893
202511,202511,080,KRBNP,부산신항,141,8953743,52,5170634,3783109
202511,202511,081,KRBNP,부산신항,61,3457333,22,6996120,-3538787
202511,202511,082,KRBNP,부산신항,122,7049718,55,3126748,3922970
202511,202511,084,KRBNP,부산신항,80,5456453,0,0,5456453
202511,202511,090,KRBNP,부산신항,18,247586,79,1413656,-1166070
202511,202511,100,KRBNP,부산신항,32,5405797,0,0,5405797
202511,202511,101,KRBNP,부산신항,12,903640,0,0,903640
202511,202511,102,KRBNP,부산신항,111,9715054,37,958748,8756306
202511,202511,110,KRBNP,부산신항,2835,484862362,985,307981512,176880850
202511,202511,120,KRBNP,부산신항,1404,83436320,103,12741170,70695150
202511,202511,121,KRBNP,부산신항,1183,67654937,158,31054058,36600879
202511,202511,122,KRBNP,부산신항,394,31503866,55,20822838,10681028
202511,202511,130,KRBNP,부산신항,85,2815872,41,2182587,633285
202511,202511,131,KRBNP,부산신항,257,15117238,797,92662552,-77545314
202511,202511,140,KRBNP,부산신항,194,24070649,33,2450047,21620602
202511,202511,150,KRBNP,부산신항,423,29923975,25,8856722,21067253
202511,202511,151,KRBNP,부산신항,357,40054480,281,29655324,10399156
202511,202511,152,KRBNP,부산신항,1018,57049375,261,25552614,31496761
202511,202511,153,KRBNP,부산신항,342,21951962,43,3008709,18943253
202511,202511,154,KRBNP,부산신항,507,30836622,6,1188730,29647892
202511,202511,016,KRBOR,보령항,0,0,1,4,-4
202511,202511,030,KRBOR,보령항,0,0,2,3316,-3316
202511,202511,084,KRBOR,보령항,1,845,17,287510282,-287509437
202511,202511,152,KRBOR,보령항,0,0,2,50,-50
202511,202511,090,KRCHA,제주항,2,43731,22,487202,-443471
202511,202511,020,KRCHF,진해항,318,13737299,0,0,13737299
202511,202511,023,KRCHF,진해항,1,25348,0,0,25348
202511,202511,030,KRCHF,진해항,6,46202466,0,0,46202466
202511,202511,053,KRCHF,진해항,68,6492866,10,5427978,1064888
202511,202511,060,KRCHF,진해항,1,22715,0,0,22715
202511,202511,110,KRCHF,진해항,5,192308,0,0,192308
202511,202511,130,KRCHF,진해항,1,14250,0,0,14250
202511,202511,151,KRCHF,진해항,1,695400,0,0,695400
202511,202511,080,KRCHG,장항항,2,982116,7,5343933,-4361817
202511,202511,070,KRDBL,대불항,1,710465,0,0,710465
202511,202511,080,KRDBL,대불항,15,1341152,0,0,1341152
202511,202511,152,KRDBL,대불항,1,200026,0,0,200026
202511,202511,153,KRDBL,대불항,1,2451926,0,0,2451926
202511,202511,010,KRGIN,경인항,0,0,1,6833,-6833
202511,202511,011,KRGIN,경인항,1,75491,0,0,75491
202511,202511,012,KRGIN,경인항,1,59765,3,7378,52387
202511,202511,016,KRGIN,경인항,0,0,2,39050,-39050
202511,202511,017,KRGIN,경인항,4,168516,0,0,168516
202511,202511,020,KRGIN,경인항,650,4532453,709,28005627,-23473174
202511,202511,021,KRGIN,경인항,1,109761,3,70568,39193
202511,202511,023,KRGIN,경인항,1,652697,0,0,652697
202511,202511,040,KRGIN,경인항,0,0,3,95365,-95365
202511,202511,041,KRGIN,경인항,0,0,11,476578,-476578
202511,202511,053,KRGIN,경인항,0,0,14,144842,-144842
202511,202511,152,KRGIN,경인항,2,217113,0,0,217113
202511,202511,100,KRHSA,호산항,0,0,4,22756983,-22756983
202511,202511,010,KRINC,인천항,1191,32565612,432,8271065,24294547
202511,202511,011,KRINC,인천항,145,4747048,0,0,4747048
202511,202511,012,KRINC,인천항,782,43037771,797,44680142,-1642371
202511,202511,014,KRINC,인천항,1745,111313217,127,8863329,102449888
202511,202511,016,KRINC,인천항,1070,131998917,510,30893795,101105122
202511,202511,017,KRINC,인천항,1466,130568344,176,7392442,123175902
202511,202511,020,KRINC,인천항,60754,1870576573,564315,6135236621,-4264660048
202511,202511,021,KRINC,인천항,2058,98415469,267,17291417,81124052
202511,202511,023,KRINC,인천항,1970,99190485,50,3105970,96084515
202511,202511,030,KRINC,인천항,296,27569450,62,3999658,23569792
202511,202511,033,KRINC,인천항,77,2173384,28,636719,1536665
202511,202511,039,KRINC,인천항,307,1983943,12,1055160,928783
202511,202511,040,KRINC,인천항,309,59369921,475,34092184,25277737
202511,202511,041,KRINC,인천항,51,1783320,321,27266418,-25483098
202511,202511,050,KRINC,인천항,26,1625103,4,107915,1517188
202511,202511,053,KRINC,인천항,303,12627317,37,1632053,10995264
202511,202511,056,KRINC,인천항,15,158969,0,0,158969
202511,202511,060,KRINC,인천항,42,1749397,0,0,1749397
202511,202511,062,KRINC,인천항,33,515704,0,0,515704
202511,202511,070,KRINC,인천항,12,729430,3,62236,667194
202511,202511,071,KRINC,인천항,91,3118549,18,1548592,1569957
202511,202511,080,KRINC,인천항,42,7441052,0,0,7441052
202511,202511,081,KRINC,인천항,69,2052996,42,1134219,918777
202511,202511,082,KRINC,인천항,90,2471477,36,300733,2170744
202511,202511,084,KRINC,인천항,18,361590,0,0,361590
202511,202511,090,KRINC,인천항,2,26483,12,287788,-261305
202511,202511,100,KRINC,인천항,17,2892277,0,0,2892277
202511,202511,101,KRINC,인천항,2,17336,1,36093,-18757
202511,202511,102,KRINC,인천항,102,4957893,37,320552,4637341
202511,202511,110,KRINC,인천항,99,30096216,22,691334,29404882
202511,202511,120,KRINC,인천항,400,13493313,27,676867,12816446
202511,202511,121,KRINC,인천항,243,32373111,66,1465183,30907928
202511,202511,122,KRINC,인천항,72,19191371,0,0,19191371
202511,202511,130,KRINC,인천항,528,18834440,86,1743671,17090769
202511,202511,131,KRINC,인천항,547,23541505,115,10267600,13273905
202511,202511,150,KRINC,인천항,290,24415513,16,358175,24057338
202511,202511,151,KRINC,인천항,415,25731147,81,34272806,-8541659
202511,202511,152,KRINC,인천항,1152,215318191,317,14099469,201218722
202511,202511,153,KRINC,인천항,190,9688466,11,146039,9542427
202511,202511,154,KRINC,인천항,840,71269940,0,0,71269940
202511,202511,010,KRKAN,광양항,3,116361,0,0,116361
202511,202511,011,KRKAN,광양항,1,38284,0,0,38284
202511,202511,012,KRKAN,광양항,12,354320,2,61789,292531
202511,202511,014,KRKAN,광양항,38,3723542,2,159482,3564060
202511,202511,016,KRKAN,광양항,36,2284174,2,129962,2154212
202511,202511,017,KRKAN,광양항,4,101430,0,0,101430
202511,202511,020,KRKAN,광양항,83,2630180,0,0,2630180
202511,202511,021,KRKAN,광양항,26,1715843,0,0,1715843
202511,202511,023,KRKAN,광양항,8,354569,0,0,354569
202511,202511,030,KRKAN,광양항,27,1366202,13,113071,1253131
202511,202511,033,KRKAN,광양항,15,414882,0,0,414882
202511,202511,039,KRKAN,광양항,1,19498,1,300,19198
202511,202511,040,KRKAN,광양항,1,239820,0,0,239820
202511,202511,041,KRKAN,광양항,1,709232,0,0,709232
202511,202511,050,KRKAN,광양항,1,184280,0,0,184280
202511,202511,051,KRKAN,광양항,0,0,8,5955473,-5955473
202511,202511,052,KRKAN,광양항,0,0,6,263207,-263207
202511,202511,053,KRKAN,광양항,12,19809115,0,0,19809115
202511,202511,056,KRKAN,광양항,35,1587127,0,0,1587127
202511,202511,060,KRKAN,광양항,4329,395396648,11,738309,394658339
202511,202511,062,KRKAN,광양항,6489,1150502685,6124,1315388465,-164885780
202511,202511,070,KRKAN,광양항,147,9541559,12,1553523,7988036
202511,202511,071,KRKAN,광양항,1715,76542946,11,1414355,75128591
202511,202511,080,KRKAN,광양항,328,27774201,21,1208034,26566167
202511,202511,081,KRKAN,광양항,264,13775276,18,30094259,-16318983
202511,202511,082,KRKAN,광양항,351,34438318,39,2132138,32306180
202511,202511,084,KRKAN,광양항,17,1269453,0,0,1269453
202511,202511,102,KRKAN,광양항,2,101368,0,0,101368
202511,202511,110,KRKAN,광양항,10,668303,1,274,668029
202511,202511,120,KRKAN,광양항,46,16424855,0,0,16424855
202511,202511,121,KRKAN,광양항,59,3975154,0,0,3975154
202511,202511,122,KRKAN,광양항,62,6141678,0,0,6141678
202511,202511,130,KRKAN,광양항,1,62380,0,0,62380
202511,202511,131,KRKAN,광양항,0,0,3,106073,-106073
202511,202511,150,KRKAN,광양항,112,4543904,0,0,4543904
202511,202511,151,KRKAN,광양항,20,1465087,0,0,1465087
202511,202511,152,KRKAN,광양항,98,27056664,0,0,27056664
202511,202511,153,KRKAN,광양항,2,875805,4,126212,749593
202511,202511,154,KRKAN,광양항,293,26397158,0,0,26397158
202511,202511,012,KRKCN,감천항,0,0,2,237054,-237054
202511,202511,016,KRKCN,감천항,0,0,4,236370,-236370
202511,202511,020,KRKCN,감천항,534,21273052,0,0,21273052
202511,202511,021,KRKCN,감천항,2,2000,1,82448,-80448
202511,202511,023,KRKCN,감천항,2,2000,0,0,2000
202511,202511,030,KRKCN,감천항,718,33856083,808,134662023,-100805940
202511,202511,050,KRKCN,감천항,1,9482,0,0,9482
202511,202511,052,KRKCN,감천항,11,140596,0,0,140596
202511,202511,053,KRKCN,감천항,6,129386,2,14627,114759
202511,202511,056,KRKCN,감천항,0,0,9,3273491,-3273491
202511,202511,062,KRKCN,감천항,0,0,1,272215,-272215
202511,202511,080,KRKCN,감천항,0,0,1,176183,-176183
202511,202511,100,KRKCN,감천항,1,82096,0,0,82096
202511,202511,110,KRKCN,감천항,5,113776,3,341020,-227244
202511,202511,120,KRKCN,감천항,0,0,4,143226,-143226
202511,202511,130,KRKCN,감천항,3,27000,0,0,27000
202511,202511,131,KRKCN,감천항,0,0,5,1586546,-1586546
202511,202511,150,KRKCN,감천항,4,4000,0,0,4000
202511,202511,152,KRKCN,감천항,10,503444,0,0,503444
202511,202511,051,KRKHN,고현항,52,10907268,34,33549416,-22642148
202511,202511,030,KRKPO,포항항,0,0,3,172,-172
202511,202511,039,KRKPO,포항항,0,0,2,680,-680
202511,202511,053,KRKPO,포항항,11,2751097,0,0,2751097
202511,202511,060,KRKPO,포항항,2,182629,0,0,182629
202511,202511,062,KRKPO,포항항,19,2201132,0,0,2201132
202511,202511,070,KRKPO,포항항,3,867730,0,0,867730
202511,202511,080,KRKPO,포항항,9,1447398,1,21089,1426309
202511,202511,122,KRKPO,포항항,1344,380423053,217,134661520,245761533
202511,202511,152,KRKPO,포항항,4,2512259,0,0,2512259
202511,202511,016,KRKUV,군산항,3,84345,0,0,84345
202511,202511,020,KRKUV,군산항,18,4056509,6123,32953959,-28897450
202511,202511,023,KRKUV,군산항,4,68958,0,0,68958
202511,202511,030,KRKUV,군산항,5,219012,2,22250,196762
202511,202511,033,KRKUV,군산항,1,8806,0,0,8806
202511,202511,039,KRKUV,군산항,0,0,1,100,-100
202511,202511,041,KRKUV,군산항,0,0,1,105,-105
202511,202511,050,KRKUV,군산항,1,223300,0,0,223300
202511,202511,054,KRKUV,군산항,3,139569,1,10585,128984
202511,202511,062,KRKUV,군산항,2,69360,0,0,69360
202511,202511,070,KRKUV,군산항,1,485760,0,0,485760
202511,202511,071,KRKUV,군산항,14,1083424,1,71866,1011558
202511,202511,080,KRKUV,군산항,428,69275301,111661,227588375,-158313074
202511,202511,081,KRKUV,군산항,4,328154,6,289273,38881
202511,202511,082,KRKUV,군산항,50,14281587,26,928155,13353432
202511,202511,084,KRKUV,군산항,1,135220,0,0,135220
202511,202511,102,KRKUV,군산항,4,12244,0,0,12244
202511,202511,110,KRKUV,군산항,3,982247,0,0,982247
202511,202511,121,KRKUV,군산항,20,466441,0,0,466441
202511,202511,122,KRKUV,군산항,2,39340,0,0,39340
202511,202511,150,KRKUV,군산항,4,188186,0,0,188186
202511,202511,152,KRKUV,군산항,6,6012107,0,0,6012107
202511,202511,010,KRMAS,마산항,1,15000,0,0,15000
202511,202511,012,KRMAS,마산항,1,71450,0,0,71450
202511,202511,014,KRMAS,마산항,6,2114803,0,0,2114803
202511,202511,016,KRMAS,마산항,6,26160132,147,4532161,21627971
202511,202511,017,KRMAS,마산항,22,862199,106,5573537,-4711338
202511,202511,020,KRMAS,마산항,1127,41528600,0,0,41528600
202511,202511,021,KRMAS,마산항,12,6664627,0,0,6664627
202511,202511,023,KRMAS,마산항,17,4443984,0,0,4443984
202511,202511,030,KRMAS,마산항,87,26039355,7,3855011,22184344
202511,202511,033,KRMAS,마산항,3,242030,0,0,242030
202511,202511,039,KRMAS,마산항,9,39621225,0,0,39621225
202511,202511,050,KRMAS,마산항,647,682104892,253,113394669,568710223
202511,202511,051,KRMAS,마산항,0,0,18,21592107,-21592107
202511,202511,053,KRMAS,마산항,314,391968438,0,0,391968438
202511,202511,056,KRMAS,마산항,7,951780,3,595693,356087
202511,202511,060,KRMAS,마산항,1,111600,0,0,111600
202511,202511,070,KRMAS,마산항,1,146034,0,0,146034
202511,202511,071,KRMAS,마산항,2,36625,0,0,36625
202511,202511,080,KRMAS,마산항,23,9366066,0,0,9366066
202511,202511,101,KRMAS,마산항,2,46000,0,0,46000
202511,202511,102,KRMAS,마산항,1,296117,0,0,296117
202511,202511,110,KRMAS,마산항,46,91431860,0,0,91431860
202511,202511,120,KRMAS,마산항,23,2167563,1,544784,1622779
202511,202511,121,KRMAS,마산항,8,12690189,0,0,12690189
202511,202511,122,KRMAS,마산항,15,1676591,0,0,1676591
202511,202511,130,KRMAS,마산항,5,120800,0,0,120800
202511,202511,150,KRMAS,마산항,1,3763,0,0,3763
202511,202511,151,KRMAS,마산항,10,80770901,0,0,80770901
202511,202511,152,KRMAS,마산항,36,9073520,0,0,9073520
202511,202511,153,KRMAS,마산항,1,773996,0,0,773996
202511,202511,154,KRMAS,마산항,5,7239748,0,0,7239748
202511,202511,110,KRMIP,미포항,30,329039716,0,0,329039716
202511,202511,070,KRMOK,목포항,161,1164225867,29,26225121,1138000746
202511,202511,080,KRMOK,목포항,9,788739,0,0,788739
202511,202511,020,KRMUK,묵호항,4,293949,0,0,293949
202511,202511,100,KRMUK,묵호항,15,1110186,0,0,1110186
202511,202511,100,KROKK,옥계항,3,3442625,28,5911920,-2469295
202511,202511,051,KROKP,옥포항,23,773240806,33,43438000,729802806
202511,202511,110,KRONS,온산항,331,943903191,14,718587432,225315759
202511,202511,010,KRPTK,평택항,7,18420,4,63283,-44863
202511,202511,011,KRPTK,평택항,1,14910,0,0,14910
202511,202511,012,KRPTK,평택항,35,5533580,88,3014461,2519119
202511,202511,014,KRPTK,평택항,87,5164325,3,34171,5130154
202511,202511,016,KRPTK,평택항,5732,1982553728,323476,2748983203,-766429475
202511,202511,017,KRPTK,평택항,80,23642308,1,10491,23631817
202511,202511,020,KRPTK,평택항,920,36892205,9826,42317132,-5424927
202511,202511,021,KRPTK,평택항,130,16681661,2638,144889399,-128207738
202511,202511,023,KRPTK,평택항,35,5047744,1,89578,4958166
202511,202511,030,KRPTK,평택항,105,21604029,57,12489885,9114144
202511,202511,033,KRPTK,평택항,3,305236,0,0,305236
202511,202511,039,KRPTK,평택항,0,0,9714,319884,-319884
202511,202511,040,KRPTK,평택항,10,5425,31,683823,-678398
202511,202511,041,KRPTK,평택항,1,41028,0,0,41028
202511,202511,050,KRPTK,평택항,20,596951,0,0,596951
202511,202511,053,KRPTK,평택항,122,6707154,10,1656081,5051073
202511,202511,056,KRPTK,평택항,9,3905551,3,470463,3435088
202511,202511,070,KRPTK,평택항,1,24780,0,0,24780
202511,202511,071,KRPTK,평택항,20,800673,2,185634,615039
202511,202511,080,KRPTK,평택항,6,3267168,0,0,3267168
202511,202511,081,KRPTK,평택항,17,1693422,0,0,1693422
202511,202511,082,KRPTK,평택항,24,2859472,1,30022,2829450
202511,202511,084,KRPTK,평택항,1,14704,0,0,14704
202511,202511,102,KRPTK,평택항,1,82602,2,12652,69950
202511,202511,110,KRPTK,평택항,22,2266257,10,292570,1973687
202511,202511,120,KRPTK,평택항,70,6823309,2,53813,6769496
202511,202511,121,KRPTK,평택항,255,63172572,3,145017,63027555
202511,202511,122,KRPTK,평택항,2,193512,0,0,193512
202511,202511,130,KRPTK,평택항,9,394117,0,0,394117
202511,202511,131,KRPTK,평택항,15,1319403,0,0,1319403
202511,202511,150,KRPTK,평택항,57,3952649,7,591610,3361039
202511,202511,151,KRPTK,평택항,251,40080015,20,981561,39098454
202511,202511,152,KRPTK,평택항,937,268176215,213,31134203,237042012
202511,202511,153,KRPTK,평택항,6,198164,2,145108,53056
202511,202511,154,KRPTK,평택항,447,69214077,0,0,69214077
202511,202511,010,KRPUS,부산항,1977,39772602,111,4796235,34976367
202511,202511,011,KRPUS,부산항,545,12591474,0,0,12591474
202511,202511,012,KRPUS,부산항,2653,179448289,593,53709871,125738418
202511,202511,014,KRPUS,부산항,4229,293202937,52,6626184,286576753
202511,202511,016,KRPUS,부산항,4018,318537514,702,279796594,38740920
202511,202511,017,KRPUS,부산항,2933,133955421,118,6844632,127110789
202511,202511,020,KRPUS,부산항,8694,455247874,334,9743808,445504066
202511,202511,021,KRPUS,부산항,4582,383071560,588,71106656,311964904
202511,202511,023,KRPUS,부산항,2783,150831458,11,879256,149952202
202511,202511,030,KRPUS,부산항,49140,3493306481,53698,3971404989,-478098508
202511,202511,033,KRPUS,부산항,3905,238475653,2948,81445861,157029792
202511,202511,037,KRPUS,부산항,0,0,2,2279,-2279
202511,202511,039,KRPUS,부산항,2299,146338803,67157,67981025,78357778
202511,202511,040,KRPUS,부산항,338,31147540,117,10386892,20760648
202511,202511,041,KRPUS,부산항,36,3804099,85,7967507,-4163408
202511,202511,050,KRPUS,부산항,1154,74219107,57,1694273,72524834
202511,202511,051,KRPUS,부산항,9,746097,125,37898351,-37152254
202511,202511,052,KRPUS,부산항,5,194220,0,0,194220
202511,202511,053,KRPUS,부산항,10089,496013093,741,31013435,464999658
202511,202511,054,KRPUS,부산항,36,1792368,3,161505,1630863
202511,202511,056,KRPUS,부산항,1504,126025664,104,14525168,111500496
202511,202511,060,KRPUS,부산항,1624,121483148,10,557208,120925940
202511,202511,062,KRPUS,부산항,652,54911829,17,710463,54201366
202511,202511,070,KRPUS,부산항,418,22398482,77,10698468,11700014
202511,202511,071,KRPUS,부산항,1168,91696956,102,5076009,86620947
202511,202511,080,KRPUS,부산항,826,104025667,52,1912751,102112916
202511,202511,081,KRPUS,부산항,859,89625863,42,1794977,87830886
202511,202511,082,KRPUS,부산항,1631,141447614,120,4467200,136980414
202511,202511,084,KRPUS,부산항,112,8049642,0,0,8049642
202511,202511,090,KRPUS,부산항,142,2586221,70,3838367,-1252146
202511,202511,100,KRPUS,부산항,78,3906115,4,202808,3703307
202511,202511,101,KRPUS,부산항,20,963078,35,1120628,-157550
202511,202511,102,KRPUS,부산항,610,36781423,140,1823161,34958262
202511,202511,110,KRPUS,부산항,8854,971173160,752,61513060,909660100
202511,202511,120,KRPUS,부산항,8508,562462719,234,15039349,547423370
202511,202511,121,KRPUS,부산항,6720,569538205,565,32422468,537115737
202511,202511,122,KRPUS,부산항,2123,219166457,63,21098768,198067689
202511,202511,130,KRPUS,부산항,877,27342081,8,745739,26596342
202511,202511,131,KRPUS,부산항,1560,68867430,132,13055620,55811810
202511,202511,140,KRPUS,부산항,16,2582415,32,2236734,345681
202511,202511,150,KRPUS,부산항,3008,445430359,85,84223502,361206857
202511,202511,151,KRPUS,부산항,3573,406192372,420,113147545,293044827
202511,202511,152,KRPUS,부산항,4927,420402414,274,52662996,367739418
202511,202511,153,KRPUS,부산항,2308,177623199,68,4103563,173519636
202511,202511,154,KRPUS,부산항,1375,127792394,16,410751,127381643
202511,202511,052,KRSCP,삼천포항,0,0,10,55082514,-55082514
202511,202511,056,KRSCP,삼천포항,1,2322348,0,0,2322348
202511,202511,110,KRSHG,포항신항,0,0,12,11868108,-11868108
202511,202511,122,KRSHG,포항신항,44,16264799,81,341181490,-324916691
202511,202511,014,KRSHO,속초항,23,1053444,0,0,1053444
202511,202511,020,KRSHO,속초항,564,23703862,0,0,23703862
202511,202511,021,KRSHO,속초항,1,136363,0,0,136363
202511,202511,023,KRSHO,속초항,5,127635,0,0,127635
202511,202511,060,KRSHO,속초항,1,107490,0,0,107490
202511,202511,100,KRSHO,속초항,1,9359,0,0,9359
202511,202511,101,KRSHO,속초항,117,4626369,14,3281302,1345067
202511,202511,151,KRSHO,속초항,39,1567306,0,0,1567306
202511,202511,033,KRTAN,태안항,0,0,1,900,-900
202511,202511,154,KRTAN,태안항,0,0,11,102608316,-102608316
202511,202511,010,KRTGH,동해항,24,292561,0,0,292561
202511,202511,012,KRTGH,동해항,2,27795,0,0,27795
202511,202511,014,KRTGH,동해항,7,287568,0,0,287568
202511,202511,017,KRTGH,동해항,6,113089,0,0,113089
202511,202511,020,KRTGH,동해항,328,12105509,0,0,12105509
202511,202511,023,KRTGH,동해항,20,380598,0,0,380598
202511,202511,030,KRTGH,동해항,13,216408,2,43606,172802
202511,202511,100,KRTGH,동해항,432,20992118,167,161006320,-140014202
202511,202511,101,KRTGH,동해항,0,0,1,40775,-40775
202511,202511,130,KRTGH,동해항,2,9732,0,0,9732
202511,202511,131,KRTGH,동해항,9,1177362,0,0,1177362
202511,202511,151,KRTGH,동해항,153,5254863,0,0,5254863
202511,202511,152,KRTGH,동해항,4,190667,0,0,190667
202511,202511,016,KRTJI,당진항,8,5562329,47,274045192,-268482863
202511,202511,020,KRTJI,당진항,62,6563837,0,0,6563837
202511,202511,030,KRTJI,당진항,0,0,1,67,-67
202511,202511,039,KRTJI,당진항,2,372373,0,0,372373
202511,202511,053,KRTJI,당진항,2,80059,0,0,80059
202511,202511,060,KRTJI,당진항,23,4277032,0,0,4277032
202511,202511,110,KRTJI,당진항,32,1918461,0,0,1918461
202511,202511,122,KRTJI,당진항,4,386035,0,0,386035
202511,202511,152,KRTJI,당진항,437,170191181,15,20352779,149838402
202511,202511,154,KRTJI,당진항,0,0,9,72852594,-72852594
202511,202511,152,KRTSN,대산항,0,0,2,160,-160
202511,202511,154,KRTSN,대산항,428,843009253,126,1707778282,-864769029
202511,202511,020,KRTYG,통영항,1,13812,0,0,13812
202511,202511,030,KRTYG,통영항,8,88529,2,15919,72610
202511,202511,039,KRTYG,통영항,2,10455,0,0,10455
202511,202511,054,KRTYG,통영항,8,26278061,334,59048112,-32770051
202511,202511,110,KRTYG,통영항,1,18662,0,0,18662
202511,202511,016,KRUSN,울산항,1,949472,0,0,949472
202511,202511,020,KRUSN,울산항,1,277353,0,0,277353
202511,202511,021,KRUSN,울산항,2,49661883,0,0,49661883
202511,202511,023,KRUSN,울산항,1,92102,0,0,92102
202511,202511,030,KRUSN,울산항,4,3091599,10,169109,2922490
202511,202511,033,KRUSN,울산항,0,0,2,2400,-2400
202511,202511,053,KRUSN,울산항,2,552470,4,60147,492323
202511,202511,056,KRUSN,울산항,2,6534,0,0,6534
202511,202511,060,KRUSN,울산항,20,8727737,2,402776,8324961
202511,202511,080,KRUSN,울산항,17,5423781,0,0,5423781
202511,202511,082,KRUSN,울산항,5,1063298,0,0,1063298
202511,202511,110,KRUSN,울산항,5770,3500372988,2389,3514774342,-14401354
202511,202511,120,KRUSN,울산항,16,3666314,0,0,3666314
202511,202511,122,KRUSN,울산항,10,867271,0,0,867271
202511,202511,151,KRUSN,울산항,1,2718,0,0,2718
202511,202511,152,KRUSN,울산항,2,661304,0,0,661304
202511,202511,122,KRYMH,영일만항,1,27399,34,9949896,-9922497
202511,202511,060,KRYOC,여천항,0,0,61,368775231,-368775231
202511,202511,030,KRYOS,여수항,0,0,7,990,-990
202511,202511,039,KRYOS,여수항,0,0,1,250,-250
202511,202511,060,KRYOS,여수항,334,1379487136,271,2308142618,-928655482
202511,202511,062,KRYOS,여수항,4,264090,0,0,264090
202511,202511,152,KRYOS,여수항,4,842337,0,0,842337
202511,202511,010,KRZZZ,기타불개항,25,24636921,0,0,24636921
202511,202511,017,KRZZZ,기타불개항,0,0,1,1816,-1816
202511,202511,020,KRZZZ,기타불개항,0,0,29,3039925,-3039925
202511,202511,051,KRZZZ,기타불개항,0,0,1,120880,-120880
202511,202511,054,KRZZZ,기타불개항,5,3746,6,181787279,-181783533
202511,202511,056,KRZZZ,기타불개항,0,0,2,94554116,-94554116
202511,202511,062,KRZZZ,기타불개항,0,0,4,27269203,-27269203
202511,202511,070,KRZZZ,기타불개항,4,235245,1,352240,-116995
202511,202511,081,KRZZZ,기타불개항,4,5012,0,0,5012
202511,202511,082,KRZZZ,기타불개항,5,4733,0,0,4733
202511,202511,090,KRZZZ,기타불개항,8,742479,0,0,742479
202511,202511,100,KRZZZ,기타불개항,2,2796,5,164544860,-164542064
202511,202511,121,KRZZZ,기타불개항,0,0,1,126250,-126250
202511,202511,010,PUS,김해국제공항,2,3020,0,0,3020
202511,202511,012,PUS,김해국제공항,1,1361,1,1200,161
202511,202511,016,PUS,김해국제공항,0,0,5,144603,-144603
202511,202511,017,PUS,김해국제공항,2,7984,8,406897,-398913
202511,202511,021,PUS,김해국제공항,1,486,0,0,486
202511,202511,023,PUS,김해국제공항,1,35179,0,0,35179
202511,202511,030,PUS,김해국제공항,380,7668788,91,77258,7591530
202511,202511,033,PUS,김해국제공항,59,591164,1,2379,588785
202511,202511,037,PUS,김해국제공항,0,0,1,282,-282
202511,202511,039,PUS,김해국제공항,85,514613,1,924,513689
202511,202511,040,PUS,김해국제공항,38,389979,20,1651647,-1261668
202511,202511,050,PUS,김해국제공항,61,11019649,1,3307,11016342
202511,202511,051,PUS,김해국제공항,3,1851,6,138167,-136316
202511,202511,053,PUS,김해국제공항,77,1053144,7,116392,936752
202511,202511,056,PUS,김해국제공항,30,3124027,25,1370195,1753832
202511,202511,060,PUS,김해국제공항,4,205425,0,0,205425
202511,202511,070,PUS,김해국제공항,4,41313,0,0,41313
202511,202511,071,PUS,김해국제공항,1,13485,0,0,13485
202511,202511,082,PUS,김해국제공항,0,0,1,274405,-274405
202511,202511,110,PUS,김해국제공항,13,21183,2,3429,17754
202511,202511,120,PUS,김해국제공항,14,376417,0,0,376417
202511,202511,121,PUS,김해국제공항,12,252149,14,11581052,-11328903
202511,202511,122,PUS,김해국제공항,2,1080,0,0,1080
202511,202511,140,PUS,김해국제공항,245,1433100,1117,77466445,-76033345
202511,202511,150,PUS,김해국제공항,3,15376,0,0,15376
202511,202511,151,PUS,김해국제공항,4,21848,7,2658169,-2636321
202511,202511,154,PUS,김해국제공항,0,0,1,8000,-8000
202511,202511,012,SSN,성남공항,0,0,1,21385,-21385
202511,202511,120,TAE,대구국제공항,6,50480,52,188318,-137838
202511,202511,010,ZZZZZ,기타항,1,11120,0,0,11120
202511,202511,012,ZZZZZ,기타항,3,17780,0,0,17780
202511,202511,017,ZZZZZ,기타항,1,742,0,0,742
202511,202511,020,ZZZZZ,기타항,1,39190,0,0,39190
202511,202511,053,ZZZZZ,기타항,1,1291,0,0,1291
202511,202511,060,ZZZZZ,기타항,1,2897,0,0,2897
202511,202511,120,ZZZZZ,기타항,3,3674,0,0,3674
202511,202511,152,ZZZZZ,기타항,2,503,0,0,503
202511,총계,,-,-,1152457,60752523164,4883281,51284604863,9467918301
202512,202512,010,010,서울세관,56,2179,0,0,2179
202512,202512,017,010,서울세관,24,386,0,0,386
202512,202512,071,010,서울세관,2,75,0,0,75
202512,202512,130,010,서울세관,3,6720,0,0,6720
202512,202512,010,037,부산국제우편세관,3,46279,0,0,46279
202512,202512,011,037,부산국제우편세관,1,1891,0,0,1891
202512,202512,017,037,부산국제우편세관,1,469,0,0,469
202512,202512,021,037,부산국제우편세관,7,568,0,0,568
202512,202512,023,037,부산국제우편세관,2,10580,0,0,10580
202512,202512,030,037,부산국제우편세관,8,15377,0,0,15377
202512,202512,033,037,부산국제우편세관,4,13472,0,0,13472
202512,202512,037,037,부산국제우편세관,3,8941,21,195119,-186178
202512,202512,039,037,부산국제우편세관,7,50049,0,0,50049
202512,202512,040,037,부산국제우편세관,0,0,3,11770,-11770
202512,202512,050,037,부산국제우편세관,3,6672,0,0,6672
202512,202512,082,037,부산국제우편세관,454,40920,0,0,40920
202512,202512,130,037,부산국제우편세관,1,1387,0,0,1387
202512,202512,040,040,인천공항세관,0,0,14,50469,-50469
202512,202512,016,CJJ,청주국제공항,1,1035,0,0,1035
202512,202512,150,CJJ,청주국제공항,1,695210,0,0,695210
202512,202512,151,CJJ,청주국제공항,2,6560,104,353766,-347206
202512,202512,152,CJJ,청주국제공항,1,64,0,0,64
202512,202512,090,CJU,제주국제공항,5,17566,231,899090,-881524
202512,202512,010,GMP,김포국제공항,17,1398616,0,0,1398616
202512,202512,011,GMP,김포국제공항,1,5593,0,0,5593
202512,202512,012,GMP,김포국제공항,2,63856,0,0,63856
202512,202512,016,GMP,김포국제공항,7,150356,0,0,150356
202512,202512,017,GMP,김포국제공항,7,42534,0,0,42534
202512,202512,020,GMP,김포국제공항,17,13066,0,0,13066
202512,202512,021,GMP,김포국제공항,1,2084,0,0,2084
202512,202512,023,GMP,김포국제공항,238,373133,0,0,373133
202512,202512,030,GMP,김포국제공항,1,22500,0,0,22500
202512,202512,040,GMP,김포국제공항,4439,1003536,3,37194,966342
202512,202512,041,GMP,김포국제공항,157,511448,3496,64790395,-64278947
202512,202512,071,GMP,김포국제공항,11,8281,0,0,8281
202512,202512,120,GMP,김포국제공항,10,935362,0,0,935362
202512,202512,130,GMP,김포국제공항,2332,201781,0,0,201781
202512,202512,131,GMP,김포국제공항,9,274690,0,0,274690
202512,202512,056,HIN,진주(사천)공항,1,40607960,0,0,40607960
202512,202512,010,ICN,인천국제공항,52454,347921012,2305,149163838,198757174
202512,202512,011,ICN,인천국제공항,2824,10790084,0,0,10790084
202512,202512,012,ICN,인천국제공항,14940,3411105953,1813,1157283886,2253822067
202512,202512,014,ICN,인천국제공항,9398,220558147,265,28888587,191669560
202512,202512,016,ICN,인천국제공항,6520,2958065471,5541,713269124,2244796347
202512,202512,017,ICN,인천국제공항,37351,343824055,3619,199263643,144560412
202512,202512,020,ICN,인천국제공항,88445,1253082956,3948,1248634037,4448919
202512,202512,021,ICN,인천국제공항,17363,2498270914,8820,692786273,1805484641
202512,202512,023,ICN,인천국제공항,38915,298502645,1230,208587365,89915280
202512,202512,030,ICN,인천국제공항,9465,141069915,1288,86637782,54432133
202512,202512,033,ICN,인천국제공항,434,5818989,11,121941,5697048
202512,202512,037,ICN,인천국제공항,0,0,4,3061,-3061
202512,202512,039,ICN,인천국제공항,3683,19785250,161,16385179,3400071
202512,202512,040,ICN,인천국제공항,531405,9852071566,3536334,11571498489,-1719426923
202512,202512,041,ICN,인천국제공항,35802,24032225,2745,190651590,-166619365
202512,202512,050,ICN,인천국제공항,513,12085246,86,6388174,5697072
202512,202512,051,ICN,인천국제공항,12,169129,262,12440251,-12271122
202512,202512,052,ICN,인천국제공항,0,0,1,64100,-64100
202512,202512,053,ICN,인천국제공항,3932,113248752,2055,124586071,-11337319
202512,202512,054,ICN,인천국제공항,37,142422,2,10741,131681
202512,202512,056,ICN,인천국제공항,2406,53498308,1355,96303635,-42805327
202512,202512,060,ICN,인천국제공항,154,4288378,16,961872,3326506
202512,202512,062,ICN,인천국제공항,12,77172,13,109863,-32691
202512,202512,070,ICN,인천국제공항,83,732531,63,998228,-265697
202512,202512,071,ICN,인천국제공항,3316,298382209,2524,623100131,-324717922
202512,202512,080,ICN,인천국제공항,143,7718786,17,1074222,6644564
202512,202512,081,ICN,인천국제공항,472,21838120,146,1848273,19989847
202512,202512,082,ICN,인천국제공항,997,6289759,43,928387,5361372
202512,202512,084,ICN,인천국제공항,19,105846,0,0,105846
202512,202512,090,ICN,인천국제공항,117,254684,117,4102215,-3847531
202512,202512,100,ICN,인천국제공항,159,4858639,7,956426,3902213
202512,202512,101,ICN,인천국제공항,8,177502,0,0,177502
202512,202512,102,ICN,인천국제공항,891,55920094,2,27500,55892594
202512,202512,110,ICN,인천국제공항,806,51203813,1199,68699416,-17495603
202512,202512,120,ICN,인천국제공항,4889,136117057,293,37651254,98465803
202512,202512,121,ICN,인천국제공항,13959,1786930413,6246,1191837911,595092502
202512,202512,122,ICN,인천국제공항,371,12992300,30,485011,12507289
202512,202512,130,ICN,인천국제공항,20605,158884657,310,14503270,144381387
202512,202512,131,ICN,인천국제공항,6771,89023389,137,3062378,85961011
202512,202512,140,ICN,인천국제공항,254,3915015,1193,31681914,-27766899
202512,202512,150,ICN,인천국제공항,3415,101964740,276,31346784,70617956
202512,202512,151,ICN,인천국제공항,8671,2285435585,1473,380500466,1904935119
202512,202512,152,ICN,인천국제공항,10547,4713779694,3099,1364951784,3348827910
202512,202512,153,ICN,인천국제공항,1643,38803675,109,3115565,35688110
202512,202512,154,ICN,인천국제공항,128,1751441,8,363614,1387827
202512,202512,122,KPO,포항공항,1,2660080,0,0,2660080
202512,202512,010,KRBNP,부산신항,99,2461422,538,16836611,-14375189
202512,202512,011,KRBNP,부산신항,104,4275711,0,0,4275711
202512,202512,012,KRBNP,부산신항,407,13765830,5935,332795770,-319029940
202512,202512,014,KRBNP,부산신항,717,46419230,296,17672244,28746986
202512,202512,016,KRBNP,부산신항,616,79726071,2063,129035568,-49309497
202512,202512,017,KRBNP,부산신항,686,36358410,67,2453844,33904566
202512,202512,020,KRBNP,부산신항,629,35557701,851,34215713,1341988
202512,202512,021,KRBNP,부산신항,849,52245723,3824,258561989,-206316266
202512,202512,023,KRBNP,부산신항,464,29937944,84,6066845,23871099
202512,202512,030,KRBNP,부산신항,21208,1881736811,45113,4990911114,-3109174303
202512,202512,033,KRBNP,부산신항,695,37372916,1775,100044520,-62671604
202512,202512,039,KRBNP,부산신항,296,32347441,315,28294859,4052582
202512,202512,040,KRBNP,부산신항,30,419111,514,20947842,-20528731
202512,202512,041,KRBNP,부산신항,12,460917,891,40137142,-39676225
202512,202512,050,KRBNP,부산신항,256,23301958,79,1051068,22250890
202512,202512,051,KRBNP,부산신항,0,0,130,70984125,-70984125
202512,202512,053,KRBNP,부산신항,11874,338209461,831,61649476,276559985
202512,202512,054,KRBNP,부산신항,14,526184,10,2620939,-2094755
202512,202512,056,KRBNP,부산신항,368,31399832,213,28424700,2975132
202512,202512,060,KRBNP,부산신항,2854,222586428,17,1425885,221160543
202512,202512,062,KRBNP,부산신항,591,41797098,41,33993981,7803117
202512,202512,070,KRBNP,부산신항,97,5353969,101,24909039,-19555070
202512,202512,071,KRBNP,부산신항,1082,44621826,29,2103722,42518104
202512,202512,080,KRBNP,부산신항,155,10671178,53,3424893,7246285
202512,202512,081,KRBNP,부산신항,59,3684589,38,21469500,-17784911
202512,202512,082,KRBNP,부산신항,132,6975467,78,3784516,3190951
202512,202512,084,KRBNP,부산신항,103,5501722,0,0,5501722
202512,202512,090,KRBNP,부산신항,15,172981,56,2017841,-1844860
202512,202512,100,KRBNP,부산신항,29,2707093,0,0,2707093
202512,202512,101,KRBNP,부산신항,6,411247,0,0,411247
202512,202512,102,KRBNP,부산신항,111,10364498,1,343,10364155
202512,202512,110,KRBNP,부산신항,2922,431274700,1080,364566140,66708560
202512,202512,120,KRBNP,부산신항,1567,95594823,110,13543642,82051181
202512,202512,121,KRBNP,부산신항,1225,101553100,171,25679223,75873877
202512,202512,122,KRBNP,부산신항,481,41950200,56,24399973,17550227
202512,202512,130,KRBNP,부산신항,102,3173031,38,2238224,934807
202512,202512,131,KRBNP,부산신항,410,21171369,1030,110472414,-89301045
202512,202512,140,KRBNP,부산신항,238,29792189,46,5234821,24557368
202512,202512,150,KRBNP,부산신항,431,25616707,15,6654508,18962199
202512,202512,151,KRBNP,부산신항,405,47406514,321,38130713,9275801
202512,202512,152,KRBNP,부산신항,1318,82225026,338,37195037,45029989
202512,202512,153,KRBNP,부산신항,351,21501173,81,5121737,16379436
202512,202512,154,KRBNP,부산신항,557,39243078,5,816275,38426803
202512,202512,016,KRBOR,보령항,0,0,1,90,-90
202512,202512,084,KRBOR,보령항,1,824,26,376865321,-376864497
202512,202512,152,KRBOR,보령항,0,0,1,162,-162
202512,202512,090,KRCHA,제주항,7,258843,28,1497480,-1238637
202512,202512,012,KRCHF,진해항,1,2480,0,0,2480
202512,202512,020,KRCHF,진해항,53,1281837,0,0,1281837
202512,202512,030,KRCHF,진해항,5,60897979,0,0,60897979
202512,202512,053,KRCHF,진해항,23,4829858,19,28893587,-24063729
202512,202512,082,KRCHF,진해항,1,29397,0,0,29397
202512,202512,152,KRCHF,진해항,1,12469,0,0,12469
202512,202512,080,KRCHG,장항항,2,1050558,7,10349531,-9298973
202512,202512,150,KRCHG,장항항,1,126809,0,0,126809
202512,202512,030,KRDBL,대불항,1,5889623,0,0,5889623
202512,202512,070,KRDBL,대불항,6,7729649,0,0,7729649
202512,202512,122,KRDBL,대불항,3,637449,0,0,637449
202512,202512,010,KRGIN,경인항,0,0,1,15792,-15792
202512,202512,012,KRGIN,경인항,1,99026,1,2257,96769
202512,202512,016,KRGIN,경인항,1,2,5,327787,-327785
202512,202512,020,KRGIN,경인항,1111,8657264,840,31866531,-23209267
202512,202512,021,KRGIN,경인항,0,0,3,52460,-52460
202512,202512,040,KRGIN,경인항,0,0,2,66553,-66553
202512,202512,041,KRGIN,경인항,0,0,10,506219,-506219
202512,202512,053,KRGIN,경인항,0,0,14,184817,-184817
202512,202512,081,KRGIN,경인항,0,0,1,2751,-2751
202512,202512,131,KRGIN,경인항,0,0,1,10998,-10998
202512,202512,151,KRGIN,경인항,0,0,1,32619,-32619
202512,202512,152,KRGIN,경인항,0,0,1,5096,-5096
202512,202512,100,KRHSA,호산항,0,0,2,6636516,-6636516
202512,202512,010,KRINC,인천항,1415,38267651,512,8257031,30010620
202512,202512,011,KRINC,인천항,175,8017628,0,0,8017628
202512,202512,012,KRINC,인천항,874,66078160,844,56165953,9912207
202512,202512,014,KRINC,인천항,1891,105419784,97,7869927,97549857
202512,202512,016,KRINC,인천항,1043,112137414,501,26741890,85395524
202512,202512,017,KRINC,인천항,1511,131098108,190,10165742,120932366
202512,202512,020,KRINC,인천항,61566,2182088092,579053,6740550918,-4558462826
202512,202512,021,KRINC,인천항,2068,114447761,276,14979934,99467827
202512,202512,023,KRINC,인천항,2263,110808604,57,3196617,107611987
202512,202512,030,KRINC,인천항,262,15184031,20,1111761,14072270
202512,202512,033,KRINC,인천항,52,1909782,14,261444,1648338
202512,202512,039,KRINC,인천항,368,1306945,12,518774,788171
202512,202512,040,KRINC,인천항,348,90351029,694,35092452,55258577
202512,202512,041,KRINC,인천항,58,1998850,406,63411755,-61412905
202512,202512,050,KRINC,인천항,40,1601381,7,165829,1435552
202512,202512,053,KRINC,인천항,282,10125988,38,3159877,6966111
202512,202512,056,KRINC,인천항,28,308036,0,0,308036
202512,202512,060,KRINC,인천항,36,1057855,0,0,1057855
202512,202512,062,KRINC,인천항,32,943053,0,0,943053
202512,202512,070,KRINC,인천항,19,2140597,1,9986,2130611
202512,202512,071,KRINC,인천항,81,2321706,30,1453827,867879
202512,202512,080,KRINC,인천항,43,6014895,15,1723198,4291697
202512,202512,081,KRINC,인천항,86,4211861,52,1101747,3110114
202512,202512,082,KRINC,인천항,96,3268253,26,720912,2547341
202512,202512,084,KRINC,인천항,16,506560,0,0,506560
202512,202512,090,KRINC,인천항,6,29272,8,196855,-167583
202512,202512,100,KRINC,인천항,17,1946193,3,61202,1884991
202512,202512,101,KRINC,인천항,0,0,3,57917,-57917
202512,202512,102,KRINC,인천항,115,7455199,0,0,7455199
202512,202512,110,KRINC,인천항,83,37713705,27,920375,36793330
202512,202512,120,KRINC,인천항,413,28199517,24,1101278,27098239
202512,202512,121,KRINC,인천항,185,21781265,58,1322750,20458515
202512,202512,122,KRINC,인천항,65,12504757,0,0,12504757
202512,202512,130,KRINC,인천항,606,20950429,107,2928826,18021603
202512,202512,131,KRINC,인천항,603,25520647,141,11129021,14391626
202512,202512,150,KRINC,인천항,302,24758444,28,841247,23917197
202512,202512,151,KRINC,인천항,405,28577060,138,28230584,346476
202512,202512,152,KRINC,인천항,1238,160334654,368,18662479,141672175
202512,202512,153,KRINC,인천항,207,11148511,7,151249,10997262
202512,202512,154,KRINC,인천항,1127,96393056,0,0,96393056
202512,202512,010,KRKAN,광양항,1,84096,0,0,84096
202512,202512,011,KRKAN,광양항,4,345812,0,0,345812
202512,202512,012,KRKAN,광양항,23,469298,3,87106,382192
202512,202512,014,KRKAN,광양항,45,5063575,5,395,5063180
202512,202512,016,KRKAN,광양항,46,4630770,0,0,4630770
202512,202512,017,KRKAN,광양항,7,91827,0,0,91827
202512,202512,020,KRKAN,광양항,155,3743008,0,0,3743008
202512,202512,021,KRKAN,광양항,22,557438,0,0,557438
202512,202512,023,KRKAN,광양항,6,65046,0,0,65046
202512,202512,030,KRKAN,광양항,56,30209727,10,1234,30208493
202512,202512,033,KRKAN,광양항,9,281781,0,0,281781
202512,202512,039,KRKAN,광양항,5,100200,0,0,100200
202512,202512,040,KRKAN,광양항,4,15352,0,0,15352
202512,202512,041,KRKAN,광양항,1,431293,0,0,431293
202512,202512,050,KRKAN,광양항,3,65520,0,0,65520
202512,202512,051,KRKAN,광양항,0,0,7,6554941,-6554941
202512,202512,052,KRKAN,광양항,0,0,8,450232,-450232
202512,202512,053,KRKAN,광양항,1,16835,0,0,16835
202512,202512,056,KRKAN,광양항,31,1289387,0,0,1289387
202512,202512,060,KRKAN,광양항,4823,496483301,9,475419,496007882
202512,202512,062,KRKAN,광양항,6903,1144894231,7048,1232987853,-88093622
202512,202512,070,KRKAN,광양항,141,10523671,8,1041487,9482184
202512,202512,071,KRKAN,광양항,1517,75422867,6,101583,75321284
202512,202512,080,KRKAN,광양항,403,33588829,23,2123700,31465129
202512,202512,081,KRKAN,광양항,272,13816116,13,15665504,-1849388
202512,202512,082,KRKAN,광양항,448,39969067,32,1823244,38145823
202512,202512,084,KRKAN,광양항,21,1483317,0,0,1483317
202512,202512,102,KRKAN,광양항,2,120913,0,0,120913
202512,202512,110,KRKAN,광양항,9,539922,0,0,539922
202512,202512,120,KRKAN,광양항,59,30451801,0,0,30451801
202512,202512,121,KRKAN,광양항,70,4209069,0,0,4209069
202512,202512,122,KRKAN,광양항,88,7867164,0,0,7867164
202512,202512,130,KRKAN,광양항,3,104314,0,0,104314
202512,202512,131,KRKAN,광양항,1,600,2,69348,-68748
202512,202512,150,KRKAN,광양항,130,7125699,0,0,7125699
202512,202512,151,KRKAN,광양항,22,2555885,0,0,2555885
202512,202512,152,KRKAN,광양항,99,30779858,0,0,30779858
202512,202512,153,KRKAN,광양항,5,487658,2,93242,394416
202512,202512,154,KRKAN,광양항,376,36134030,0,0,36134030
202512,202512,016,KRKCN,감천항,0,0,3,250344,-250344
202512,202512,020,KRKCN,감천항,182,4719315,2,471084,4248231
202512,202512,021,KRKCN,감천항,5,45000,0,0,45000
202512,202512,030,KRKCN,감천항,251,6653342,832,130720270,-124066928
202512,202512,039,KRKCN,감천항,0,0,1,90744,-90744
202512,202512,051,KRKCN,감천항,0,0,3,7354007,-7354007
202512,202512,052,KRKCN,감천항,13,174140,0,0,174140
202512,202512,053,KRKCN,감천항,10,306076,4,29235,276841
202512,202512,056,KRKCN,감천항,0,0,15,4919310,-4919310
202512,202512,062,KRKCN,감천항,0,0,1,329409,-329409
202512,202512,070,KRKCN,감천항,0,0,2,2090983,-2090983
202512,202512,080,KRKCN,감천항,0,0,2,778752,-778752
202512,202512,082,KRKCN,감천항,0,0,1,671470,-671470
202512,202512,100,KRKCN,감천항,0,0,3,92129,-92129
202512,202512,110,KRKCN,감천항,8,72023,2,322414,-250391
202512,202512,120,KRKCN,감천항,0,0,7,485266,-485266
202512,202512,122,KRKCN,감천항,0,0,1,15646,-15646
202512,202512,152,KRKCN,감천항,8,182139,0,0,182139
202512,202512,051,KRKHN,고현항,56,755288719,39,57682700,697606019
202512,202512,020,KRKPO,포항항,1,108801,0,0,108801
202512,202512,030,KRKPO,포항항,0,0,2,38,-38
202512,202512,053,KRKPO,포항항,2,349035,0,0,349035
202512,202512,060,KRKPO,포항항,1,281977,0,0,281977
202512,202512,062,KRKPO,포항항,6,1265443,0,0,1265443
202512,202512,070,KRKPO,포항항,1,107715,0,0,107715
202512,202512,080,KRKPO,포항항,0,0,1,84621,-84621
202512,202512,110,KRKPO,포항항,2,112712,0,0,112712
202512,202512,122,KRKPO,포항항,1173,372833900,197,90943963,281889937
202512,202512,152,KRKPO,포항항,6,2716498,0,0,2716498
202512,202512,012,KRKUV,군산항,0,0,1,2217,-2217
202512,202512,016,KRKUV,군산항,2,20176,0,0,20176
202512,202512,020,KRKUV,군산항,180,17026180,6665,37405387,-20379207
202512,202512,021,KRKUV,군산항,1,10040564,1,4050,10036514
202512,202512,023,KRKUV,군산항,6,5505533,0,0,5505533
202512,202512,030,KRKUV,군산항,1,31236,1,27,31209
202512,202512,033,KRKUV,군산항,1,8644,0,0,8644
202512,202512,039,KRKUV,군산항,0,0,1,100,-100
202512,202512,040,KRKUV,군산항,0,0,1,2367,-2367
202512,202512,041,KRKUV,군산항,2,82511,0,0,82511
202512,202512,053,KRKUV,군산항,2,274064,0,0,274064
202512,202512,054,KRKUV,군산항,3,65565,2,75590,-10025
202512,202512,060,KRKUV,군산항,1,7070,0,0,7070
202512,202512,070,KRKUV,군산항,1,485760,0,0,485760
202512,202512,071,KRKUV,군산항,8,541432,2,149473,391959
202512,202512,080,KRKUV,군산항,426,59446646,191193,360543691,-301097045
202512,202512,081,KRKUV,군산항,5,314590,4,193154,121436
202512,202512,082,KRKUV,군산항,50,15218032,27,1073998,14144034
202512,202512,084,KRKUV,군산항,0,0,1,136,-136
202512,202512,102,KRKUV,군산항,5,15351,0,0,15351
202512,202512,110,KRKUV,군산항,10,6375537,0,0,6375537
202512,202512,121,KRKUV,군산항,18,401189,0,0,401189
202512,202512,122,KRKUV,군산항,1,28108,0,0,28108
202512,202512,150,KRKUV,군산항,4,209425,0,0,209425
202512,202512,151,KRKUV,군산항,2,1483928,0,0,1483928
202512,202512,152,KRKUV,군산항,4,1404373,0,0,1404373
202512,202512,153,KRKUV,군산항,1,33812,0,0,33812
202512,202512,010,KRMAS,마산항,1,1798,0,0,1798
202512,202512,012,KRMAS,마산항,1,5040000,0,0,5040000
202512,202512,014,KRMAS,마산항,4,132022,0,0,132022
202512,202512,016,KRMAS,마산항,5,1429548,142,4113780,-2684232
202512,202512,017,KRMAS,마산항,16,350827,104,5022787,-4671960
202512,202512,020,KRMAS,마산항,367,21044266,0,0,21044266
202512,202512,021,KRMAS,마산항,17,26585634,0,0,26585634
202512,202512,023,KRMAS,마산항,15,2140965,0,0,2140965
202512,202512,030,KRMAS,마산항,36,31639775,4,4441,31635334
202512,202512,033,KRMAS,마산항,1,85788,0,0,85788
202512,202512,039,KRMAS,마산항,4,6540237,0,0,6540237
202512,202512,050,KRMAS,마산항,282,639019348,315,37195889,601823459
202512,202512,051,KRMAS,마산항,0,0,19,26742680,-26742680
202512,202512,053,KRMAS,마산항,236,290450693,3,789046,289661647
202512,202512,056,KRMAS,마산항,16,40891694,5,1161200,39730494
202512,202512,060,KRMAS,마산항,3,390370,0,0,390370
202512,202512,070,KRMAS,마산항,0,0,1,1299340,-1299340
202512,202512,071,KRMAS,마산항,2,502591,0,0,502591
202512,202512,080,KRMAS,마산항,52,5894060,0,0,5894060
202512,202512,082,KRMAS,마산항,7,557667,0,0,557667
202512,202512,110,KRMAS,마산항,46,80243563,1,172,80243391
202512,202512,120,KRMAS,마산항,16,10006238,0,0,10006238
202512,202512,121,KRMAS,마산항,17,138632912,0,0,138632912
202512,202512,122,KRMAS,마산항,4,44088556,0,0,44088556
202512,202512,150,KRMAS,마산항,1,34048,0,0,34048
202512,202512,151,KRMAS,마산항,13,53451199,0,0,53451199
202512,202512,152,KRMAS,마산항,42,6984352,0,0,6984352
202512,202512,153,KRMAS,마산항,3,1672558,0,0,1672558
202512,202512,154,KRMAS,마산항,9,37152930,0,0,37152930
202512,202512,110,KRMIP,미포항,28,990808327,0,0,990808327
202512,202512,030,KRMOK,목포항,1,9243,0,0,9243
202512,202512,051,KRMOK,목포항,0,0,1,2153474,-2153474
202512,202512,062,KRMOK,목포항,0,0,1,69412,-69412
202512,202512,070,KRMOK,목포항,147,1393390087,44,69289909,1324100178
202512,202512,071,KRMOK,목포항,1,693350,0,0,693350
202512,202512,020,KRMUK,묵호항,1,12494,0,0,12494
202512,202512,100,KRMUK,묵호항,4,440395,0,0,440395
202512,202512,100,KROKK,옥계항,2,2595975,20,6175536,-3579561
202512,202512,051,KROKP,옥포항,18,134231194,36,66676894,67554300
202512,202512,030,KRONS,온산항,0,0,1,23,-23
202512,202512,110,KRONS,온산항,354,1096192033,17,623580243,472611790
202512,202512,010,KRPTK,평택항,17,310375,1,42293,268082
202512,202512,011,KRPTK,평택항,1,11804,0,0,11804
202512,202512,012,KRPTK,평택항,39,3878684,84,2649394,1229290
202512,202512,014,KRPTK,평택항,109,5940619,3,34429,5906190
202512,202512,016,KRPTK,평택항,5520,2149849474,254387,3315860627,-1166011153
202512,202512,017,KRPTK,평택항,118,23817718,8,62323,23755395
202512,202512,020,KRPTK,평택항,986,30946867,8696,61232305,-30285438
202512,202512,021,KRPTK,평택항,150,28125113,2565,128749607,-100624494
202512,202512,023,KRPTK,평택항,44,1988813,0,0,1988813
202512,202512,030,KRPTK,평택항,126,24091949,65,12218741,11873208
202512,202512,033,KRPTK,평택항,8,472486,0,0,472486
202512,202512,039,KRPTK,평택항,1,6810,12016,396812,-390002
202512,202512,040,KRPTK,평택항,1,500040,20,192744,307296
202512,202512,050,KRPTK,평택항,23,554766,0,0,554766
202512,202512,053,KRPTK,평택항,125,6800293,9,1972843,4827450
202512,202512,056,KRPTK,평택항,6,2921764,5,889201,2032563
202512,202512,060,KRPTK,평택항,1,29221,0,0,29221
202512,202512,062,KRPTK,평택항,2,141305,0,0,141305
202512,202512,071,KRPTK,평택항,22,789536,0,0,789536
202512,202512,080,KRPTK,평택항,8,3320363,1,31002,3289361
202512,202512,081,KRPTK,평택항,14,1141634,0,0,1141634
202512,202512,082,KRPTK,평택항,27,454468,0,0,454468
202512,202512,084,KRPTK,평택항,1,426531,0,0,426531
202512,202512,102,KRPTK,평택항,7,288282,0,0,288282
202512,202512,110,KRPTK,평택항,29,2450025,25,598353,1851672
202512,202512,120,KRPTK,평택항,75,11394593,0,0,11394593
202512,202512,121,KRPTK,평택항,324,71944609,3,53000,71891609
202512,202512,122,KRPTK,평택항,5,223182,0,0,223182
202512,202512,130,KRPTK,평택항,16,283134,0,0,283134
202512,202512,131,KRPTK,평택항,24,1917543,8,159660,1757883
202512,202512,150,KRPTK,평택항,39,1807916,11,646678,1161238
202512,202512,151,KRPTK,평택항,303,46078462,36,2896648,43181814
202512,202512,152,KRPTK,평택항,1056,191157788,231,41017274,150140514
202512,202512,153,KRPTK,평택항,12,8875604,0,0,8875604
202512,202512,154,KRPTK,평택항,512,71321247,2,127,71321120
202512,202512,010,KRPUS,부산항,1874,37829865,100,3944178,33885687
202512,202512,011,KRPUS,부산항,488,14355150,0,0,14355150
202512,202512,012,KRPUS,부산항,2812,176990325,616,167169226,9821099
202512,202512,014,KRPUS,부산항,4449,320864863,67,8200548,312664315
202512,202512,016,KRPUS,부산항,4330,399656109,732,298984699,100671410
202512,202512,017,KRPUS,부산항,3158,155580241,117,7418388,148161853
202512,202512,020,KRPUS,부산항,4453,300080405,390,12929404,287151001
202512,202512,021,KRPUS,부산항,5201,501467341,738,102385163,399082178
202512,202512,023,KRPUS,부산항,3015,189883885,8,402943,189480942
202512,202512,030,KRPUS,부산항,51815,3993451153,61739,4749908539,-756457386
202512,202512,033,KRPUS,부산항,4463,259512305,3607,95561310,163950995
202512,202512,037,KRPUS,부산항,0,0,4,1422,-1422
202512,202512,039,KRPUS,부산항,2386,180591618,74910,76745115,103846503
202512,202512,040,KRPUS,부산항,428,25305750,109,7836389,17469361
202512,202512,041,KRPUS,부산항,53,5495921,102,9364500,-3868579
202512,202512,050,KRPUS,부산항,1235,99570204,46,1086033,98484171
202512,202512,051,KRPUS,부산항,3,684989,152,20608149,-19923160
202512,202512,052,KRPUS,부산항,10,732160,0,0,732160
202512,202512,053,KRPUS,부산항,9616,565073262,723,34554380,530518882
202512,202512,054,KRPUS,부산항,41,2676388,10,283818,2392570
202512,202512,056,KRPUS,부산항,1455,132365292,136,15129209,117236083
202512,202512,060,KRPUS,부산항,1957,149840127,10,474029,149366098
202512,202512,062,KRPUS,부산항,759,71114498,30,8118377,62996121
202512,202512,070,KRPUS,부산항,543,27380678,111,14267931,13112747
202512,202512,071,KRPUS,부산항,1196,96807080,122,7868360,88938720
202512,202512,080,KRPUS,부산항,920,109479443,70,7403056,102076387
202512,202512,081,KRPUS,부산항,950,87168733,69,2985255,84183478
202512,202512,082,KRPUS,부산항,1615,139728442,136,3954978,135773464
202512,202512,084,KRPUS,부산항,117,5269158,0,0,5269158
202512,202512,090,KRPUS,부산항,126,2725956,59,3420506,-694550
202512,202512,100,KRPUS,부산항,69,3439890,4,202100,3237790
202512,202512,101,KRPUS,부산항,18,910147,33,1048425,-138278
202512,202512,102,KRPUS,부산항,686,50027177,0,0,50027177
202512,202512,110,KRPUS,부산항,9661,1127690904,807,79452374,1048238530
202512,202512,120,KRPUS,부산항,9548,614313088,226,13697467,600615621
202512,202512,121,KRPUS,부산항,6707,660191514,627,39779156,620412358
202512,202512,122,KRPUS,부산항,2304,281424802,100,22660750,258764052
202512,202512,130,KRPUS,부산항,922,29435949,6,854681,28581268
202512,202512,131,KRPUS,부산항,1846,105520472,153,14312499,91207973
202512,202512,140,KRPUS,부산항,23,3686332,30,3070240,616092
202512,202512,150,KRPUS,부산항,3267,254461334,75,2783231,251678103
202512,202512,151,KRPUS,부산항,4005,520222373,479,227051595,293170778
202512,202512,152,KRPUS,부산항,5377,557016331,297,49531818,507484513
202512,202512,153,KRPUS,부산항,2649,221127550,62,3964183,217163367
202512,202512,154,KRPUS,부산항,1599,162312589,8,515312,161797277
202512,202512,030,KRSCP,삼천포항,0,0,1,37,-37
202512,202512,052,KRSCP,삼천포항,0,0,10,59885638,-59885638
202512,202512,056,KRSCP,삼천포항,0,0,6,8425043,-8425043
202512,202512,110,KRSHG,포항신항,0,0,30,21559082,-21559082
202512,202512,122,KRSHG,포항신항,35,11766894,95,287110166,-275343272
202512,202512,014,KRSHO,속초항,1,10549,0,0,10549
202512,202512,020,KRSHO,속초항,116,5855897,0,0,5855897
202512,202512,030,KRSHO,속초항,2,32606,0,0,32606
202512,202512,100,KRSHO,속초항,3,80113,0,0,80113
202512,202512,101,KRSHO,속초항,46,2887426,16,5353295,-2465869
202512,202512,151,KRSHO,속초항,8,255777,0,0,255777
202512,202512,154,KRTAN,태안항,0,0,8,74688947,-74688947
202512,202512,010,KRTGH,동해항,16,204595,0,0,204595
202512,202512,012,KRTGH,동해항,4,26939,0,0,26939
202512,202512,016,KRTGH,동해항,1,16500,0,0,16500
202512,202512,017,KRTGH,동해항,9,104505,0,0,104505
202512,202512,020,KRTGH,동해항,279,8914579,0,0,8914579
202512,202512,021,KRTGH,동해항,1,55690,0,0,55690
202512,202512,023,KRTGH,동해항,36,1025662,0,0,1025662
202512,202512,030,KRTGH,동해항,19,235452,1,47,235405
202512,202512,082,KRTGH,동해항,1,14393,0,0,14393
202512,202512,100,KRTGH,동해항,139,15154594,162,113428022,-98273428
202512,202512,101,KRTGH,동해항,2,82972,0,0,82972
202512,202512,130,KRTGH,동해항,2,209141,0,0,209141
202512,202512,131,KRTGH,동해항,8,1021682,0,0,1021682
202512,202512,140,KRTGH,동해항,0,0,1,200,-200
202512,202512,151,KRTGH,동해항,40,812800,0,0,812800
202512,202512,153,KRTGH,동해항,2,35143,0,0,35143
202512,202512,154,KRTGH,동해항,1,174920,0,0,174920
202512,202512,016,KRTJI,당진항,5,9176409,50,271572839,-262396430
202512,202512,020,KRTJI,당진항,79,7217734,0,0,7217734
202512,202512,039,KRTJI,당진항,9,1311497,0,0,1311497
202512,202512,053,KRTJI,당진항,1,67898,0,0,67898
202512,202512,060,KRTJI,당진항,28,2667901,0,0,2667901
202512,202512,062,KRTJI,당진항,1,164137,0,0,164137
202512,202512,080,KRTJI,당진항,6,987122,0,0,987122
202512,202512,110,KRTJI,당진항,38,3158256,0,0,3158256
202512,202512,121,KRTJI,당진항,1,73481,0,0,73481
202512,202512,122,KRTJI,당진항,2,621107,0,0,621107
202512,202512,152,KRTJI,당진항,633,205932808,17,32340319,173592489
202512,202512,154,KRTJI,당진항,0,0,9,74955635,-74955635
202512,202512,016,KRTSN,대산항,0,0,1,4,-4
202512,202512,020,KRTSN,대산항,0,0,1,220,-220
202512,202512,030,KRTSN,대산항,0,0,2,1160,-1160
202512,202512,060,KRTSN,대산항,1,2811168,0,0,2811168
202512,202512,110,KRTSN,대산항,1,1561786,0,0,1561786
202512,202512,152,KRTSN,대산항,0,0,4,140,-140
202512,202512,154,KRTSN,대산항,487,1191917458,174,1738792286,-546874828
202512,202512,020,KRTYG,통영항,2,10760,0,0,10760
202512,202512,030,KRTYG,통영항,13,265385,0,0,265385
202512,202512,039,KRTYG,통영항,3,63482,0,0,63482
202512,202512,054,KRTYG,통영항,11,610976,499,103665659,-103054683
202512,202512,110,KRTYG,통영항,1,12335,0,0,12335
202512,202512,016,KRUSN,울산항,0,0,38,1413405,-1413405
202512,202512,020,KRUSN,울산항,3,668931,0,0,668931
202512,202512,023,KRUSN,울산항,1,352305,0,0,352305
202512,202512,030,KRUSN,울산항,5,948023,17,718628,229395
202512,202512,039,KRUSN,울산항,7,1871760,0,0,1871760
202512,202512,053,KRUSN,울산항,6,328932,6,370770,-41838
202512,202512,056,KRUSN,울산항,1,2594,0,0,2594
202512,202512,060,KRUSN,울산항,20,6538008,0,0,6538008
202512,202512,080,KRUSN,울산항,13,2557623,0,0,2557623
202512,202512,082,KRUSN,울산항,3,1051665,0,0,1051665
202512,202512,102,KRUSN,울산항,3,198718,0,0,198718
202512,202512,110,KRUSN,울산항,5743,3759551892,2764,3847031507,-87479615
202512,202512,120,KRUSN,울산항,22,4730672,0,0,4730672
202512,202512,122,KRUSN,울산항,13,2513197,0,0,2513197
202512,202512,151,KRUSN,울산항,1,2718,0,0,2718
202512,202512,152,KRUSN,울산항,5,1861965,0,0,1861965
202512,202512,122,KRYMH,영일만항,0,0,22,5635805,-5635805
202512,202512,060,KRYOC,여천항,0,0,93,852136017,-852136017
202512,202512,030,KRYOS,여수항,1,1675254,7,2723,1672531
202512,202512,040,KRYOS,여수항,0,0,1,547,-547
202512,202512,060,KRYOS,여수항,370,1634951100,272,1767842049,-132890949
202512,202512,110,KRYOS,여수항,0,0,1,185,-185
202512,202512,152,KRYOS,여수항,3,719817,0,0,719817
202512,202512,010,KRZZZ,기타불개항,15,17824413,0,0,17824413
202512,202512,016,KRZZZ,기타불개항,0,0,9,1940,-1940
202512,202512,017,KRZZZ,기타불개항,0,0,1,106,-106
202512,202512,020,KRZZZ,기타불개항,0,0,23,2168589,-2168589
202512,202512,030,KRZZZ,기타불개항,2,86000,0,0,86000
202512,202512,051,KRZZZ,기타불개항,4,566433,4,748506,-182073
202512,202512,054,KRZZZ,기타불개항,3,15834,15,433179747,-433163913
202512,202512,062,KRZZZ,기타불개항,0,0,8,57581634,-57581634
202512,202512,070,KRZZZ,기타불개항,4,670100,3,986282,-316182
202512,202512,081,KRZZZ,기타불개항,8,60758,0,0,60758
202512,202512,082,KRZZZ,기타불개항,1,640,0,0,640
202512,202512,090,KRZZZ,기타불개항,7,589641,0,0,589641
202512,202512,100,KRZZZ,기타불개항,3,4142,5,138273793,-138269651
202512,202512,121,KRZZZ,기타불개항,0,0,2,256500,-256500
202512,202512,080,KUV,군산공항,2,2116,0,0,2116
202512,202512,071,MWX,무안국제공항,0,0,1,1654,-1654
202512,202512,010,PUS,김해국제공항,4,43130,0,0,43130
202512,202512,011,PUS,김해국제공항,1,47656,0,0,47656
202512,202512,012,PUS,김해국제공항,2,5334,0,0,5334
202512,202512,016,PUS,김해국제공항,2,28361,6,233891,-205530
202512,202512,017,PUS,김해국제공항,0,0,22,430691,-430691
202512,202512,020,PUS,김해국제공항,2,40176,0,0,40176
202512,202512,021,PUS,김해국제공항,4,112541,0,0,112541
202512,202512,030,PUS,김해국제공항,376,8278536,90,99939,8178597
202512,202512,033,PUS,김해국제공항,46,627238,0,0,627238
202512,202512,037,PUS,김해국제공항,0,0,1,629,-629
202512,202512,039,PUS,김해국제공항,60,499584,1,40,499544
202512,202512,040,PUS,김해국제공항,40,283153,28,6252585,-5969432
202512,202512,050,PUS,김해국제공항,58,11553534,0,0,11553534
202512,202512,051,PUS,김해국제공항,3,3291,1,3500,-209
202512,202512,052,PUS,김해국제공항,1,2876,0,0,2876
202512,202512,053,PUS,김해국제공항,74,646594,3,19301,627293
202512,202512,054,PUS,김해국제공항,0,0,1,8590,-8590
202512,202512,056,PUS,김해국제공항,35,3682693,32,1010396,2672297
202512,202512,060,PUS,김해국제공항,6,306524,0,0,306524
202512,202512,070,PUS,김해국제공항,2,16069,0,0,16069
202512,202512,071,PUS,김해국제공항,3,22530,0,0,22530
202512,202512,090,PUS,김해국제공항,1,5600,0,0,5600
202512,202512,110,PUS,김해국제공항,11,18438,3,53806,-35368
202512,202512,120,PUS,김해국제공항,20,187473,0,0,187473
202512,202512,121,PUS,김해국제공항,11,682698,16,9941103,-9258405
202512,202512,122,PUS,김해국제공항,1,21437,0,0,21437
202512,202512,140,PUS,김해국제공항,226,1604071,1147,254797854,-253193783
202512,202512,150,PUS,김해국제공항,1,10050,0,0,10050
202512,202512,151,PUS,김해국제공항,1,2288,4,1148658,-1146370
202512,202512,152,PUS,김해국제공항,2,84346,0,0,84346
202512,202512,153,PUS,김해국제공항,2,266346,1,5400,260946
202512,202512,010,TAE,대구국제공항,1,248,0,0,248
202512,202512,030,TAE,대구국제공항,1,1791,0,0,1791
202512,202512,120,TAE,대구국제공항,8,108372,75,303022,-194650
202512,202512,121,TAE,대구국제공항,1,4960,0,0,4960
202512,202512,102,WJU,원주공항,1,15000,0,0,15000
202512,202512,010,ZZZZZ,기타항,1,420,0,0,420
202512,202512,012,ZZZZZ,기타항,3,10920,0,0,10920
202512,202512,017,ZZZZZ,기타항,1,510,0,0,510
202512,202512,021,ZZZZZ,기타항,2,57766,0,0,57766
202512,202512,120,ZZZZZ,기타항,7,25702,0,0,25702
202512,202512,152,ZZZZZ,기타항,3,0,0,0,0
202512,총계,,-,-,1275305,69513574715,4883706,57367683791,12145890924
202601,202601,010,010,서울세관,39,1377,0,0,1377
202601,202601,017,010,서울세관,33,523,0,0,523
202601,202601,011,037,부산국제우편세관,1,1201,0,0,1201
202601,202601,021,037,부산국제우편세관,9,1524,0,0,1524
202601,202601,023,037,부산국제우편세관,1,78982,0,0,78982
202601,202601,030,037,부산국제우편세관,3,6212,0,0,6212
202601,202601,033,037,부산국제우편세관,9,10096,0,0,10096
202601,202601,037,037,부산국제우편세관,2,2944,23,73061,-70117
202601,202601,039,037,부산국제우편세관,1,2170,0,0,2170
202601,202601,040,037,부산국제우편세관,0,0,5,5134,-5134
202601,202601,050,037,부산국제우편세관,2,15986,0,0,15986
202601,202601,082,037,부산국제우편세관,537,57494,0,0,57494
202601,202601,110,037,부산국제우편세관,1,165,0,0,165
202601,202601,040,040,인천공항세관,0,0,9,46485,-46485
202601,202601,150,CJJ,청주국제공항,1,26124,0,0,26124
202601,202601,151,CJJ,청주국제공항,1,15682,91,299090,-283408
202601,202601,090,CJU,제주국제공항,3,2705,217,827586,-824881
202601,202601,010,GMP,김포국제공항,13,2742861,0,0,2742861
202601,202601,012,GMP,김포국제공항,5,7406,0,0,7406
202601,202601,016,GMP,김포국제공항,2,10684,0,0,10684
202601,202601,017,GMP,김포국제공항,8,58227,0,0,58227
202601,202601,020,GMP,김포국제공항,16,11534,0,0,11534
202601,202601,021,GMP,김포국제공항,3,11763,0,0,11763
202601,202601,023,GMP,김포국제공항,150,614878,0,0,614878
202601,202601,040,GMP,김포국제공항,2914,1092579,0,0,1092579
202601,202601,041,GMP,김포국제공항,147,634826,2129,54367458,-53732632
202601,202601,071,GMP,김포국제공항,6,4722,0,0,4722
202601,202601,120,GMP,김포국제공항,18,1308528,0,0,1308528
202601,202601,130,GMP,김포국제공항,1790,114285,0,0,114285
202601,202601,131,GMP,김포국제공항,6,643639,0,0,643639
202601,202601,150,GMP,김포국제공항,4,27326,0,0,27326
202601,202601,010,ICN,인천국제공항,30669,300209921,1664,145478265,154731656
202601,202601,011,ICN,인천국제공항,3057,7997891,0,0,7997891
202601,202601,012,ICN,인천국제공항,13355,3237712407,1615,1170909800,2066802607
202601,202601,014,ICN,인천국제공항,9273,198249893,252,30962444,167287449
202601,202601,016,ICN,인천국제공항,6547,3843119809,5037,796359858,3046759951
202601,202601,017,ICN,인천국제공항,28826,321203569,3139,223893115,97310454
202601,202601,020,ICN,인천국제공항,109710,1146242814,3451,1198136539,-51893725
202601,202601,021,ICN,인천국제공항,17130,2122976644,8205,708053768,1414922876
202601,202601,023,ICN,인천국제공항,36544,279450114,1170,184545043,94905071
202601,202601,030,ICN,인천국제공항,9090,142695905,1027,84056630,58639275
202601,202601,033,ICN,인천국제공항,454,7863468,3,13002,7850466
202601,202601,037,ICN,인천국제공항,0,0,2,3770,-3770
202601,202601,039,ICN,인천국제공항,3263,11510026,276,36540135,-25030109
202601,202601,040,ICN,인천국제공항,341881,8467718988,3705069,10829372460,-2361653472
202601,202601,041,ICN,인천국제공항,17136,30512231,2193,195467593,-164955362
202601,202601,050,ICN,인천국제공항,569,16962738,65,4252956,12709782
202601,202601,051,ICN,인천국제공항,13,657904,154,12687793,-12029889
202601,202601,053,ICN,인천국제공항,3728,92442785,1876,101467775,-9024990
202601,202601,054,ICN,인천국제공항,39,440860,1,12344,428516
202601,202601,056,ICN,인천국제공항,2401,152188581,1026,62637219,89551362
202601,202601,060,ICN,인천국제공항,125,2094169,17,3103143,-1008974
202601,202601,062,ICN,인천국제공항,13,56007,4,54290,1717
202601,202601,070,ICN,인천국제공항,100,971523,50,3732939,-2761416
202601,202601,071,ICN,인천국제공항,3290,317980485,2203,654076122,-336095637
202601,202601,080,ICN,인천국제공항,138,24790245,14,1152192,23638053
202601,202601,081,ICN,인천국제공항,582,18616943,111,1793838,16823105
202601,202601,082,ICN,인천국제공항,1048,8379889,32,2194056,6185833
202601,202601,084,ICN,인천국제공항,21,54446,1,2425620,-2371174
202601,202601,090,ICN,인천국제공항,141,195414,76,4179930,-3984516
202601,202601,100,ICN,인천국제공항,130,2943866,7,937050,2006816
202601,202601,101,ICN,인천국제공항,11,347006,0,0,347006
202601,202601,102,ICN,인천국제공항,763,31158167,1,3844,31154323
202601,202601,110,ICN,인천국제공항,757,52632640,859,53991016,-1358376
202601,202601,120,ICN,인천국제공항,4835,134572540,250,29003237,105569303
202601,202601,121,ICN,인천국제공항,14555,2110604192,6091,1278391079,832213113
202601,202601,122,ICN,인천국제공항,317,3508033,25,526167,2981866
202601,202601,130,ICN,인천국제공항,19113,143508272,278,15058816,128449456
202601,202601,131,ICN,인천국제공항,6913,72436445,111,2652064,69784381
202601,202601,140,ICN,인천국제공항,211,2530414,944,21098043,-18567629
202601,202601,150,ICN,인천국제공항,3055,88983700,237,6626593,82357107
202601,202601,151,ICN,인천국제공항,8119,2052874719,1203,367372426,1685502293
202601,202601,152,ICN,인천국제공항,9943,5011359698,2670,1081599931,3929759767
202601,202601,153,ICN,인천국제공항,1584,38801443,80,2610800,36190643
202601,202601,154,ICN,인천국제공항,167,1670572,9,701597,968975
202601,202601,122,KPO,포항공항,1,11,0,0,11
202601,202601,010,KRBNP,부산신항,92,2555284,455,34240828,-31685544
202601,202601,011,KRBNP,부산신항,125,4096216,0,0,4096216
202601,202601,012,KRBNP,부산신항,282,7741782,7289,619507551,-611765769
202601,202601,014,KRBNP,부산신항,704,48410455,275,17229970,31180485
202601,202601,016,KRBNP,부산신항,566,64841079,2143,136063143,-71222064
202601,202601,017,KRBNP,부산신항,521,22707295,49,2046775,20660520
202601,202601,020,KRBNP,부산신항,660,36818989,677,29230588,7588401
202601,202601,021,KRBNP,부산신항,766,52301964,5711,542783741,-490481777
202601,202601,023,KRBNP,부산신항,353,14913931,71,12752447,2161484
202601,202601,030,KRBNP,부산신항,19804,1627492324,42558,4829081629,-3201589305
202601,202601,033,KRBNP,부산신항,625,32931087,1752,91769014,-58837927
202601,202601,039,KRBNP,부산신항,247,18395223,280,15334265,3060958
202601,202601,040,KRBNP,부산신항,22,529579,485,27208148,-26678569
202601,202601,041,KRBNP,부산신항,13,820548,863,46403274,-45582726
202601,202601,050,KRBNP,부산신항,211,14992618,73,957288,14035330
202601,202601,051,KRBNP,부산신항,2,301790,122,58815920,-58514130
202601,202601,052,KRBNP,부산신항,1,31006,1,38016,-7010
202601,202601,053,KRBNP,부산신항,9344,315561160,825,62059544,253501616
202601,202601,054,KRBNP,부산신항,11,737265,12,3729972,-2992707
202601,202601,056,KRBNP,부산신항,363,25382614,202,28529727,-3147113
202601,202601,060,KRBNP,부산신항,2874,228203306,19,2453008,225750298
202601,202601,062,KRBNP,부산신항,487,37973092,29,29753469,8219623
202601,202601,070,KRBNP,부산신항,51,2978567,73,21563681,-18585114
202601,202601,071,KRBNP,부산신항,1354,45944706,37,3476273,42468433
202601,202601,080,KRBNP,부산신항,161,10364985,63,4995448,5369537
202601,202601,081,KRBNP,부산신항,76,5093348,39,18207030,-13113682
202601,202601,082,KRBNP,부산신항,92,5194215,66,3034918,2159297
202601,202601,084,KRBNP,부산신항,67,3367525,0,0,3367525
202601,202601,090,KRBNP,부산신항,10,154364,105,2446982,-2292618
202601,202601,100,KRBNP,부산신항,32,6803267,3,193200,6610067
202601,202601,101,KRBNP,부산신항,4,200860,0,0,200860
202601,202601,102,KRBNP,부산신항,63,5407473,0,0,5407473
202601,202601,110,KRBNP,부산신항,3111,618386714,1140,435200034,183186680
202601,202601,120,KRBNP,부산신항,1459,85724399,82,6922996,78801403
202601,202601,121,KRBNP,부산신항,1042,71973952,158,16480447,55493505
202601,202601,122,KRBNP,부산신항,477,40809338,61,18908098,21901240
202601,202601,130,KRBNP,부산신항,96,3793061,36,2942254,850807
202601,202601,131,KRBNP,부산신항,388,17932347,1001,103548934,-85616587
202601,202601,140,KRBNP,부산신항,166,21618667,49,4438506,17180161
202601,202601,150,KRBNP,부산신항,365,18324306,19,17770165,554141
202601,202601,151,KRBNP,부산신항,341,41456546,295,37710031,3746515
202601,202601,152,KRBNP,부산신항,1049,70350695,304,25485015,44865680
202601,202601,153,KRBNP,부산신항,405,27246343,63,4255200,22991143
202601,202601,154,KRBNP,부산신항,615,52416599,8,1743723,50672876
202601,202601,084,KRBOR,보령항,1,824,30,359211510,-359210686
202601,202601,152,KRBOR,보령항,0,0,1,70,-70
202601,202601,090,KRCHA,제주항,8,602173,23,1628301,-1026128
202601,202601,020,KRCHF,진해항,27,528856,0,0,528856
202601,202601,023,KRCHF,진해항,1,14119,0,0,14119
202601,202601,030,KRCHF,진해항,4,104334147,0,0,104334147
202601,202601,053,KRCHF,진해항,15,2653914,7,5390516,-2736602
202601,202601,080,KRCHG,장항항,0,0,7,2368270,-2368270
202601,202601,150,KRCHG,장항항,1,127809,0,0,127809
202601,202601,070,KRDBL,대불항,3,6025987,1,2914,6023073
202601,202601,010,KRGIN,경인항,2,14826,1,1200,13626
202601,202601,012,KRGIN,경인항,0,0,2,2798,-2798
202601,202601,016,KRGIN,경인항,0,0,1,27020,-27020
202601,202601,020,KRGIN,경인항,919,8477564,958,33944338,-25466774
202601,202601,021,KRGIN,경인항,0,0,4,54441,-54441
202601,202601,023,KRGIN,경인항,0,0,1,595,-595
202601,202601,030,KRGIN,경인항,0,0,1,4512,-4512
202601,202601,040,KRGIN,경인항,0,0,4,211501,-211501
202601,202601,041,KRGIN,경인항,0,0,10,566482,-566482
202601,202601,053,KRGIN,경인항,0,0,13,155902,-155902
202601,202601,081,KRGIN,경인항,0,0,1,4892,-4892
202601,202601,131,KRGIN,경인항,0,0,1,3864,-3864
202601,202601,151,KRGIN,경인항,0,0,1,7115,-7115
202601,202601,152,KRGIN,경인항,1,118848,1,19909,98939
202601,202601,153,KRGIN,경인항,1,31375,0,0,31375
202601,202601,062,KRHAD,하동항,1,38000000,0,0,38000000
202601,202601,062,KRHSA,호산항,0,0,1,4625150,-4625150
202601,202601,100,KRHSA,호산항,0,0,2,9707255,-9707255
202601,202601,010,KRINC,인천항,1413,36110583,814,8708911,27401672
202601,202601,011,KRINC,인천항,174,5484148,0,0,5484148
202601,202601,012,KRINC,인천항,753,37735725,814,55810886,-18075161
202601,202601,014,KRINC,인천항,1789,108467248,145,12913649,95553599
202601,202601,016,KRINC,인천항,1047,155111058,528,26166337,128944721
202601,202601,017,KRINC,인천항,1504,144772264,151,10082613,134689651
202601,202601,020,KRINC,인천항,54360,2039391291,538240,6806974488,-4767583197
202601,202601,021,KRINC,인천항,2147,101663066,330,20468833,81194233
202601,202601,023,KRINC,인천항,2495,97493301,63,4792668,92700633
202601,202601,030,KRINC,인천항,292,30325197,24,3474345,26850852
202601,202601,033,KRINC,인천항,67,1787162,20,372389,1414773
202601,202601,039,KRINC,인천항,376,1323244,15,1041781,281463
202601,202601,040,KRINC,인천항,295,23378097,461,36460359,-13082262
202601,202601,041,KRINC,인천항,43,806633,323,24834528,-24027895
202601,202601,050,KRINC,인천항,29,1661328,7,195608,1465720
202601,202601,051,KRINC,인천항,0,0,1,78387,-78387
202601,202601,053,KRINC,인천항,316,10751302,27,3623341,7127961
202601,202601,054,KRINC,인천항,4,197528,0,0,197528
202601,202601,056,KRINC,인천항,23,187265,0,0,187265
202601,202601,060,KRINC,인천항,29,650323,0,0,650323
202601,202601,062,KRINC,인천항,32,668048,0,0,668048
202601,202601,070,KRINC,인천항,16,2866002,0,0,2866002
202601,202601,071,KRINC,인천항,104,4669868,29,1146011,3523857
202601,202601,080,KRINC,인천항,57,9204684,17,2730202,6474482
202601,202601,081,KRINC,인천항,76,3389611,44,1581252,1808359
202601,202601,082,KRINC,인천항,75,2209327,33,1042389,1166938
202601,202601,084,KRINC,인천항,26,739844,0,0,739844
202601,202601,090,KRINC,인천항,2,34083,13,197543,-163460
202601,202601,100,KRINC,인천항,9,1685831,0,0,1685831
202601,202601,101,KRINC,인천항,0,0,2,37429,-37429
202601,202601,102,KRINC,인천항,113,7229346,0,0,7229346
202601,202601,110,KRINC,인천항,88,10941044,30,2673279,8267765
202601,202601,120,KRINC,인천항,400,91833641,25,766201,91067440
202601,202601,121,KRINC,인천항,381,65444120,89,1499986,63944134
202601,202601,122,KRINC,인천항,77,20129574,0,0,20129574
202601,202601,130,KRINC,인천항,581,21951199,54,1178560,20772639
202601,202601,131,KRINC,인천항,539,22994134,122,9062495,13931639
202601,202601,150,KRINC,인천항,277,22225472,10,426872,21798600
202601,202601,151,KRINC,인천항,444,29172885,131,24659095,4513790
202601,202601,152,KRINC,인천항,1170,250219643,305,13244942,236974701
202601,202601,153,KRINC,인천항,197,11570973,10,177593,11393380
202601,202601,154,KRINC,인천항,1025,90456640,0,0,90456640
202601,202601,010,KRKAN,광양항,2,57218,0,0,57218
202601,202601,011,KRKAN,광양항,2,152987,0,0,152987
202601,202601,012,KRKAN,광양항,13,354872,1,45072,309800
202601,202601,014,KRKAN,광양항,51,4900482,0,0,4900482
202601,202601,016,KRKAN,광양항,28,7976485,6,258720,7717765
202601,202601,017,KRKAN,광양항,2,41831,0,0,41831
202601,202601,020,KRKAN,광양항,155,2009025,0,0,2009025
202601,202601,021,KRKAN,광양항,32,1397181,0,0,1397181
202601,202601,023,KRKAN,광양항,3,290286,0,0,290286
202601,202601,030,KRKAN,광양항,44,4225653,9,72692,4152961
202601,202601,033,KRKAN,광양항,10,410246,0,0,410246
202601,202601,039,KRKAN,광양항,22,619476,0,0,619476
202601,202601,051,KRKAN,광양항,0,0,8,7849868,-7849868
202601,202601,052,KRKAN,광양항,0,0,10,499129,-499129
202601,202601,053,KRKAN,광양항,36,1377686,0,0,1377686
202601,202601,056,KRKAN,광양항,29,1599604,0,0,1599604
202601,202601,060,KRKAN,광양항,4926,466904034,2,61897,466842137
202601,202601,062,KRKAN,광양항,6729,1198042910,6931,1083559331,114483579
202601,202601,070,KRKAN,광양항,167,10411741,9,1206658,9205083
202601,202601,071,KRKAN,광양항,1827,82602279,17,2112604,80489675
202601,202601,080,KRKAN,광양항,378,31907423,21,1761676,30145747
202601,202601,081,KRKAN,광양항,277,15680017,26,43083444,-27403427
202601,202601,082,KRKAN,광양항,440,37784102,37,2227425,35556677
202601,202601,084,KRKAN,광양항,15,1211874,0,0,1211874
202601,202601,100,KRKAN,광양항,0,0,3,126146,-126146
202601,202601,102,KRKAN,광양항,8,372634,0,0,372634
202601,202601,110,KRKAN,광양항,12,1237213,0,0,1237213
202601,202601,120,KRKAN,광양항,98,4499914,0,0,4499914
202601,202601,121,KRKAN,광양항,224,8756479,0,0,8756479
202601,202601,122,KRKAN,광양항,60,3437821,0,0,3437821
202601,202601,130,KRKAN,광양항,2,62286,0,0,62286
202601,202601,131,KRKAN,광양항,2,6380,2,158737,-152357
202601,202601,150,KRKAN,광양항,115,5134309,0,0,5134309
202601,202601,151,KRKAN,광양항,18,1588000,0,0,1588000
202601,202601,152,KRKAN,광양항,88,25836747,0,0,25836747
202601,202601,153,KRKAN,광양항,3,105067,1,56894,48173
202601,202601,154,KRKAN,광양항,343,30631305,4,357643,30273662
202601,202601,020,KRKCN,감천항,246,6552559,0,0,6552559
202601,202601,030,KRKCN,감천항,232,11760870,721,154016601,-142255731
202601,202601,051,KRKCN,감천항,0,0,2,4647924,-4647924
202601,202601,052,KRKCN,감천항,10,118784,0,0,118784
202601,202601,053,KRKCN,감천항,21,364803,3,17157,347646
202601,202601,056,KRKCN,감천항,0,0,3,780920,-780920
202601,202601,070,KRKCN,감천항,0,0,1,720750,-720750
202601,202601,080,KRKCN,감천항,0,0,1,120841,-120841
202601,202601,110,KRKCN,감천항,4,32158,5,457704,-425546
202601,202601,122,KRKCN,감천항,0,0,1,152475,-152475
202601,202601,152,KRKCN,감천항,1,67207,0,0,67207
202601,202601,051,KRKHN,고현항,61,216278439,31,50199344,166079095
202601,202601,020,KRKPO,포항항,1,10200,0,0,10200
202601,202601,030,KRKPO,포항항,0,0,3,133,-133
202601,202601,039,KRKPO,포항항,2,195330,0,0,195330
202601,202601,053,KRKPO,포항항,1,109695,0,0,109695
202601,202601,062,KRKPO,포항항,10,1128744,0,0,1128744
202601,202601,080,KRKPO,포항항,2,634633,0,0,634633
202601,202601,120,KRKPO,포항항,3,707649,0,0,707649
202601,202601,122,KRKPO,포항항,1252,396701024,127,107990528,288710496
202601,202601,140,KRKPO,포항항,0,0,1,200,-200
202601,202601,152,KRKPO,포항항,12,1163776,0,0,1163776
202601,202601,016,KRKUV,군산항,1,5012,0,0,5012
202601,202601,020,KRKUV,군산항,105,6111127,6484,35486461,-29375334
202601,202601,023,KRKUV,군산항,5,424363,0,0,424363
202601,202601,030,KRKUV,군산항,1,54513,1,26157,28356
202601,202601,040,KRKUV,군산항,1,47303,1,1232,46071
202601,202601,041,KRKUV,군산항,3,115943,0,0,115943
202601,202601,050,KRKUV,군산항,2,98096,0,0,98096
202601,202601,053,KRKUV,군산항,6,325491,0,0,325491
202601,202601,054,KRKUV,군산항,0,0,1,9934,-9934
202601,202601,060,KRKUV,군산항,2,31862,0,0,31862
202601,202601,070,KRKUV,군산항,8,732299,0,0,732299
202601,202601,071,KRKUV,군산항,12,737707,0,0,737707
202601,202601,080,KRKUV,군산항,376,91354868,174372,306348676,-214993808
202601,202601,081,KRKUV,군산항,4,232404,5,317972,-85568
202601,202601,082,KRKUV,군산항,32,5643176,22,999593,4643583
202601,202601,102,KRKUV,군산항,4,12247,0,0,12247
202601,202601,110,KRKUV,군산항,4,1459762,0,0,1459762
202601,202601,121,KRKUV,군산항,14,308928,0,0,308928
202601,202601,150,KRKUV,군산항,5,233263,0,0,233263
202601,202601,151,KRKUV,군산항,3,1415335,0,0,1415335
202601,202601,152,KRKUV,군산항,4,1437992,0,0,1437992
202601,202601,153,KRKUV,군산항,1,1397625,0,0,1397625
202601,202601,154,KRKUV,군산항,6,1433541,0,0,1433541
202601,202601,012,KRMAS,마산항,1,16800,0,0,16800
202601,202601,014,KRMAS,마산항,6,4503959,0,0,4503959
202601,202601,016,KRMAS,마산항,7,591298,0,0,591298
202601,202601,017,KRMAS,마산항,18,468946,132,7366804,-6897858
202601,202601,020,KRMAS,마산항,125,8794173,0,0,8794173
202601,202601,021,KRMAS,마산항,8,1154391,0,0,1154391
202601,202601,023,KRMAS,마산항,23,725541,0,0,725541
202601,202601,030,KRMAS,마산항,32,48420010,3,14090,48405920
202601,202601,033,KRMAS,마산항,6,210121,0,0,210121
202601,202601,039,KRMAS,마산항,4,4498301,0,0,4498301
202601,202601,050,KRMAS,마산항,239,451235270,289,40031227,411204043
202601,202601,051,KRMAS,마산항,0,0,15,23576635,-23576635
202601,202601,053,KRMAS,마산항,321,244682116,0,0,244682116
202601,202601,054,KRMAS,마산항,1,477882,0,0,477882
202601,202601,056,KRMAS,마산항,10,9935384,3,730386,9204998
202601,202601,060,KRMAS,마산항,2,15463590,0,0,15463590
202601,202601,071,KRMAS,마산항,1,5450,0,0,5450
202601,202601,080,KRMAS,마산항,26,5957907,0,0,5957907
202601,202601,082,KRMAS,마산항,6,767764,0,0,767764
202601,202601,084,KRMAS,마산항,1,4200,0,0,4200
202601,202601,102,KRMAS,마산항,1,477755,0,0,477755
202601,202601,110,KRMAS,마산항,68,100698762,0,0,100698762
202601,202601,120,KRMAS,마산항,24,2307189,0,0,2307189
202601,202601,121,KRMAS,마산항,12,52463554,0,0,52463554
202601,202601,122,KRMAS,마산항,15,3681338,0,0,3681338
202601,202601,150,KRMAS,마산항,4,110797520,0,0,110797520
202601,202601,151,KRMAS,마산항,11,3072022,0,0,3072022
202601,202601,152,KRMAS,마산항,41,7871290,0,0,7871290
202601,202601,153,KRMAS,마산항,3,523854,0,0,523854
202601,202601,154,KRMAS,마산항,4,3409765,0,0,3409765
202601,202601,110,KRMIP,미포항,22,1084638078,0,0,1084638078
202601,202601,014,KRMOK,목포항,1,3020000,0,0,3020000
202601,202601,021,KRMOK,목포항,1,23902,0,0,23902
202601,202601,030,KRMOK,목포항,18,193081,0,0,193081
202601,202601,039,KRMOK,목포항,2,2680,0,0,2680
202601,202601,053,KRMOK,목포항,1,3360,0,0,3360
202601,202601,070,KRMOK,목포항,125,957836582,37,66256621,891579961
202601,202601,110,KRMOK,목포항,1,381,0,0,381
202601,202601,100,KRMUK,묵호항,4,464850,0,0,464850
202601,202601,100,KROKK,옥계항,1,1099052,44,6299753,-5200701
202601,202601,051,KROKP,옥포항,19,581726272,31,29379085,552347187
202601,202601,110,KRONS,온산항,343,954798052,15,649159588,305638464
202601,202601,010,KRPTK,평택항,8,31697,3,19073,12624
202601,202601,011,KRPTK,평택항,2,35956,0,0,35956
202601,202601,012,KRPTK,평택항,50,4971347,84,2814298,2157049
202601,202601,014,KRPTK,평택항,84,8758782,4,46405,8712377
202601,202601,016,KRPTK,평택항,5394,2170514938,206220,2923705607,-753190669
202601,202601,017,KRPTK,평택항,40,7184537,4,297969,6886568
202601,202601,020,KRPTK,평택항,729,36596228,5416,35000095,1596133
202601,202601,021,KRPTK,평택항,117,30202894,3088,131780880,-101577986
202601,202601,023,KRPTK,평택항,25,8209183,1,91542,8117641
202601,202601,030,KRPTK,평택항,124,25603164,66,11018900,14584264
202601,202601,033,KRPTK,평택항,7,810345,0,0,810345
202601,202601,039,KRPTK,평택항,1,177210,13153,453508,-276298
202601,202601,040,KRPTK,평택항,2,23361,7,201690,-178329
202601,202601,050,KRPTK,평택항,20,790593,0,0,790593
202601,202601,053,KRPTK,평택항,82,4689189,0,0,4689189
202601,202601,054,KRPTK,평택항,1,28466,0,0,28466
202601,202601,056,KRPTK,평택항,8,3959413,3,445493,3513920
202601,202601,062,KRPTK,평택항,1,9880,0,0,9880
202601,202601,070,KRPTK,평택항,2,324439,0,0,324439
202601,202601,071,KRPTK,평택항,20,1268515,2,219687,1048828
202601,202601,080,KRPTK,평택항,25,9851882,1,83923,9767959
202601,202601,081,KRPTK,평택항,19,1431371,1,1580,1429791
202601,202601,082,KRPTK,평택항,15,394148,0,0,394148
202601,202601,084,KRPTK,평택항,2,29635,0,0,29635
202601,202601,102,KRPTK,평택항,9,1231309,0,0,1231309
202601,202601,110,KRPTK,평택항,25,7467045,7,152436,7314609
202601,202601,120,KRPTK,평택항,99,31981108,0,0,31981108
202601,202601,121,KRPTK,평택항,124,25193242,1,50652,25142590
202601,202601,122,KRPTK,평택항,28,9197273,0,0,9197273
202601,202601,130,KRPTK,평택항,11,112763,0,0,112763
202601,202601,131,KRPTK,평택항,15,1293935,12,317233,976702
202601,202601,150,KRPTK,평택항,47,2912938,10,974467,1938471
202601,202601,151,KRPTK,평택항,252,44727425,26,2150061,42577364
202601,202601,152,KRPTK,평택항,971,167864879,202,36211592,131653287
202601,202601,153,KRPTK,평택항,22,4439306,1,73547,4365759
202601,202601,154,KRPTK,평택항,500,64244731,3,633,64244098
202601,202601,010,KRPUS,부산항,1931,27928185,100,3993655,23934530
202601,202601,011,KRPUS,부산항,417,13513184,0,0,13513184
202601,202601,012,KRPUS,부산항,2582,141582593,610,117281409,24301184
202601,202601,014,KRPUS,부산항,4309,309245022,57,7082038,302162984
202601,202601,016,KRPUS,부산항,4337,385007387,739,346255509,38751878
202601,202601,017,KRPUS,부산항,2801,130784061,118,7651328,123132733
202601,202601,020,KRPUS,부산항,4235,252232442,334,14987225,237245217
202601,202601,021,KRPUS,부산항,4619,414276728,688,103683694,310593034
202601,202601,023,KRPUS,부산항,2844,174920471,11,3780551,171139920
202601,202601,030,KRPUS,부산항,48688,3508990952,56776,4284884433,-775893481
202601,202601,033,KRPUS,부산항,3933,238339356,3095,94723499,143615857
202601,202601,037,KRPUS,부산항,0,0,2,4330,-4330
202601,202601,039,KRPUS,부산항,2433,133308657,80813,86843275,46465382
202601,202601,040,KRPUS,부산항,431,31997168,156,4942217,27054951
202601,202601,041,KRPUS,부산항,60,4735284,98,6706144,-1970860
202601,202601,050,KRPUS,부산항,1222,81259081,48,918993,80340088
202601,202601,051,KRPUS,부산항,9,582177,101,34108652,-33526475
202601,202601,052,KRPUS,부산항,7,704596,0,0,704596
202601,202601,053,KRPUS,부산항,9461,518095912,732,35610562,482485350
202601,202601,054,KRPUS,부산항,32,1483507,5,97916,1385591
202601,202601,056,KRPUS,부산항,1464,127052795,125,10923733,116129062
202601,202601,060,KRPUS,부산항,1872,143354907,11,701944,142652963
202601,202601,062,KRPUS,부산항,687,57164039,16,2550612,54613427
202601,202601,070,KRPUS,부산항,432,22485044,70,9316556,13168488
202601,202601,071,KRPUS,부산항,1139,93823544,101,8229305,85594239
202601,202601,080,KRPUS,부산항,929,104405916,95,12364537,92041379
202601,202601,081,KRPUS,부산항,840,79815489,69,3109352,76706137
202601,202601,082,KRPUS,부산항,1662,159273529,140,3542418,155731111
202601,202601,084,KRPUS,부산항,136,7309462,0,0,7309462
202601,202601,090,KRPUS,부산항,71,1649180,67,2350032,-700852
202601,202601,100,KRPUS,부산항,44,2857980,8,285241,2572739
202601,202601,101,KRPUS,부산항,28,968885,22,747502,221383
202601,202601,102,KRPUS,부산항,599,39547150,0,0,39547150
202601,202601,110,KRPUS,부산항,9726,1037256999,718,64047544,973209455
202601,202601,120,KRPUS,부산항,8729,520921525,244,15098801,505822724
202601,202601,121,KRPUS,부산항,7253,593272220,607,38239939,555032281
202601,202601,122,KRPUS,부산항,2145,233438083,83,18620102,214817981
202601,202601,130,KRPUS,부산항,831,22315270,10,672428,21642842
202601,202601,131,KRPUS,부산항,1729,79195334,164,21918711,57276623
202601,202601,140,KRPUS,부산항,39,7678340,29,3917690,3760650
202601,202601,150,KRPUS,부산항,3644,291474158,74,108258275,183215883
202601,202601,151,KRPUS,부산항,3687,492972809,404,135237379,357735430
202601,202601,152,KRPUS,부산항,5088,435016688,278,20217904,414798784
202601,202601,153,KRPUS,부산항,2460,194390183,65,6286714,188103469
202601,202601,154,KRPUS,부산항,1587,199837485,14,775705,199061780
202601,202601,030,KRSCP,삼천포항,0,0,4,61,-61
202601,202601,052,KRSCP,삼천포항,0,0,21,86821560,-86821560
202601,202601,056,KRSCP,삼천포항,0,0,10,9633156,-9633156
202601,202601,062,KRSHG,포항신항,1,35506,0,0,35506
202601,202601,110,KRSHG,포항신항,0,0,6,5926418,-5926418
202601,202601,122,KRSHG,포항신항,33,13713158,88,352000748,-338287590
202601,202601,101,KRSHO,속초항,0,0,7,2459757,-2459757
202601,202601,154,KRTAN,태안항,0,0,16,137664375,-137664375
202601,202601,010,KRTGH,동해항,11,230542,0,0,230542
202601,202601,012,KRTGH,동해항,3,146436,0,0,146436
202601,202601,014,KRTGH,동해항,6,282036,0,0,282036
202601,202601,017,KRTGH,동해항,9,131785,0,0,131785
202601,202601,020,KRTGH,동해항,306,7968438,0,0,7968438
202601,202601,021,KRTGH,동해항,2,83721,0,0,83721
202601,202601,023,KRTGH,동해항,37,796346,0,0,796346
202601,202601,030,KRTGH,동해항,15,128108,1,71,128037
202601,202601,100,KRTGH,동해항,153,11425198,200,181246696,-169821498
202601,202601,110,KRTGH,동해항,1,24300,0,0,24300
202601,202601,131,KRTGH,동해항,10,1037507,0,0,1037507
202601,202601,140,KRTGH,동해항,0,0,3,794,-794
202601,202601,151,KRTGH,동해항,31,1141265,0,0,1141265
202601,202601,016,KRTJI,당진항,5,6150029,57,294019264,-287869235
202601,202601,020,KRTJI,당진항,75,5293513,1,59826,5233687
202601,202601,039,KRTJI,당진항,5,314885,0,0,314885
202601,202601,053,KRTJI,당진항,6,1382101,0,0,1382101
202601,202601,060,KRTJI,당진항,33,5622600,0,0,5622600
202601,202601,062,KRTJI,당진항,3,229959,0,0,229959
202601,202601,080,KRTJI,당진항,14,2559634,0,0,2559634
202601,202601,110,KRTJI,당진항,22,2993979,0,0,2993979
202601,202601,121,KRTJI,당진항,4,321781,0,0,321781
202601,202601,122,KRTJI,당진항,4,1036268,0,0,1036268
202601,202601,152,KRTJI,당진항,605,188441507,4,2425069,186016438
202601,202601,154,KRTJI,당진항,0,0,12,104938606,-104938606
202601,202601,060,KRTSN,대산항,3,5612161,0,0,5612161
202601,202601,152,KRTSN,대산항,0,0,2,214,-214
202601,202601,154,KRTSN,대산항,464,1010863729,203,2155518499,-1144654770
202601,202601,030,KRTYG,통영항,0,0,1,7,-7
202601,202601,054,KRTYG,통영항,7,264753,320,20396671,-20131918
202601,202601,016,KRUSN,울산항,0,0,2,2486675,-2486675
202601,202601,020,KRUSN,울산항,1,41379,0,0,41379
202601,202601,021,KRUSN,울산항,1,89199,0,0,89199
202601,202601,023,KRUSN,울산항,1,637867,0,0,637867
202601,202601,030,KRUSN,울산항,19,1418346,8,36810,1381536
202601,202601,039,KRUSN,울산항,7,3334845,0,0,3334845
202601,202601,053,KRUSN,울산항,17,2874749,7,117333,2757416
202601,202601,060,KRUSN,울산항,21,9362332,1,240,9362092
202601,202601,062,KRUSN,울산항,1,80937,0,0,80937
202601,202601,080,KRUSN,울산항,5,2981737,0,0,2981737
202601,202601,082,KRUSN,울산항,2,724125,0,0,724125
202601,202601,100,KRUSN,울산항,0,0,3,139698,-139698
202601,202601,102,KRUSN,울산항,2,129555,0,0,129555
202601,202601,110,KRUSN,울산항,5627,4019034632,2854,4862914164,-843879532
202601,202601,120,KRUSN,울산항,12,2996666,1,33665,2963001
202601,202601,121,KRUSN,울산항,2,59704,1,1434,58270
202601,202601,122,KRUSN,울산항,6,944347,0,0,944347
202601,202601,150,KRUSN,울산항,2,21394,0,0,21394
202601,202601,151,KRUSN,울산항,2,5688,0,0,5688
202601,202601,152,KRUSN,울산항,5,1589408,0,0,1589408
202601,202601,154,KRUSN,울산항,2,4166554,0,0,4166554
202601,202601,122,KRYMH,영일만항,1,38101,85,16289808,-16251707
202601,202601,060,KRYOC,여천항,0,0,82,526389743,-526389743
202601,202601,030,KRYOS,여수항,0,0,8,6616,-6616
202601,202601,060,KRYOS,여수항,316,1269917573,243,2174553381,-904635808
202601,202601,062,KRYOS,여수항,3,219225,0,0,219225
202601,202601,110,KRYOS,여수항,1,1132529,0,0,1132529
202601,202601,152,KRYOS,여수항,4,749121,0,0,749121
202601,202601,154,KRYOS,여수항,5,6471688,0,0,6471688
202601,202601,010,KRZZZ,기타불개항,4,3752731,0,0,3752731
202601,202601,016,KRZZZ,기타불개항,0,0,2,130,-130
202601,202601,017,KRZZZ,기타불개항,0,0,3,9606,-9606
202601,202601,020,KRZZZ,기타불개항,0,0,31,8744735,-8744735
202601,202601,051,KRZZZ,기타불개항,2,140138,3,393937,-253799
202601,202601,054,KRZZZ,기타불개항,4,12078,11,399805839,-399793761
202601,202601,062,KRZZZ,기타불개항,0,0,8,74559613,-74559613
202601,202601,070,KRZZZ,기타불개항,3,466500,5,1130501,-664001
202601,202601,081,KRZZZ,기타불개항,3,513587,0,0,513587
202601,202601,082,KRZZZ,기타불개항,1,1123,0,0,1123
202601,202601,090,KRZZZ,기타불개항,1,143174,0,0,143174
202601,202601,100,KRZZZ,기타불개항,3,11692,3,98037770,-98026078
202601,202601,121,KRZZZ,기타불개항,0,0,3,278221,-278221
202601,202601,080,KUV,군산공항,2,2373,0,0,2373
202601,202601,010,PUS,김해국제공항,1,88331,0,0,88331
202601,202601,012,PUS,김해국제공항,1,2014,0,0,2014
202601,202601,014,PUS,김해국제공항,0,0,2,42434,-42434
202601,202601,016,PUS,김해국제공항,0,0,4,162894,-162894
202601,202601,017,PUS,김해국제공항,0,0,17,2282068,-2282068
202601,202601,021,PUS,김해국제공항,3,36789,0,0,36789
202601,202601,030,PUS,김해국제공항,420,8341112,95,788307,7552805
202601,202601,033,PUS,김해국제공항,59,510602,1,2269,508333
202601,202601,039,PUS,김해국제공항,83,474151,2,170,473981
202601,202601,040,PUS,김해국제공항,48,576657,6,417585,159072
202601,202601,050,PUS,김해국제공항,48,13132850,2,57536,13075314
202601,202601,051,PUS,김해국제공항,4,5408,1,392,5016
202601,202601,053,PUS,김해국제공항,104,1453011,10,210078,1242933
202601,202601,056,PUS,김해국제공항,27,3399399,23,938342,2461057
202601,202601,060,PUS,김해국제공항,5,272118,0,0,272118
202601,202601,071,PUS,김해국제공항,2,10494,0,0,10494
202601,202601,110,PUS,김해국제공항,15,16137,3,8645,7492
202601,202601,120,PUS,김해국제공항,14,176105,0,0,176105
202601,202601,121,PUS,김해국제공항,7,211464,12,5773826,-5562362
202601,202601,131,PUS,김해국제공항,1,3655,0,0,3655
202601,202601,140,PUS,김해국제공항,257,1737010,1044,9910298,-8173288
202601,202601,151,PUS,김해국제공항,0,0,1,381322,-381322
202601,202601,152,PUS,김해국제공항,1,7411,0,0,7411
202601,202601,012,SSN,성남공항,0,0,2,38124,-38124
202601,202601,120,TAE,대구국제공항,10,28655,102,360041,-331386
202601,202601,040,USN,울산공항,1,4882,0,0,4882
202601,202601,010,ZZZZZ,기타항,2,2629,0,0,2629
202601,202601,012,ZZZZZ,기타항,4,19708,0,0,19708
202601,202601,017,ZZZZZ,기타항,2,512,0,0,512
202601,202601,020,ZZZZZ,기타항,1,19680,0,0,19680
202601,202601,120,ZZZZZ,기타항,5,38081,0,0,38081
202601,202601,130,ZZZZZ,기타항,1,13302,0,0,13302
202601,202601,150,ZZZZZ,기타항,1,1400,0,0,1400
202601,202601,152,ZZZZZ,기타항,6,0,0,0,0
202601,총계,,-,-,1027986,65843871438,4936713,57143468789,8700402649
202602,202602,010,010,서울세관,49,1099,0,0,1099
202602,202602,017,010,서울세관,96,1787,0,0,1787
202602,202602,020,010,서울세관,2,98,0,0,98
202602,202602,030,010,서울세관,1,21122,0,0,21122
202602,202602,130,010,서울세관,4,505,0,0,505
202602,202602,010,037,부산국제우편세관,1,825,0,0,825
202602,202602,021,037,부산국제우편세관,16,2103,0,0,2103
202602,202602,030,037,부산국제우편세관,2,4292,0,0,4292
202602,202602,033,037,부산국제우편세관,6,7278,0,0,7278
202602,202602,037,037,부산국제우편세관,1,1437,14,54016,-52579
202602,202602,039,037,부산국제우편세관,1,1481,0,0,1481
202602,202602,040,037,부산국제우편세관,0,0,2,896,-896
202602,202602,082,037,부산국제우편세관,19,1710,0,0,1710
202602,202602,130,037,부산국제우편세관,1,631,0,0,631
202602,202602,040,040,인천공항세관,0,0,8,19651,-19651
202602,202602,121,CJJ,청주국제공항,1,5651,0,0,5651
202602,202602,151,CJJ,청주국제공항,1,2007,71,229024,-227017
202602,202602,090,CJU,제주국제공항,2,918,208,757643,-756725
202602,202602,010,GMP,김포국제공항,12,1913521,0,0,1913521
202602,202602,011,GMP,김포국제공항,1,7129,0,0,7129
202602,202602,012,GMP,김포국제공항,3,11398,0,0,11398
202602,202602,014,GMP,김포국제공항,1,5195,0,0,5195
202602,202602,017,GMP,김포국제공항,3,11746,0,0,11746
202602,202602,020,GMP,김포국제공항,17,87980,0,0,87980
202602,202602,021,GMP,김포국제공항,1,10,0,0,10
202602,202602,023,GMP,김포국제공항,104,376171,0,0,376171
202602,202602,033,GMP,김포국제공항,1,1200,0,0,1200
202602,202602,040,GMP,김포국제공항,2328,706337,3,140132,566205
202602,202602,041,GMP,김포국제공항,121,535193,1549,52388599,-51853406
202602,202602,053,GMP,김포국제공항,1,1040,0,0,1040
202602,202602,071,GMP,김포국제공항,10,7656,0,0,7656
202602,202602,120,GMP,김포국제공항,15,1100301,0,0,1100301
202602,202602,130,GMP,김포국제공항,1612,103325,0,0,103325
202602,202602,131,GMP,김포국제공항,6,221621,0,0,221621
202602,202602,010,ICN,인천국제공항,31011,520010756,1764,137306607,382704149
202602,202602,011,ICN,인천국제공항,2587,7558298,2,3190,7555108
202602,202602,012,ICN,인천국제공항,10800,3964242867,1569,861654211,3102588656
202602,202602,014,ICN,인천국제공항,7581,179524663,232,33001958,146522705
202602,202602,016,ICN,인천국제공항,6260,3913116907,4832,714641534,3198475373
202602,202602,017,ICN,인천국제공항,28123,267438146,2674,165915217,101522929
202602,202602,020,ICN,인천국제공항,106725,1222628734,3104,1168507394,54121340
202602,202602,021,ICN,인천국제공항,14657,2216096886,8130,690941767,1525155119
202602,202602,023,ICN,인천국제공항,35376,284288356,1053,224961855,59326501
202602,202602,030,ICN,인천국제공항,7657,135792268,1080,81032194,54760074
202602,202602,033,ICN,인천국제공항,391,5898153,10,122855,5775298
202602,202602,037,ICN,인천국제공항,0,0,2,1480,-1480
202602,202602,039,ICN,인천국제공항,2790,9758237,208,27532221,-17773984
202602,202602,040,ICN,인천국제공항,347532,11506285223,3133724,11525278138,-18992915
202602,202602,041,ICN,인천국제공항,10217,34277426,2183,192042698,-157765272
202602,202602,050,ICN,인천국제공항,449,7866535,60,2597165,5269370
202602,202602,051,ICN,인천국제공항,8,423240,197,18013777,-17590537
202602,202602,053,ICN,인천국제공항,3668,83714403,1799,110638546,-26924143
202602,202602,054,ICN,인천국제공항,8,109181,1,118,109063
202602,202602,056,ICN,인천국제공항,2273,57202340,1149,75994861,-18792521
202602,202602,060,ICN,인천국제공항,124,2131578,10,313009,1818569
202602,202602,062,ICN,인천국제공항,15,210730,3,93687,117043
202602,202602,070,ICN,인천국제공항,86,1163303,54,1925225,-761922
202602,202602,071,ICN,인천국제공항,3114,281361322,2011,591615864,-310254542
202602,202602,080,ICN,인천국제공항,137,11046561,21,944519,10102042
202602,202602,081,ICN,인천국제공항,449,18211272,121,1740885,16470387
202602,202602,082,ICN,인천국제공항,676,6857166,18,1340826,5516340
202602,202602,084,ICN,인천국제공항,12,51089,0,0,51089
202602,202602,090,ICN,인천국제공항,51,155087,93,4181107,-4026020
202602,202602,100,ICN,인천국제공항,125,4250453,2,96337,4154116
202602,202602,102,ICN,인천국제공항,750,42015697,0,0,42015697
202602,202602,110,ICN,인천국제공항,714,141148409,906,56288787,84859622
202602,202602,120,ICN,인천국제공항,3991,112805518,242,17579617,95225901
202602,202602,121,ICN,인천국제공항,13132,1694867158,5090,1106483792,588383366
202602,202602,122,ICN,인천국제공항,234,4062541,41,383433,3679108
202602,202602,130,ICN,인천국제공항,15687,164802197,272,11149946,153652251
202602,202602,131,ICN,인천국제공항,6791,76519649,131,2342220,74177429
202602,202602,140,ICN,인천국제공항,206,2308057,943,26326734,-24018677
202602,202602,150,ICN,인천국제공항,2904,99326083,229,7434226,91891857
202602,202602,151,ICN,인천국제공항,7234,2670112621,1059,265920351,2404192270
202602,202602,152,ICN,인천국제공항,9955,5515135264,2483,1075969319,4439165945
202602,202602,153,ICN,인천국제공항,1380,36343278,96,3904352,32438926
202602,202602,154,ICN,인천국제공항,139,1552504,12,127019,1425485
202602,202602,010,KRBNP,부산신항,92,3078552,533,14715923,-11637371
202602,202602,011,KRBNP,부산신항,94,3325349,0,0,3325349
202602,202602,012,KRBNP,부산신항,263,13896268,4576,353645608,-339749340
202602,202602,014,KRBNP,부산신항,561,44555634,165,9893124,34662510
202602,202602,016,KRBNP,부산신항,450,62965304,1505,100975504,-38010200
202602,202602,017,KRBNP,부산신항,452,19392349,35,1624250,17768099
202602,202602,020,KRBNP,부산신항,568,30323452,528,25542666,4780786
202602,202602,021,KRBNP,부산신항,734,56955348,3232,285713318,-228757970
202602,202602,023,KRBNP,부산신항,321,12652931,69,5671395,6981536
202602,202602,030,KRBNP,부산신항,17246,1506879399,36674,4105718161,-2598838762
202602,202602,033,KRBNP,부산신항,573,48381822,1552,93451208,-45069386
202602,202602,039,KRBNP,부산신항,239,26201692,405,42542759,-16341067
202602,202602,040,KRBNP,부산신항,12,546549,360,22294250,-21747701
202602,202602,041,KRBNP,부산신항,10,440154,627,24617858,-24177704
202602,202602,050,KRBNP,부산신항,187,16350220,74,945695,15404525
202602,202602,051,KRBNP,부산신항,1,133272,103,25351620,-25218348
202602,202602,052,KRBNP,부산신항,2,40391,0,0,40391
202602,202602,053,KRBNP,부산신항,10968,339195720,699,58962549,280233171
202602,202602,054,KRBNP,부산신항,13,898198,6,1522233,-624035
202602,202602,056,KRBNP,부산신항,340,23331309,180,33081389,-9750080
202602,202602,060,KRBNP,부산신항,2920,235160721,23,3553743,231606978
202602,202602,062,KRBNP,부산신항,468,40488646,24,13294391,27194255
202602,202602,070,KRBNP,부산신항,25,1715092,63,15052140,-13337048
202602,202602,071,KRBNP,부산신항,1080,41617311,27,2162856,39454455
202602,202602,080,KRBNP,부산신항,142,11420168,75,6181634,5238534
202602,202602,081,KRBNP,부산신항,81,12213187,45,35452880,-23239693
202602,202602,082,KRBNP,부산신항,116,6270568,87,5625892,644676
202602,202602,084,KRBNP,부산신항,46,2337876,0,0,2337876
202602,202602,090,KRBNP,부산신항,10,93434,83,1788273,-1694839
202602,202602,100,KRBNP,부산신항,23,5160591,0,0,5160591
202602,202602,101,KRBNP,부산신항,7,530513,0,0,530513
202602,202602,102,KRBNP,부산신항,89,6415244,0,0,6415244
202602,202602,110,KRBNP,부산신항,3038,327288283,863,228431656,98856627
202602,202602,120,KRBNP,부산신항,1221,74461310,90,7641097,66820213
202602,202602,121,KRBNP,부산신항,1137,79265357,148,16429712,62835645
202602,202602,122,KRBNP,부산신항,364,32892050,48,12084970,20807080
202602,202602,130,KRBNP,부산신항,68,1858007,34,3441767,-1583760
202602,202602,131,KRBNP,부산신항,383,15644841,782,81530116,-65885275
202602,202602,140,KRBNP,부산신항,174,23637089,12,1185739,22451350
202602,202602,150,KRBNP,부산신항,304,16030187,15,5892332,10137855
202602,202602,151,KRBNP,부산신항,328,49947162,288,41993818,7953344
202602,202602,152,KRBNP,부산신항,965,62888299,244,26916511,35971788
202602,202602,153,KRBNP,부산신항,351,24346473,52,7152571,17193902
202602,202602,154,KRBNP,부산신항,754,62045806,6,450849,61594957
202602,202602,030,KRBOR,보령항,0,0,1,4,-4
202602,202602,084,KRBOR,보령항,0,0,23,286941755,-286941755
202602,202602,152,KRBOR,보령항,0,0,1,30,-30
202602,202602,090,KRCHA,제주항,6,85767,13,690953,-605186
202602,202602,020,KRCHF,진해항,11,245264,0,0,245264
202602,202602,030,KRCHF,진해항,2,43124893,0,0,43124893
202602,202602,053,KRCHF,진해항,4,236435,18,6861280,-6624845
202602,202602,080,KRCHG,장항항,0,0,13,8229528,-8229528
202602,202602,070,KRDBL,대불항,14,5651764,0,0,5651764
202602,202602,010,KRGIN,경인항,0,0,1,110,-110
202602,202602,011,KRGIN,경인항,1,26490,0,0,26490
202602,202602,016,KRGIN,경인항,0,0,2,41042,-41042
202602,202602,020,KRGIN,경인항,766,7573783,838,28625634,-21051851
202602,202602,021,KRGIN,경인항,0,0,2,5557,-5557
202602,202602,040,KRGIN,경인항,0,0,4,278413,-278413
202602,202602,041,KRGIN,경인항,0,0,11,541606,-541606
202602,202602,053,KRGIN,경인항,0,0,19,250794,-250794
202602,202602,131,KRGIN,경인항,0,0,2,60579,-60579
202602,202602,151,KRGIN,경인항,0,0,1,27834,-27834
202602,202602,152,KRGIN,경인항,0,0,2,25030,-25030
202602,202602,100,KRHSA,호산항,0,0,2,12017975,-12017975
202602,202602,010,KRINC,인천항,1265,24952075,882,10072644,14879431
202602,202602,011,KRINC,인천항,133,4595777,0,0,4595777
202602,202602,012,KRINC,인천항,641,30748522,666,33372727,-2624205
202602,202602,014,KRINC,인천항,1423,93025868,110,13291987,79733881
202602,202602,016,KRINC,인천항,795,158788812,430,27284529,131504283
202602,202602,017,KRINC,인천항,1186,130346948,155,7622267,122724681
202602,202602,020,KRINC,인천항,50743,1736179934,409499,6015093515,-4278913581
202602,202602,021,KRINC,인천항,1652,77131927,334,19314565,57817362
202602,202602,023,KRINC,인천항,1740,77923441,56,3816791,74106650
202602,202602,030,KRINC,인천항,217,20396365,27,1703827,18692538
202602,202602,033,KRINC,인천항,44,1394374,13,352699,1041675
202602,202602,039,KRINC,인천항,268,1276270,5,229157,1047113
202602,202602,040,KRINC,인천항,235,47217061,633,31731761,15485300
202602,202602,041,KRINC,인천항,53,1728686,283,22805523,-21076837
202602,202602,050,KRINC,인천항,18,812875,3,90071,722804
202602,202602,053,KRINC,인천항,211,10432548,33,4826755,5605793
202602,202602,054,KRINC,인천항,1,22987,2,63594,-40607
202602,202602,056,KRINC,인천항,18,292407,0,0,292407
202602,202602,060,KRINC,인천항,35,1399410,0,0,1399410
202602,202602,062,KRINC,인천항,12,215145,0,0,215145
202602,202602,070,KRINC,인천항,7,1216102,0,0,1216102
202602,202602,071,KRINC,인천항,69,5602078,13,931217,4670861
202602,202602,080,KRINC,인천항,33,5590912,14,1905249,3685663
202602,202602,081,KRINC,인천항,60,1915828,32,834281,1081547
202602,202602,082,KRINC,인천항,63,1826326,21,218174,1608152
202602,202602,084,KRINC,인천항,22,337101,0,0,337101
202602,202602,090,KRINC,인천항,1,23186,9,410510,-387324
202602,202602,100,KRINC,인천항,12,1397015,0,0,1397015
202602,202602,101,KRINC,인천항,1,6121,0,0,6121
202602,202602,102,KRINC,인천항,78,4715753,0,0,4715753
202602,202602,110,KRINC,인천항,75,178264700,19,1935448,176329252
202602,202602,120,KRINC,인천항,375,90301693,16,581357,89720336
202602,202602,121,KRINC,인천항,286,54376778,60,751186,53625592
202602,202602,122,KRINC,인천항,59,14194089,0,0,14194089
202602,202602,130,KRINC,인천항,409,17767744,70,1790387,15977357
202602,202602,131,KRINC,인천항,399,16318512,103,9806954,6511558
202602,202602,150,KRINC,인천항,263,19255299,6,127845,19127454
202602,202602,151,KRINC,인천항,311,23639225,81,13637210,10002015
202602,202602,152,KRINC,인천항,1109,192564195,251,12370702,180193493
202602,202602,153,KRINC,인천항,192,15584008,10,389149,15194859
202602,202602,154,KRINC,인천항,1069,100306284,0,0,100306284
202602,202602,011,KRKAN,광양항,3,176603,0,0,176603
202602,202602,012,KRKAN,광양항,9,189692,3,68695,120997
202602,202602,014,KRKAN,광양항,27,2729131,21,1736291,992840
202602,202602,016,KRKAN,광양항,30,1099521,0,0,1099521
202602,202602,020,KRKAN,광양항,178,3080019,0,0,3080019
202602,202602,021,KRKAN,광양항,54,1910993,0,0,1910993
202602,202602,023,KRKAN,광양항,5,213332,0,0,213332
202602,202602,030,KRKAN,광양항,39,2568524,6,322537,2245987
202602,202602,033,KRKAN,광양항,13,587859,0,0,587859
202602,202602,039,KRKAN,광양항,17,596435,0,0,596435
202602,202602,040,KRKAN,광양항,1,25095,0,0,25095
202602,202602,051,KRKAN,광양항,0,0,5,4505297,-4505297
202602,202602,052,KRKAN,광양항,0,0,4,213423,-213423
202602,202602,053,KRKAN,광양항,9,1345881,0,0,1345881
202602,202602,056,KRKAN,광양항,19,1198604,0,0,1198604
202602,202602,060,KRKAN,광양항,4546,435086664,9,343520,434743144
202602,202602,062,KRKAN,광양항,6489,1141877382,5668,1120409403,21467979
202602,202602,070,KRKAN,광양항,134,8292306,9,1740352,6551954
202602,202602,071,KRKAN,광양항,1512,71912181,9,106314,71805867
202602,202602,080,KRKAN,광양항,353,32655873,18,1479876,31175997
202602,202602,081,KRKAN,광양항,235,14448746,14,15948926,-1500180
202602,202602,082,KRKAN,광양항,425,40910474,27,1334039,39576435
202602,202602,084,KRKAN,광양항,13,835695,0,0,835695
202602,202602,102,KRKAN,광양항,6,243761,0,0,243761
202602,202602,110,KRKAN,광양항,10,2518536,0,0,2518536
202602,202602,120,KRKAN,광양항,64,3983632,0,0,3983632
202602,202602,121,KRKAN,광양항,199,73916789,0,0,73916789
202602,202602,122,KRKAN,광양항,61,6179616,0,0,6179616
202602,202602,130,KRKAN,광양항,2,67650,0,0,67650
202602,202602,131,KRKAN,광양항,1,1500,1,54353,-52853
202602,202602,150,KRKAN,광양항,92,4398475,0,0,4398475
202602,202602,151,KRKAN,광양항,27,3799490,0,0,3799490
202602,202602,152,KRKAN,광양항,82,29514814,1,13634,29501180
202602,202602,153,KRKAN,광양항,4,130026,2,39459,90567
202602,202602,154,KRKAN,광양항,338,28486000,0,0,28486000
202602,202602,014,KRKCN,감천항,1,255612,0,0,255612
202602,202602,020,KRKCN,감천항,307,9255349,0,0,9255349
202602,202602,030,KRKCN,감천항,233,22452153,506,107769115,-85316962
202602,202602,052,KRKCN,감천항,10,113138,0,0,113138
202602,202602,053,KRKCN,감천항,19,399917,2,6946,392971
202602,202602,056,KRKCN,감천항,0,0,7,718649,-718649
202602,202602,110,KRKCN,감천항,8,100776,2,14628934,-14528158
202602,202602,120,KRKCN,감천항,0,0,1,158004,-158004
202602,202602,152,KRKCN,감천항,11,584012,0,0,584012
202602,202602,051,KRKHN,고현항,46,420874457,23,34446459,386427998
202602,202602,020,KRKPO,포항항,27,1946085,0,0,1946085
202602,202602,030,KRKPO,포항항,2,3238801,4,100,3238701
202602,202602,062,KRKPO,포항항,10,343696,0,0,343696
202602,202602,070,KRKPO,포항항,1,246192,0,0,246192
202602,202602,080,KRKPO,포항항,16,834524,2,177180,657344
202602,202602,120,KRKPO,포항항,1,320177,0,0,320177
202602,202602,122,KRKPO,포항항,1141,384252565,118,60391405,323861160
202602,202602,140,KRKPO,포항항,0,0,2,500,-500
202602,202602,152,KRKPO,포항항,13,2696177,0,0,2696177
202602,202602,016,KRKUV,군산항,1,23049,0,0,23049
202602,202602,020,KRKUV,군산항,13,9258018,3714,25188582,-15930564
202602,202602,023,KRKUV,군산항,5,174584,0,0,174584
202602,202602,030,KRKUV,군산항,3,137892,1,100,137792
202602,202602,033,KRKUV,군산항,2,18169,0,0,18169
202602,202602,041,KRKUV,군산항,0,0,2,10519,-10519
202602,202602,053,KRKUV,군산항,4,159383,0,0,159383
202602,202602,054,KRKUV,군산항,4,105644,1,15510,90134
202602,202602,060,KRKUV,군산항,1,7641,0,0,7641
202602,202602,070,KRKUV,군산항,1,36039,1,2629,33410
202602,202602,071,KRKUV,군산항,7,478455,0,0,478455
202602,202602,080,KRKUV,군산항,291,82159795,104300,270115074,-187955279
202602,202602,081,KRKUV,군산항,6,567452,3,182783,384669
202602,202602,082,KRKUV,군산항,43,8779760,13,750536,8029224
202602,202602,102,KRKUV,군산항,3,9098,0,0,9098
202602,202602,110,KRKUV,군산항,3,544778,0,0,544778
202602,202602,120,KRKUV,군산항,1,731983,0,0,731983
202602,202602,121,KRKUV,군산항,7,164548,4,200448,-35900
202602,202602,150,KRKUV,군산항,3,154693,0,0,154693
202602,202602,151,KRKUV,군산항,1,360880,0,0,360880
202602,202602,152,KRKUV,군산항,3,6876198,0,0,6876198
202602,202602,154,KRKUV,군산항,2,112968,0,0,112968
202602,202602,012,KRMAS,마산항,1,100000,0,0,100000
202602,202602,014,KRMAS,마산항,1,15191,0,0,15191
202602,202602,016,KRMAS,마산항,4,232333,206,7457907,-7225574
202602,202602,017,KRMAS,마산항,17,421505,128,7425176,-7003671
202602,202602,020,KRMAS,마산항,481,21131299,0,0,21131299
202602,202602,021,KRMAS,마산항,8,2974751,0,0,2974751
202602,202602,023,KRMAS,마산항,15,6472830,0,0,6472830
202602,202602,030,KRMAS,마산항,22,32286955,1,100,32286855
202602,202602,033,KRMAS,마산항,1,7817,0,0,7817
202602,202602,039,KRMAS,마산항,7,2899252,0,0,2899252
202602,202602,040,KRMAS,마산항,2,20000,0,0,20000
202602,202602,041,KRMAS,마산항,5,305934,0,0,305934
202602,202602,050,KRMAS,마산항,287,598841978,205,80325022,518516956
202602,202602,051,KRMAS,마산항,0,0,21,18412470,-18412470
202602,202602,053,KRMAS,마산항,259,309086982,3,1338622,307748360
202602,202602,054,KRMAS,마산항,5,3338584,0,0,3338584
202602,202602,056,KRMAS,마산항,10,2264257,2,793089,1471168
202602,202602,060,KRMAS,마산항,5,4781428,0,0,4781428
202602,202602,071,KRMAS,마산항,1,205903,0,0,205903
202602,202602,080,KRMAS,마산항,10,1690249,0,0,1690249
202602,202602,082,KRMAS,마산항,7,710631,0,0,710631
202602,202602,100,KRMAS,마산항,1,1229189,0,0,1229189
202602,202602,110,KRMAS,마산항,53,78790719,0,0,78790719
202602,202602,120,KRMAS,마산항,12,903286,0,0,903286
202602,202602,121,KRMAS,마산항,12,111049462,0,0,111049462
202602,202602,122,KRMAS,마산항,13,2279717,0,0,2279717
202602,202602,150,KRMAS,마산항,1,14890,0,0,14890
202602,202602,151,KRMAS,마산항,7,13625884,0,0,13625884
202602,202602,152,KRMAS,마산항,35,5292212,0,0,5292212
202602,202602,153,KRMAS,마산항,1,700000,0,0,700000
202602,202602,154,KRMAS,마산항,8,3680600,0,0,3680600
202602,202602,110,KRMIP,미포항,16,149574514,0,0,149574514
202602,202602,021,KRMOK,목포항,1,3552781,0,0,3552781
202602,202602,051,KRMOK,목포항,0,0,2,2240848,-2240848
202602,202602,070,KRMOK,목포항,118,1100896321,40,106739842,994156479
202602,202602,110,KRMOK,목포항,3,181750,0,0,181750
202602,202602,130,KRMOK,목포항,1,948483,0,0,948483
202602,202602,100,KRMUK,묵호항,1,116610,0,0,116610
202602,202602,100,KROKK,옥계항,1,1331000,35,1744339,-413339
202602,202602,051,KROKP,옥포항,22,918817414,24,45162905,873654509
202602,202602,039,KRONS,온산항,1,955558,0,0,955558
202602,202602,110,KRONS,온산항,302,1079672227,12,651494522,428177705
202602,202602,121,KRONS,온산항,1,218259,0,0,218259
202602,202602,010,KRPTK,평택항,8,108679,2,55900,52779
202602,202602,011,KRPTK,평택항,1,18236,0,0,18236
202602,202602,012,KRPTK,평택항,21,3091432,86,2433991,657441
202602,202602,014,KRPTK,평택항,56,2979902,2,24018,2955884
202602,202602,016,KRPTK,평택항,4303,1479113150,173973,2953365253,-1474252103
202602,202602,017,KRPTK,평택항,28,11336405,5,51350,11285055
202602,202602,020,KRPTK,평택항,703,30699593,6131,38651337,-7951744
202602,202602,021,KRPTK,평택항,94,22203242,1922,81048743,-58845501
202602,202602,023,KRPTK,평택항,20,1475356,0,0,1475356
202602,202602,030,KRPTK,평택항,103,21898044,52,9087930,12810114
202602,202602,033,KRPTK,평택항,6,281511,3,17712,263799
202602,202602,039,KRPTK,평택항,0,0,10246,351827,-351827
202602,202602,040,KRPTK,평택항,1,17800,12,281117,-263317
202602,202602,041,KRPTK,평택항,3,146959,0,0,146959
202602,202602,050,KRPTK,평택항,14,413452,0,0,413452
202602,202602,053,KRPTK,평택항,69,3333005,0,0,3333005
202602,202602,056,KRPTK,평택항,8,3959412,4,248721,3710691
202602,202602,060,KRPTK,평택항,1,28142,0,0,28142
202602,202602,070,KRPTK,평택항,1,183366,0,0,183366
202602,202602,071,KRPTK,평택항,15,1423331,2,223093,1200238
202602,202602,080,KRPTK,평택항,17,5420671,0,0,5420671
202602,202602,081,KRPTK,평택항,13,939454,0,0,939454
202602,202602,082,KRPTK,평택항,22,779751,1,62420,717331
202602,202602,102,KRPTK,평택항,5,714729,0,0,714729
202602,202602,110,KRPTK,평택항,8,469716,33,1017680,-547964
202602,202602,120,KRPTK,평택항,115,45452826,0,0,45452826
202602,202602,121,KRPTK,평택항,93,20015459,3,870823,19144636
202602,202602,122,KRPTK,평택항,32,11038581,0,0,11038581
202602,202602,130,KRPTK,평택항,11,260915,0,0,260915
202602,202602,131,KRPTK,평택항,9,1460454,1,26168,1434286
202602,202602,150,KRPTK,평택항,27,2163533,5,426479,1737054
202602,202602,151,KRPTK,평택항,189,33391392,19,988805,32402587
202602,202602,152,KRPTK,평택항,701,152424754,206,24191843,128232911
202602,202602,153,KRPTK,평택항,22,8729442,3,133263,8596179
202602,202602,154,KRPTK,평택항,465,66295884,1,770,66295114
202602,202602,010,KRPUS,부산항,1514,28601543,99,3808326,24793217
202602,202602,011,KRPUS,부산항,370,10175758,0,0,10175758
202602,202602,012,KRPUS,부산항,2276,137343208,566,105315743,32027465
202602,202602,014,KRPUS,부산항,3675,279782539,51,7757770,272024769
202602,202602,016,KRPUS,부산항,3856,327130027,670,234481020,92649007
202602,202602,017,KRPUS,부산항,2381,107610346,106,6370309,101240037
202602,202602,020,KRPUS,부산항,4109,253429538,381,22819282,230610256
202602,202602,021,KRPUS,부산항,4110,395140490,556,100730607,294409883
202602,202602,023,KRPUS,부산항,2513,143787908,21,4002116,139785792
202602,202602,030,KRPUS,부산항,41543,3114206983,50318,3905170469,-790963486
202602,202602,033,KRPUS,부산항,3541,212712290,3033,86630697,126081593
202602,202602,037,KRPUS,부산항,0,0,5,1052,-1052
202602,202602,039,KRPUS,부산항,1954,121279877,81601,58499588,62780289
202602,202602,040,KRPUS,부산항,381,23037670,111,3738751,19298919
202602,202602,041,KRPUS,부산항,55,4030049,81,4844203,-814154
202602,202602,050,KRPUS,부산항,968,68949563,58,1156564,67792999
202602,202602,051,KRPUS,부산항,4,435481,83,12533243,-12097762
202602,202602,052,KRPUS,부산항,4,181141,0,0,181141
202602,202602,053,KRPUS,부산항,8889,398674977,651,27584632,371090345
202602,202602,054,KRPUS,부산항,30,1678169,3,181971,1496198
202602,202602,056,KRPUS,부산항,1315,118903440,107,14779082,104124358
202602,202602,060,KRPUS,부산항,1812,136230610,13,1635549,134595061
202602,202602,062,KRPUS,부산항,678,53591113,12,888613,52702500
202602,202602,070,KRPUS,부산항,406,20311060,79,11128900,9182160
202602,202602,071,KRPUS,부산항,948,72891313,89,4193255,68698058
202602,202602,080,KRPUS,부산항,859,105957106,59,9120951,96836155
202602,202602,081,KRPUS,부산항,828,133831543,62,3149192,130682351
202602,202602,082,KRPUS,부산항,1383,131351978,100,3684672,127667306
202602,202602,084,KRPUS,부산항,117,8600982,0,0,8600982
202602,202602,090,KRPUS,부산항,52,1182084,51,2842589,-1660505
202602,202602,100,KRPUS,부산항,57,3717546,11,1055217,2662329
202602,202602,101,KRPUS,부산항,7,381605,41,1546172,-1164567
202602,202602,102,KRPUS,부산항,574,42072291,0,0,42072291
202602,202602,110,KRPUS,부산항,8858,1077974416,755,77346829,1000627587
202602,202602,120,KRPUS,부산항,7053,431492056,212,11444395,420047661
202602,202602,121,KRPUS,부산항,5999,517319170,589,34067734,483251436
202602,202602,122,KRPUS,부산항,1988,263605117,88,20689287,242915830
202602,202602,130,KRPUS,부산항,695,22697986,6,118590,22579396
202602,202602,131,KRPUS,부산항,1460,68575989,160,14024704,54551285
202602,202602,140,KRPUS,부산항,24,5882790,27,995324,4887466
202602,202602,150,KRPUS,부산항,3280,252960482,64,2645799,250314683
202602,202602,151,KRPUS,부산항,3166,464538350,380,150741798,313796552
202602,202602,152,KRPUS,부산항,4340,406346163,299,61169692,345176471
202602,202602,153,KRPUS,부산항,2091,169073060,48,5729273,163343787
202602,202602,154,KRPUS,부산항,1514,133247809,13,464797,132783012
202602,202602,030,KRSCP,삼천포항,0,0,1,19,-19
202602,202602,052,KRSCP,삼천포항,0,0,12,61683078,-61683078
202602,202602,020,KRSHG,포항신항,1,17287,0,0,17287
202602,202602,110,KRSHG,포항신항,0,0,7,5247984,-5247984
202602,202602,122,KRSHG,포항신항,26,8368666,97,383934086,-375565420
202602,202602,011,KRSHO,속초항,1,17278,0,0,17278
202602,202602,020,KRSHO,속초항,28,1787289,0,0,1787289
202602,202602,060,KRSHO,속초항,1,57571,0,0,57571
202602,202602,101,KRSHO,속초항,17,785625,4,835497,-49872
202602,202602,152,KRTAN,태안항,0,0,3,292,-292
202602,202602,154,KRTAN,태안항,0,0,11,82810284,-82810284
202602,202602,010,KRTGH,동해항,15,311784,0,0,311784
202602,202602,012,KRTGH,동해항,11,225052,0,0,225052
202602,202602,014,KRTGH,동해항,12,385938,0,0,385938
202602,202602,017,KRTGH,동해항,13,213219,0,0,213219
202602,202602,020,KRTGH,동해항,320,9382831,0,0,9382831
202602,202602,021,KRTGH,동해항,10,216027,0,0,216027
202602,202602,023,KRTGH,동해항,34,1294142,0,0,1294142
202602,202602,030,KRTGH,동해항,10,105502,2,96,105406
202602,202602,040,KRTGH,동해항,1,3400,0,0,3400
202602,202602,041,KRTGH,동해항,4,83375,1,1974,81401
202602,202602,050,KRTGH,동해항,1,22400,0,0,22400
202602,202602,060,KRTGH,동해항,6,298742,0,0,298742
202602,202602,100,KRTGH,동해항,124,39177336,132,116890736,-77713400
202602,202602,101,KRTGH,동해항,1,103959,0,0,103959
202602,202602,130,KRTGH,동해항,1,1399,0,0,1399
202602,202602,131,KRTGH,동해항,6,782495,0,0,782495
202602,202602,140,KRTGH,동해항,0,0,5,4380,-4380
202602,202602,151,KRTGH,동해항,35,845904,0,0,845904
202602,202602,154,KRTGH,동해항,1,184028,0,0,184028
202602,202602,016,KRTJI,당진항,5,238902,48,268996138,-268757236
202602,202602,020,KRTJI,당진항,80,9048594,0,0,9048594
202602,202602,039,KRTJI,당진항,12,2121887,0,0,2121887
202602,202602,053,KRTJI,당진항,2,215731,0,0,215731
202602,202602,060,KRTJI,당진항,42,5047224,0,0,5047224
202602,202602,080,KRTJI,당진항,5,799220,0,0,799220
202602,202602,110,KRTJI,당진항,21,6305470,0,0,6305470
202602,202602,121,KRTJI,당진항,1,185067,0,0,185067
202602,202602,122,KRTJI,당진항,5,929422,0,0,929422
202602,202602,152,KRTJI,당진항,636,190607970,6,5045899,185562071
202602,202602,154,KRTJI,당진항,0,0,7,70010781,-70010781
202602,202602,016,KRTSN,대산항,0,0,1,49,-49
202602,202602,060,KRTSN,대산항,3,6641737,0,0,6641737
202602,202602,152,KRTSN,대산항,0,0,1,20,-20
202602,202602,154,KRTSN,대산항,445,1044353860,173,1669621824,-625267964
202602,202602,020,KRTYG,통영항,1,23300,0,0,23300
202602,202602,030,KRTYG,통영항,17,319057,0,0,319057
202602,202602,039,KRTYG,통영항,1,823,0,0,823
202602,202602,054,KRTYG,통영항,3,62414,276,42133198,-42070784
202602,202602,110,KRTYG,통영항,2,16473,0,0,16473
202602,202602,020,KRUSN,울산항,3,554192,0,0,554192
202602,202602,023,KRUSN,울산항,2,1287701,0,0,1287701
202602,202602,030,KRUSN,울산항,7,673156,10,898996,-225840
202602,202602,039,KRUSN,울산항,1,2892386,0,0,2892386
202602,202602,053,KRUSN,울산항,12,1304469,3,22869,1281600
202602,202602,060,KRUSN,울산항,25,5055895,0,0,5055895
202602,202602,080,KRUSN,울산항,3,2067881,0,0,2067881
202602,202602,084,KRUSN,울산항,0,0,2,1192511,-1192511
202602,202602,100,KRUSN,울산항,0,0,2,144157,-144157
202602,202602,102,KRUSN,울산항,1,73475,0,0,73475
202602,202602,110,KRUSN,울산항,4942,3449365955,2164,3742033946,-292667991
202602,202602,120,KRUSN,울산항,19,4211163,0,0,4211163
202602,202602,122,KRUSN,울산항,13,1005910,0,0,1005910
202602,202602,150,KRUSN,울산항,1,22830,0,0,22830
202602,202602,152,KRUSN,울산항,7,2533988,0,0,2533988
202602,202602,154,KRUSN,울산항,4,4024551,0,0,4024551
202602,202602,122,KRYMH,영일만항,0,0,70,8889478,-8889478
202602,202602,060,KRYOC,여천항,0,0,82,775373991,-775373991
202602,202602,030,KRYOS,여수항,0,0,7,573,-573
202602,202602,060,KRYOS,여수항,336,1391830196,215,1730528176,-338697980
202602,202602,062,KRYOS,여수항,2,215982,0,0,215982
202602,202602,110,KRYOS,여수항,0,0,2,572598,-572598
202602,202602,122,KRYOS,여수항,1,121358,0,0,121358
202602,202602,152,KRYOS,여수항,5,815766,0,0,815766
202602,202602,010,KRZZZ,기타불개항,6,7506371,0,0,7506371
202602,202602,016,KRZZZ,기타불개항,0,0,7,2172,-2172
202602,202602,017,KRZZZ,기타불개항,0,0,1,53697,-53697
202602,202602,020,KRZZZ,기타불개항,0,0,15,145574,-145574
202602,202602,040,KRZZZ,기타불개항,0,0,1,2241,-2241
202602,202602,051,KRZZZ,기타불개항,0,0,2,85291,-85291
202602,202602,054,KRZZZ,기타불개항,2,16163,10,330773719,-330757556
202602,202602,062,KRZZZ,기타불개항,0,0,9,63263284,-63263284
202602,202602,070,KRZZZ,기타불개항,2,280000,1,434031,-154031
202602,202602,081,KRZZZ,기타불개항,1,49,0,0,49
202602,202602,082,KRZZZ,기타불개항,1,136,0,0,136
202602,202602,100,KRZZZ,기타불개항,4,5592,8,275318132,-275312540
202602,202602,121,KRZZZ,기타불개항,0,0,3,451250,-451250
202602,202602,080,KUV,군산공항,1,503,0,0,503
202602,202602,014,PUS,김해국제공항,0,0,1,5804,-5804
202602,202602,017,PUS,김해국제공항,0,0,12,1822773,-1822773
202602,202602,021,PUS,김해국제공항,1,13392,0,0,13392
202602,202602,030,PUS,김해국제공항,306,6469462,72,99854,6369608
202602,202602,033,PUS,김해국제공항,38,513474,0,0,513474
202602,202602,039,PUS,김해국제공항,65,281490,0,0,281490
202602,202602,040,PUS,김해국제공항,26,284949,3,8939,276010
202602,202602,050,PUS,김해국제공항,48,9980198,0,0,9980198
202602,202602,051,PUS,김해국제공항,1,2322,0,0,2322
202602,202602,053,PUS,김해국제공항,81,1653619,0,0,1653619
202602,202602,056,PUS,김해국제공항,20,2289187,24,1017433,1271754
202602,202602,060,PUS,김해국제공항,3,335638,0,0,335638
202602,202602,071,PUS,김해국제공항,1,26,0,0,26
202602,202602,110,PUS,김해국제공항,10,38657,2,8442,30215
202602,202602,120,PUS,김해국제공항,7,348352,0,0,348352
202602,202602,121,PUS,김해국제공항,10,765059,6,464899,300160
202602,202602,122,PUS,김해국제공항,1,6701,0,0,6701
202602,202602,130,PUS,김해국제공항,21,539,0,0,539
202602,202602,140,PUS,김해국제공항,164,937310,1057,9469836,-8532526
202602,202602,150,PUS,김해국제공항,1,254608,0,0,254608
202602,202602,151,PUS,김해국제공항,2,21684,0,0,21684
202602,202602,153,PUS,김해국제공항,2,57465,0,0,57465
202602,202602,120,TAE,대구국제공항,11,64414,88,317939,-253525
202602,202602,110,USN,울산공항,1,65966,0,0,65966
202602,202602,010,ZZZZZ,기타항,1,3283,0,0,3283
202602,202602,012,ZZZZZ,기타항,2,6690,0,0,6690
202602,202602,017,ZZZZZ,기타항,1,438,0,0,438
202602,202602,023,ZZZZZ,기타항,8,3140,0,0,3140
202602,202602,030,ZZZZZ,기타항,3,2308,0,0,2308
202602,202602,039,ZZZZZ,기타항,1,450,0,0,450
202602,202602,131,ZZZZZ,기타항,1,9869,0,0,9869
202602,202602,150,ZZZZZ,기타항,1,1400,0,0,1400
202602,202602,152,ZZZZZ,기타항,2,0,0,0,0
202602,총계,,-,-,970132,67642546892,4102805,51933913038,15708633854
202603,202603,010,010,서울세관,89,1824,0,0,1824
202603,202603,017,010,서울세관,27,468,0,0,468
202603,202603,020,010,서울세관,2,48,0,0,48
202603,202603,023,010,서울세관,1,1404,0,0,1404
202603,202603,130,010,서울세관,14,1129,0,0,1129
202603,202603,010,037,부산국제우편세관,2,76359,0,0,76359
202603,202603,011,037,부산국제우편세관,1,2322,0,0,2322
202603,202603,021,037,부산국제우편세관,15,2892,0,0,2892
202603,202603,030,037,부산국제우편세관,12,54035,0,0,54035
202603,202603,033,037,부산국제우편세관,8,7133,0,0,7133
202603,202603,037,037,부산국제우편세관,1,374,23,60677,-60303
202603,202603,039,037,부산국제우편세관,1,4648,0,0,4648
202603,202603,040,037,부산국제우편세관,0,0,1,656,-656
202603,202603,082,037,부산국제우편세관,97,16388,0,0,16388
202603,202603,040,040,인천공항세관,0,0,8,31277,-31277
202603,202603,121,CJJ,청주국제공항,2,13814,0,0,13814
202603,202603,151,CJJ,청주국제공항,2,16660,81,246603,-229943
202603,202603,090,CJU,제주국제공항,7,10040,247,884009,-873969
202603,202603,010,GMP,김포국제공항,35,1719385,0,0,1719385
202603,202603,012,GMP,김포국제공항,11,160135,0,0,160135
202603,202603,014,GMP,김포국제공항,2,8276,0,0,8276
202603,202603,017,GMP,김포국제공항,11,65438,0,0,65438
202603,202603,020,GMP,김포국제공항,3113,335371,0,0,335371
202603,202603,021,GMP,김포국제공항,1,10,0,0,10
202603,202603,023,GMP,김포국제공항,104,250406,0,0,250406
202603,202603,039,GMP,김포국제공항,2,651,0,0,651
202603,202603,040,GMP,김포국제공항,171,378723,0,0,378723
202603,202603,041,GMP,김포국제공항,148,1240233,2026,182666739,-181426506
202603,202603,071,GMP,김포국제공항,8,7119,0,0,7119
202603,202603,110,GMP,김포국제공항,1,1025,0,0,1025
202603,202603,120,GMP,김포국제공항,12,710809,0,0,710809
202603,202603,130,GMP,김포국제공항,2562,218626,0,0,218626
202603,202603,131,GMP,김포국제공항,1,9994,0,0,9994
202603,202603,150,GMP,김포국제공항,1,117,0,0,117
202603,202603,152,GMP,김포국제공항,1,15789,0,0,15789
202603,202603,010,ICN,인천국제공항,51129,644333142,2157,173767943,470565199
202603,202603,011,ICN,인천국제공항,2944,10344665,2,1891,10342774
202603,202603,012,ICN,인천국제공항,14190,5635009064,1809,1054769771,4580239293
202603,202603,014,ICN,인천국제공항,9528,211600348,291,15176155,196424193
202603,202603,016,ICN,인천국제공항,7699,4953207033,6035,685168914,4268038119
202603,202603,017,ICN,인천국제공항,33034,317569325,3611,197528940,120040385
202603,202603,020,ICN,인천국제공항,399017,1222592283,4091,1318549209,-95956926
202603,202603,021,ICN,인천국제공항,18462,2884513224,9901,785045336,2099467888
202603,202603,023,ICN,인천국제공항,46746,325678716,1324,207674977,118003739
202603,202603,030,ICN,인천국제공항,9043,176978379,1366,103719641,73258738
202603,202603,033,ICN,인천국제공항,459,4710209,14,391146,4319063
202603,202603,037,ICN,인천국제공항,0,0,1,115014,-115014
202603,202603,039,ICN,인천국제공항,3663,15088773,249,17635870,-2547097
202603,202603,040,ICN,인천국제공항,396020,15237845082,3910342,12934272998,2303572084
202603,202603,041,ICN,인천국제공항,14372,74862078,2734,260937576,-186075498
202603,202603,050,ICN,인천국제공항,620,10477581,86,4025882,6451699
202603,202603,051,ICN,인천국제공항,8,48640,216,13777029,-13728389
202603,202603,052,ICN,인천국제공항,0,0,1,64109,-64109
202603,202603,053,ICN,인천국제공항,4726,90809553,2546,131325958,-40516405
202603,202603,054,ICN,인천국제공항,6,45399,3,44229,1170
202603,202603,056,ICN,인천국제공항,2376,92877955,1405,106487173,-13609218
202603,202603,060,ICN,인천국제공항,143,3471177,33,2598432,872745
202603,202603,062,ICN,인천국제공항,16,170465,30,312612,-142147
202603,202603,070,ICN,인천국제공항,87,702880,82,8284080,-7581200
202603,202603,071,ICN,인천국제공항,3705,341088517,2442,718254849,-377166332
202603,202603,080,ICN,인천국제공항,160,8699699,19,1063232,7636467
202603,202603,081,ICN,인천국제공항,573,23549011,151,2890720,20658291
202603,202603,082,ICN,인천국제공항,1176,8142021,59,2497241,5644780
202603,202603,084,ICN,인천국제공항,41,525312,1,1569477,-1044165
202603,202603,090,ICN,인천국제공항,164,133723,117,4711713,-4577990
202603,202603,100,ICN,인천국제공항,106,2035059,0,0,2035059
202603,202603,101,ICN,인천국제공항,1,19294,1,123474,-104180
202603,202603,102,ICN,인천국제공항,897,39271864,0,0,39271864
202603,202603,110,ICN,인천국제공항,830,131664448,1038,53777846,77886602
202603,202603,120,ICN,인천국제공항,5167,145379193,280,21437436,123941757
202603,202603,121,ICN,인천국제공항,15017,2488638651,6517,1530288288,958350363
202603,202603,122,ICN,인천국제공항,227,5952065,34,575597,5376468
202603,202603,130,ICN,인천국제공항,19788,160535335,376,13531135,147004200
202603,202603,131,ICN,인천국제공항,5695,87908995,130,3052570,84856425
202603,202603,140,ICN,인천국제공항,247,2446240,1258,33046166,-30599926
202603,202603,150,ICN,인천국제공항,3536,115288821,278,5664741,109624080
202603,202603,151,ICN,인천국제공항,8508,2872915943,1412,429463997,2443451946
202603,202603,152,ICN,인천국제공항,10896,7351512658,3329,1680213198,5671299460
202603,202603,153,ICN,인천국제공항,1748,56959659,113,6702237,50257422
202603,202603,154,ICN,인천국제공항,107,1008058,3,21036,987022
202603,202603,010,KRBNP,부산신항,91,1674989,731,35903668,-34228679
202603,202603,011,KRBNP,부산신항,100,3377542,0,0,3377542
202603,202603,012,KRBNP,부산신항,319,15905969,5860,463827317,-447921348
202603,202603,014,KRBNP,부산신항,662,42526480,260,13026824,29499656
202603,202603,016,KRBNP,부산신항,600,84272096,2032,136158797,-51886701
202603,202603,017,KRBNP,부산신항,627,26800789,42,2267653,24533136
202603,202603,020,KRBNP,부산신항,786,47520312,740,40161994,7358318
202603,202603,021,KRBNP,부산신항,939,67405888,4006,354141300,-286735412
202603,202603,023,KRBNP,부산신항,391,14763215,88,12348789,2414426
202603,202603,030,KRBNP,부산신항,21490,1882891258,47237,4976644376,-3093753118
202603,202603,033,KRBNP,부산신항,689,43319451,1723,109652058,-66332607
202603,202603,039,KRBNP,부산신항,236,25876657,272,14439107,11437550
202603,202603,040,KRBNP,부산신항,33,4536952,433,18878571,-14341619
202603,202603,041,KRBNP,부산신항,15,819704,806,31174522,-30354818
202603,202603,050,KRBNP,부산신항,253,22830141,127,1791529,21038612
202603,202603,051,KRBNP,부산신항,2,171167,99,38875341,-38704174
202603,202603,052,KRBNP,부산신항,1,13000,0,0,13000
202603,202603,053,KRBNP,부산신항,12454,372718996,832,78786596,293932400
202603,202603,054,KRBNP,부산신항,14,570116,7,1864658,-1294542
202603,202603,056,KRBNP,부산신항,436,28788085,166,27114284,1673801
202603,202603,060,KRBNP,부산신항,2957,233069107,18,13249644,219819463
202603,202603,062,KRBNP,부산신항,537,50103700,44,37276366,12827334
202603,202603,070,KRBNP,부산신항,52,5691877,64,14459796,-8767919
202603,202603,071,KRBNP,부산신항,1400,49527465,22,1479703,48047762
202603,202603,080,KRBNP,부산신항,229,20498399,65,3704630,16793769
202603,202603,081,KRBNP,부산신항,103,6593123,41,32023787,-25430664
202603,202603,082,KRBNP,부산신항,128,7619056,63,3728489,3890567
202603,202603,084,KRBNP,부산신항,58,2832776,0,0,2832776
202603,202603,090,KRBNP,부산신항,13,118686,65,1526556,-1407870
202603,202603,100,KRBNP,부산신항,34,11184947,0,0,11184947
202603,202603,101,KRBNP,부산신항,7,557062,0,0,557062
202603,202603,102,KRBNP,부산신항,100,7185954,0,0,7185954
202603,202603,110,KRBNP,부산신항,3097,458621137,1025,340333061,118288076
202603,202603,120,KRBNP,부산신항,1512,88372881,94,10695473,77677408
202603,202603,121,KRBNP,부산신항,1253,82201373,150,21189506,61011867
202603,202603,122,KRBNP,부산신항,465,39520857,76,40216367,-695510
202603,202603,130,KRBNP,부산신항,109,3032696,49,3203004,-170308
202603,202603,131,KRBNP,부산신항,380,17123207,1036,109190059,-92066852
202603,202603,140,KRBNP,부산신항,181,23518409,42,2450358,21068051
202603,202603,150,KRBNP,부산신항,521,41907163,18,6643183,35263980
202603,202603,151,KRBNP,부산신항,524,118318591,338,42864072,75454519
202603,202603,152,KRBNP,부산신항,1122,69201176,338,36673475,32527701
202603,202603,153,KRBNP,부산신항,432,26089179,49,3817077,22272102
202603,202603,154,KRBNP,부산신항,572,49002155,10,353799,48648356
202603,202603,084,KRBOR,보령항,0,0,16,184119813,-184119813
202603,202603,152,KRBOR,보령항,0,0,1,120,-120
202603,202603,090,KRCHA,제주항,9,183040,22,1578519,-1395479
202603,202603,020,KRCHF,진해항,15,335692,0,0,335692
202603,202603,030,KRCHF,진해항,2,113041938,0,0,113041938
202603,202603,053,KRCHF,진해항,1,813150,15,7242818,-6429668
202603,202603,152,KRCHF,진해항,2,60093,0,0,60093
202603,202603,080,KRCHG,장항항,0,0,6,6419184,-6419184
202603,202603,150,KRCHG,장항항,1,129808,0,0,129808
202603,202603,070,KRDBL,대불항,15,4169357,0,0,4169357
202603,202603,080,KRDBL,대불항,2,1578384,0,0,1578384
202603,202603,010,KRGIN,경인항,0,0,1,25782,-25782
202603,202603,011,KRGIN,경인항,1,11824,0,0,11824
202603,202603,012,KRGIN,경인항,0,0,9,98731,-98731
202603,202603,016,KRGIN,경인항,0,0,4,48328,-48328
202603,202603,020,KRGIN,경인항,1129,9871641,878,32578049,-22706408
202603,202603,021,KRGIN,경인항,2,221309,5,132694,88615
202603,202603,023,KRGIN,경인항,1,29303,0,0,29303
202603,202603,030,KRGIN,경인항,0,0,1,88855,-88855
202603,202603,040,KRGIN,경인항,0,0,7,232839,-232839
202603,202603,041,KRGIN,경인항,0,0,11,962247,-962247
202603,202603,053,KRGIN,경인항,0,0,10,175332,-175332
202603,202603,131,KRGIN,경인항,0,0,2,16113,-16113
202603,202603,150,KRGIN,경인항,1,36362,0,0,36362
202603,202603,152,KRGIN,경인항,1,117373,0,0,117373
202603,202603,100,KRHSA,호산항,0,0,3,11655659,-11655659
202603,202603,010,KRINC,인천항,1583,28781351,745,6859107,21922244
202603,202603,011,KRINC,인천항,192,5504919,0,0,5504919
202603,202603,012,KRINC,인천항,944,53928498,879,47660103,6268395
202603,202603,014,KRINC,인천항,1904,119974261,160,19886622,100087639
202603,202603,016,KRINC,인천항,1137,180317798,511,25781262,154536536
202603,202603,017,KRINC,인천항,1580,151386089,171,9150416,142235673
202603,202603,020,KRINC,인천항,60256,2328183338,570735,6474878318,-4146694980
202603,202603,021,KRINC,인천항,2411,111947867,285,15968332,95979535
202603,202603,023,KRINC,인천항,2229,103674911,56,3081508,100593403
202603,202603,030,KRINC,인천항,220,12740868,34,5111455,7629413
202603,202603,033,KRINC,인천항,52,1466524,12,568635,897889
202603,202603,039,KRINC,인천항,375,1881144,11,399273,1481871
202603,202603,040,KRINC,인천항,283,29490679,820,38630889,-9140210
202603,202603,041,KRINC,인천항,42,1126465,320,74500459,-73373994
202603,202603,050,KRINC,인천항,22,897902,5,86786,811116
202603,202603,052,KRINC,인천항,1,4928,0,0,4928
202603,202603,053,KRINC,인천항,277,10118001,39,4349052,5768949
202603,202603,054,KRINC,인천항,1,71989,20,717873,-645884
202603,202603,056,KRINC,인천항,26,311129,0,0,311129
202603,202603,060,KRINC,인천항,76,2423720,0,0,2423720
202603,202603,062,KRINC,인천항,28,362605,0,0,362605
202603,202603,070,KRINC,인천항,7,599111,1,221202,377909
202603,202603,071,KRINC,인천항,88,5023642,18,473284,4550358
202603,202603,080,KRINC,인천항,44,6743105,22,3921622,2821483
202603,202603,081,KRINC,인천항,70,3131072,49,1197782,1933290
202603,202603,082,KRINC,인천항,80,2335022,38,348510,1986512
202603,202603,084,KRINC,인천항,23,449393,0,0,449393
202603,202603,090,KRINC,인천항,2,13995,5,102568,-88573
202603,202603,100,KRINC,인천항,18,3122695,0,0,3122695
202603,202603,102,KRINC,인천항,109,6261020,0,0,6261020
202603,202603,110,KRINC,인천항,113,15920238,36,3970467,11949771
202603,202603,120,KRINC,인천항,427,81500872,33,1603412,79897460
202603,202603,121,KRINC,인천항,372,60066254,71,1366398,58699856
202603,202603,122,KRINC,인천항,71,20759640,0,0,20759640
202603,202603,130,KRINC,인천항,596,22366409,71,1199417,21166992
202603,202603,131,KRINC,인천항,553,21616546,139,8489953,13126593
202603,202603,140,KRINC,인천항,2,10903,0,0,10903
202603,202603,150,KRINC,인천항,310,30584369,18,477963,30106406
202603,202603,151,KRINC,인천항,396,29421307,128,21872405,7548902
202603,202603,152,KRINC,인천항,1339,292701579,335,15435448,277266131
202603,202603,153,KRINC,인천항,235,18723397,17,836181,17887216
202603,202603,154,KRINC,인천항,906,96427419,0,0,96427419
202603,202603,010,KRKAN,광양항,1,28245,2,3350,24895
202603,202603,011,KRKAN,광양항,3,170757,0,0,170757
202603,202603,012,KRKAN,광양항,19,2187420,1,59223,2128197
202603,202603,014,KRKAN,광양항,28,2938666,0,0,2938666
202603,202603,016,KRKAN,광양항,25,2517204,0,0,2517204
202603,202603,017,KRKAN,광양항,4,236794,0,0,236794
202603,202603,020,KRKAN,광양항,212,4581857,4,64441,4517416
202603,202603,021,KRKAN,광양항,46,1165133,0,0,1165133
202603,202603,023,KRKAN,광양항,8,177242,0,0,177242
202603,202603,030,KRKAN,광양항,50,3380959,14,1545242,1835717
202603,202603,033,KRKAN,광양항,7,192866,0,0,192866
202603,202603,039,KRKAN,광양항,1,10429,0,0,10429
202603,202603,050,KRKAN,광양항,1,45858,0,0,45858
202603,202603,051,KRKAN,광양항,0,0,4,3918825,-3918825
202603,202603,052,KRKAN,광양항,0,0,1,101856,-101856
202603,202603,053,KRKAN,광양항,8,1805805,0,0,1805805
202603,202603,056,KRKAN,광양항,37,3301723,0,0,3301723
202603,202603,060,KRKAN,광양항,4731,453087518,8,491713,452595805
202603,202603,062,KRKAN,광양항,7162,1170070841,6788,1255013866,-84943025
202603,202603,070,KRKAN,광양항,182,16995769,5,511922,16483847
202603,202603,071,KRKAN,광양항,1876,82742715,4,452126,82290589
202603,202603,080,KRKAN,광양항,396,31699718,32,2843167,28856551
202603,202603,081,KRKAN,광양항,281,15094867,22,39029517,-23934650
202603,202603,082,KRKAN,광양항,512,44608952,42,2489065,42119887
202603,202603,084,KRKAN,광양항,16,827277,0,0,827277
202603,202603,102,KRKAN,광양항,6,310961,0,0,310961
202603,202603,110,KRKAN,광양항,5,566223,0,0,566223
202603,202603,120,KRKAN,광양항,135,12923742,0,0,12923742
202603,202603,121,KRKAN,광양항,269,8083685,0,0,8083685
202603,202603,122,KRKAN,광양항,70,5644159,0,0,5644159
202603,202603,130,KRKAN,광양항,4,99855,0,0,99855
202603,202603,131,KRKAN,광양항,0,0,1,58714,-58714
202603,202603,150,KRKAN,광양항,120,4894987,0,0,4894987
202603,202603,151,KRKAN,광양항,27,2446532,0,0,2446532
202603,202603,152,KRKAN,광양항,112,14583406,0,0,14583406
202603,202603,153,KRKAN,광양항,10,351668,1,90406,261262
202603,202603,154,KRKAN,광양항,281,26868112,0,0,26868112
202603,202603,020,KRKCN,감천항,524,15326451,0,0,15326451
202603,202603,021,KRKCN,감천항,0,0,1,5164,-5164
202603,202603,023,KRKCN,감천항,2,35557,0,0,35557
202603,202603,030,KRKCN,감천항,315,11871085,860,196716090,-184845005
202603,202603,052,KRKCN,감천항,13,144428,0,0,144428
202603,202603,053,KRKCN,감천항,31,5103100,4,21633,5081467
202603,202603,056,KRKCN,감천항,0,0,14,3242324,-3242324
202603,202603,110,KRKCN,감천항,14,133044,1,32914,100130
202603,202603,120,KRKCN,감천항,2,2879,9,618520,-615641
202603,202603,152,KRKCN,감천항,1,21455,0,0,21455
202603,202603,051,KRKHN,고현항,56,454779032,27,44348890,410430142
202603,202603,020,KRKPO,포항항,5,175826,0,0,175826
202603,202603,023,KRKPO,포항항,2,373096,0,0,373096
202603,202603,030,KRKPO,포항항,2,268572,3,23,268549
202603,202603,039,KRKPO,포항항,4,1392787,0,0,1392787
202603,202603,053,KRKPO,포항항,32,2782018,0,0,2782018
202603,202603,060,KRKPO,포항항,6,495735,0,0,495735
202603,202603,062,KRKPO,포항항,12,886826,0,0,886826
202603,202603,080,KRKPO,포항항,13,1910710,0,0,1910710
202603,202603,120,KRKPO,포항항,1,30657,0,0,30657
202603,202603,122,KRKPO,포항항,1230,393087907,129,63575466,329512441
202603,202603,152,KRKPO,포항항,7,1464349,0,0,1464349
202603,202603,016,KRKUV,군산항,2,20141,0,0,20141
202603,202603,020,KRKUV,군산항,12,3200409,6499,33408453,-30208044
202603,202603,021,KRKUV,군산항,2,994300,0,0,994300
202603,202603,023,KRKUV,군산항,4,947590,0,0,947590
202603,202603,030,KRKUV,군산항,6,505035,2,210,504825
202603,202603,033,KRKUV,군산항,2,18253,0,0,18253
202603,202603,050,KRKUV,군산항,1,343700,0,0,343700
202603,202603,053,KRKUV,군산항,24,1112339,0,0,1112339
202603,202603,054,KRKUV,군산항,1,21180,1,14259,6921
202603,202603,060,KRKUV,군산항,2,29731,0,0,29731
202603,202603,062,KRKUV,군산항,0,0,1,1291,-1291
202603,202603,070,KRKUV,군산항,1,485760,0,0,485760
202603,202603,071,KRKUV,군산항,15,1046369,1,38904,1007465
202603,202603,080,KRKUV,군산항,450,93539830,165961,337933769,-244393939
202603,202603,081,KRKUV,군산항,9,671771,2,208315,463456
202603,202603,082,KRKUV,군산항,42,7135623,27,1133248,6002375
202603,202603,102,KRKUV,군산항,4,11302,0,0,11302
202603,202603,110,KRKUV,군산항,18,10802231,0,0,10802231
202603,202603,121,KRKUV,군산항,33,796572,3,150336,646236
202603,202603,150,KRKUV,군산항,5,380863,0,0,380863
202603,202603,014,KRMAS,마산항,6,3000899,0,0,3000899
202603,202603,016,KRMAS,마산항,10,329990,30,760531,-430541
202603,202603,017,KRMAS,마산항,23,616773,139,7447810,-6831037
202603,202603,020,KRMAS,마산항,344,18599433,0,0,18599433
202603,202603,021,KRMAS,마산항,13,1897466,0,0,1897466
202603,202603,023,KRMAS,마산항,19,316751,0,0,316751
202603,202603,030,KRMAS,마산항,20,10374363,5,1709713,8664650
202603,202603,033,KRMAS,마산항,2,20386,0,0,20386
202603,202603,039,KRMAS,마산항,4,9438989,0,0,9438989
202603,202603,050,KRMAS,마산항,335,667850949,289,64570272,603280677
202603,202603,051,KRMAS,마산항,0,0,24,186058989,-186058989
202603,202603,053,KRMAS,마산항,274,189917727,0,0,189917727
202603,202603,054,KRMAS,마산항,2,2373325,0,0,2373325
202603,202603,056,KRMAS,마산항,18,8001553,3,808595,7192958
202603,202603,060,KRMAS,마산항,2,27142006,0,0,27142006
202603,202603,062,KRMAS,마산항,2,546675,0,0,546675
202603,202603,070,KRMAS,마산항,1,163360,0,0,163360
202603,202603,080,KRMAS,마산항,11,4159553,0,0,4159553
202603,202603,082,KRMAS,마산항,3,235060,0,0,235060
202603,202603,102,KRMAS,마산항,1,295409,0,0,295409
202603,202603,110,KRMAS,마산항,63,99194810,0,0,99194810
202603,202603,120,KRMAS,마산항,34,2518963,0,0,2518963
202603,202603,121,KRMAS,마산항,5,6099568,0,0,6099568
202603,202603,122,KRMAS,마산항,12,4857972,1,625225,4232747
202603,202603,130,KRMAS,마산항,1,32546,0,0,32546
202603,202603,150,KRMAS,마산항,9,152802479,0,0,152802479
202603,202603,151,KRMAS,마산항,8,66200809,0,0,66200809
202603,202603,152,KRMAS,마산항,34,7674047,0,0,7674047
202603,202603,153,KRMAS,마산항,2,1141308,0,0,1141308
202603,202603,154,KRMAS,마산항,3,1888658,0,0,1888658
202603,202603,110,KRMIP,미포항,28,1005568770,0,0,1005568770
202603,202603,023,KRMOK,목포항,1,92734,0,0,92734
202603,202603,030,KRMOK,목포항,1,64155,1,30,64125
202603,202603,039,KRMOK,목포항,0,0,1,500,-500
202603,202603,070,KRMOK,목포항,119,1175414932,64,51640039,1123774893
202603,202603,151,KRMOK,목포항,1,462070,0,0,462070
202603,202603,100,KRMUK,묵호항,5,392662,0,0,392662
202603,202603,100,KROKK,옥계항,1,1126125,41,6415459,-5289334
202603,202603,051,KROKP,옥포항,22,1084938154,39,59994639,1024943515
202603,202603,080,KRONS,온산항,2,1550200,0,0,1550200
202603,202603,110,KRONS,온산항,337,877956230,6,354398576,523557654
202603,202603,010,KRPTK,평택항,17,75585,1,5638,69947
202603,202603,012,KRPTK,평택항,36,3534667,101,3379970,154697
202603,202603,014,KRPTK,평택항,86,4579751,4,47054,4532697
202603,202603,016,KRPTK,평택항,6042,2250258034,241601,3099735493,-849477459
202603,202603,017,KRPTK,평택항,41,10139365,6,1030921,9108444
202603,202603,020,KRPTK,평택항,649,27379243,5774,36483212,-9103969
202603,202603,021,KRPTK,평택항,143,33216881,2369,92065578,-58848697
202603,202603,023,KRPTK,평택항,33,3524235,0,0,3524235
202603,202603,030,KRPTK,평택항,157,34387478,83,22317357,12070121
202603,202603,033,KRPTK,평택항,6,418592,10,38772,379820
202603,202603,039,KRPTK,평택항,2,47620,12941,461161,-413541
202603,202603,040,KRPTK,평택항,3,6123227,29,927055,5196172
202603,202603,041,KRPTK,평택항,3,127380,2,16192,111188
202603,202603,050,KRPTK,평택항,24,722110,0,0,722110
202603,202603,053,KRPTK,평택항,78,4063841,0,0,4063841
202603,202603,056,KRPTK,평택항,9,3935328,3,401339,3533989
202603,202603,060,KRPTK,평택항,1,6665,0,0,6665
202603,202603,062,KRPTK,평택항,2,116253,0,0,116253
202603,202603,070,KRPTK,평택항,2,209975,0,0,209975
202603,202603,071,KRPTK,평택항,24,9337571,4,1358309,7979262
202603,202603,080,KRPTK,평택항,16,7491150,1,42033,7449117
202603,202603,081,KRPTK,평택항,29,1747931,0,0,1747931
202603,202603,082,KRPTK,평택항,19,809301,1,51799,757502
202603,202603,084,KRPTK,평택항,1,13150,0,0,13150
202603,202603,102,KRPTK,평택항,18,3252103,0,0,3252103
202603,202603,110,KRPTK,평택항,13,1276428,33,799514,476914
202603,202603,120,KRPTK,평택항,141,75970658,0,0,75970658
202603,202603,121,KRPTK,평택항,168,47413385,1,221490,47191895
202603,202603,122,KRPTK,평택항,10,1938179,0,0,1938179
202603,202603,130,KRPTK,평택항,12,229835,0,0,229835
202603,202603,131,KRPTK,평택항,27,2154254,6,154413,1999841
202603,202603,150,KRPTK,평택항,41,1776956,3,826418,950538
202603,202603,151,KRPTK,평택항,249,40693190,14,957300,39735890
202603,202603,152,KRPTK,평택항,997,220335652,195,21753835,198581817
202603,202603,153,KRPTK,평택항,25,1635561,2,44822,1590739
202603,202603,154,KRPTK,평택항,467,60368464,3,4204,60364260
202603,202603,010,KRPUS,부산항,3163,32545662,131,5727073,26818589
202603,202603,011,KRPUS,부산항,436,11099642,0,0,11099642
202603,202603,012,KRPUS,부산항,2918,185869121,713,187636525,-1767404
202603,202603,014,KRPUS,부산항,4625,344523964,65,7357120,337166844
202603,202603,016,KRPUS,부산항,4701,405752272,856,393830339,11921933
202603,202603,017,KRPUS,부산항,2989,151280388,134,7858320,143422068
202603,202603,020,KRPUS,부산항,5205,314325814,385,20615920,293709894
202603,202603,021,KRPUS,부산항,5297,441039351,670,105645238,335394113
202603,202603,023,KRPUS,부산항,2992,181481996,18,2754868,178727128
202603,202603,030,KRPUS,부산항,51326,3774912484,54174,4713616504,-938704020
202603,202603,033,KRPUS,부산항,4252,251793096,3052,92825324,158967772
202603,202603,037,KRPUS,부산항,0,0,4,1074,-1074
202603,202603,039,KRPUS,부산항,2426,152342729,108759,66564806,85777923
202603,202603,040,KRPUS,부산항,409,26627936,150,4865552,21762384
202603,202603,041,KRPUS,부산항,66,4212555,82,5595136,-1382581
202603,202603,050,KRPUS,부산항,1311,98100842,85,1438284,96662558
202603,202603,051,KRPUS,부산항,8,834582,131,21005948,-20171366
202603,202603,052,KRPUS,부산항,9,494146,0,0,494146
202603,202603,053,KRPUS,부산항,11438,554387483,745,29048184,525339299
202603,202603,054,KRPUS,부산항,38,3178630,9,156156,3022474
202603,202603,056,KRPUS,부산항,1557,137065167,145,13799826,123265341
202603,202603,060,KRPUS,부산항,1897,154262095,9,261265,154000830
202603,202603,062,KRPUS,부산항,830,70548774,25,7052825,63495949
202603,202603,070,KRPUS,부산항,520,27151953,83,6950126,20201827
202603,202603,071,KRPUS,부산항,1214,109896368,111,7699520,102196848
202603,202603,080,KRPUS,부산항,1072,132662257,64,8644650,124017607
202603,202603,081,KRPUS,부산항,961,146929326,62,2107247,144822079
202603,202603,082,KRPUS,부산항,1569,158586932,122,4139296,154447636
202603,202603,084,KRPUS,부산항,153,8410379,0,0,8410379
202603,202603,090,KRPUS,부산항,69,1789455,71,3874972,-2085517
202603,202603,100,KRPUS,부산항,67,3473107,22,1697522,1775585
202603,202603,101,KRPUS,부산항,14,663761,39,1411071,-747310
202603,202603,102,KRPUS,부산항,683,47604133,0,0,47604133
202603,202603,110,KRPUS,부산항,10015,1241750486,757,56471175,1185279311
202603,202603,120,KRPUS,부산항,9211,522029812,220,12318434,509711378
202603,202603,121,KRPUS,부산항,7438,650338709,630,41627233,608711476
202603,202603,122,KRPUS,부산항,2477,251264272,108,19552226,231712046
202603,202603,130,KRPUS,부산항,786,28719184,15,1218037,27501147
202603,202603,131,KRPUS,부산항,1688,89485725,210,27654385,61831340
202603,202603,140,KRPUS,부산항,35,7599053,34,4743909,2855144
202603,202603,150,KRPUS,부산항,4088,303290159,104,364313078,-61022919
202603,202603,151,KRPUS,부산항,4063,554555336,404,197716524,356838812
202603,202603,152,KRPUS,부산항,5326,458662789,333,48063462,410599327
202603,202603,153,KRPUS,부산항,2507,195812163,56,12036727,183775436
202603,202603,154,KRPUS,부산항,1505,129273440,10,210235,129063205
202603,202603,052,KRSCP,삼천포항,0,0,7,46333594,-46333594
202603,202603,056,KRSCP,삼천포항,0,0,3,1713457,-1713457
202603,202603,110,KRSHG,포항신항,0,0,16,15235371,-15235371
202603,202603,122,KRSHG,포항신항,47,17541803,98,394007044,-376465241
202603,202603,011,KRSHO,속초항,4,162278,0,0,162278
202603,202603,014,KRSHO,속초항,3,147421,0,0,147421
202603,202603,020,KRSHO,속초항,165,6542470,0,0,6542470
202603,202603,021,KRSHO,속초항,8,126478,0,0,126478
202603,202603,023,KRSHO,속초항,1,33841,0,0,33841
202603,202603,030,KRSHO,속초항,1,2103,0,0,2103
202603,202603,100,KRSHO,속초항,2,49491,0,0,49491
202603,202603,101,KRSHO,속초항,21,958593,4,1095550,-136957
202603,202603,151,KRSHO,속초항,34,804159,0,0,804159
202603,202603,154,KRSHO,속초항,2,180718,0,0,180718
202603,202603,030,KRTAN,태안항,0,0,1,43,-43
202603,202603,154,KRTAN,태안항,1,43750000,10,81313802,-37563802
202603,202603,010,KRTGH,동해항,14,111217,0,0,111217
202603,202603,012,KRTGH,동해항,4,118311,0,0,118311
202603,202603,014,KRTGH,동해항,13,255948,0,0,255948
202603,202603,017,KRTGH,동해항,11,156550,0,0,156550
202603,202603,020,KRTGH,동해항,419,9695884,0,0,9695884
202603,202603,021,KRTGH,동해항,3,37474,0,0,37474
202603,202603,023,KRTGH,동해항,27,1195613,0,0,1195613
202603,202603,030,KRTGH,동해항,2,5950,2,305,5645
202603,202603,100,KRTGH,동해항,136,82727560,105,137132045,-54404485
202603,202603,101,KRTGH,동해항,1,500,0,0,500
202603,202603,130,KRTGH,동해항,2,24941,0,0,24941
202603,202603,131,KRTGH,동해항,5,778553,0,0,778553
202603,202603,140,KRTGH,동해항,0,0,5,1550,-1550
202603,202603,151,KRTGH,동해항,19,458302,0,0,458302
202603,202603,016,KRTJI,당진항,3,645384,54,254689863,-254044479
202603,202603,020,KRTJI,당진항,62,5805550,0,0,5805550
202603,202603,023,KRTJI,당진항,2,43713,0,0,43713
202603,202603,030,KRTJI,당진항,1,806835,1,21,806814
202603,202603,060,KRTJI,당진항,27,2065975,0,0,2065975
202603,202603,080,KRTJI,당진항,17,1809302,0,0,1809302
202603,202603,110,KRTJI,당진항,21,4415668,0,0,4415668
202603,202603,122,KRTJI,당진항,3,816599,0,0,816599
202603,202603,152,KRTJI,당진항,566,204746463,5,5109989,199636474
202603,202603,154,KRTJI,당진항,0,0,10,88298490,-88298490
202603,202603,020,KRTSN,대산항,0,0,1,162,-162
202603,202603,152,KRTSN,대산항,0,0,1,200,-200
202603,202603,154,KRTSN,대산항,487,1854825041,194,2379733321,-524908280
202603,202603,030,KRTYG,통영항,2,36975,2,1083147,-1046172
202603,202603,054,KRTYG,통영항,9,283730,273,35274200,-34990470
202603,202603,010,KRUSN,울산항,2,115550,0,0,115550
202603,202603,014,KRUSN,울산항,2,61552,0,0,61552
202603,202603,020,KRUSN,울산항,2,701330,0,0,701330
202603,202603,023,KRUSN,울산항,1,511236,0,0,511236
202603,202603,030,KRUSN,울산항,4,1899630,9,1428843,470787
202603,202603,039,KRUSN,울산항,5,4858596,0,0,4858596
202603,202603,053,KRUSN,울산항,0,0,13,197687,-197687
202603,202603,060,KRUSN,울산항,19,14056949,0,0,14056949
202603,202603,080,KRUSN,울산항,5,938338,0,0,938338
202603,202603,081,KRUSN,울산항,1,39753,0,0,39753
202603,202603,100,KRUSN,울산항,0,0,7,335312,-335312
202603,202603,102,KRUSN,울산항,3,167893,0,0,167893
202603,202603,110,KRUSN,울산항,6097,5214053500,2481,4305950245,908103255
202603,202603,120,KRUSN,울산항,21,4633535,0,0,4633535
202603,202603,122,KRUSN,울산항,10,933533,0,0,933533
202603,202603,150,KRUSN,울산항,1,12121,0,0,12121
202603,202603,151,KRUSN,울산항,1,5940,0,0,5940
202603,202603,152,KRUSN,울산항,11,1182730,0,0,1182730
202603,202603,154,KRUSN,울산항,6,8566347,0,0,8566347
202603,202603,122,KRYMH,영일만항,0,0,43,8758104,-8758104
202603,202603,060,KRYOC,여천항,0,0,103,787825365,-787825365
202603,202603,016,KRYOS,여수항,0,0,1,50,-50
202603,202603,030,KRYOS,여수항,0,0,12,878,-878
202603,202603,060,KRYOS,여수항,331,2289571976,253,2181223805,108348171
202603,202603,062,KRYOS,여수항,4,211127,0,0,211127
202603,202603,110,KRYOS,여수항,0,0,3,1040750,-1040750
202603,202603,152,KRYOS,여수항,6,783207,0,0,783207
202603,202603,010,KRZZZ,기타불개항,22,32600662,0,0,32600662
202603,202603,016,KRZZZ,기타불개항,0,0,7,403,-403
202603,202603,017,KRZZZ,기타불개항,0,0,2,8386,-8386
202603,202603,020,KRZZZ,기타불개항,0,0,16,1838913,-1838913
202603,202603,030,KRZZZ,기타불개항,0,0,1,9435,-9435
202603,202603,051,KRZZZ,기타불개항,0,0,1,2311,-2311
202603,202603,054,KRZZZ,기타불개항,4,14488,13,390814912,-390800424
202603,202603,056,KRZZZ,기타불개항,0,0,1,40513233,-40513233
202603,202603,062,KRZZZ,기타불개항,0,0,6,49634400,-49634400
202603,202603,070,KRZZZ,기타불개항,3,377490,1,367780,9710
202603,202603,080,KRZZZ,기타불개항,3,8017,0,0,8017
202603,202603,081,KRZZZ,기타불개항,2,306000,0,0,306000
202603,202603,082,KRZZZ,기타불개항,1,50,0,0,50
202603,202603,090,KRZZZ,기타불개항,2,286268,0,0,286268
202603,202603,100,KRZZZ,기타불개항,2,564,5,156932608,-156932044
202603,202603,121,KRZZZ,기타불개항,1,45000,1,287250,-242250
202603,202603,080,KUV,군산공항,1,520,0,0,520
202603,202603,012,PUS,김해국제공항,1,9975,0,0,9975
202603,202603,014,PUS,김해국제공항,1,2340,2,2937,-597
202603,202603,017,PUS,김해국제공항,0,0,8,1572143,-1572143
202603,202603,020,PUS,김해국제공항,1,1438,0,0,1438
202603,202603,021,PUS,김해국제공항,3,23436,0,0,23436
202603,202603,030,PUS,김해국제공항,303,6943012,83,77334,6865678
202603,202603,033,PUS,김해국제공항,58,616271,0,0,616271
202603,202603,037,PUS,김해국제공항,0,0,1,2010,-2010
202603,202603,039,PUS,김해국제공항,64,370594,1,4835,365759
202603,202603,040,PUS,김해국제공항,61,467827,34,20458588,-19990761
202603,202603,050,PUS,김해국제공항,56,7265652,2,10359,7255293
202603,202603,051,PUS,김해국제공항,3,4778,0,0,4778
202603,202603,053,PUS,김해국제공항,75,1523951,1,1200,1522751
202603,202603,056,PUS,김해국제공항,12,1455630,31,1262884,192746
202603,202603,060,PUS,김해국제공항,6,338413,0,0,338413
202603,202603,070,PUS,김해국제공항,0,0,2,11093,-11093
202603,202603,071,PUS,김해국제공항,1,6491,0,0,6491
202603,202603,110,PUS,김해국제공항,8,12256,1,236534,-224278
202603,202603,120,PUS,김해국제공항,11,197280,0,0,197280
202603,202603,121,PUS,김해국제공항,5,1656147,5,858396,797751
202603,202603,130,PUS,김해국제공항,82,2013,0,0,2013
202603,202603,140,PUS,김해국제공항,172,953984,1296,13547111,-12593127
202603,202603,151,PUS,김해국제공항,1,205238,0,0,205238
202603,202603,152,PUS,김해국제공항,10,602848,1,2739,600109
202603,202603,153,PUS,김해국제공항,2,71047,0,0,71047
202603,202603,012,SSN,성남공항,0,0,1,22828,-22828
202603,202603,053,TAE,대구국제공항,1,3477,0,0,3477
202603,202603,120,TAE,대구국제공항,10,11432,73,277533,-266101
202603,202603,121,TAE,대구국제공항,4,49475126,0,0,49475126
202603,202603,010,ZZZZZ,기타항,1,2144,0,0,2144
202603,202603,012,ZZZZZ,기타항,2,5760,0,0,5760
202603,202603,023,ZZZZZ,기타항,5,3364,0,0,3364
202603,202603,030,ZZZZZ,기타항,0,0,1,13156,-13156
202603,202603,039,ZZZZZ,기타항,1,240,0,0,240
202603,202603,053,ZZZZZ,기타항,0,0,1,70,-70
202603,202603,131,ZZZZZ,기타항,1,10320,0,0,10320
202603,총계,,-,-,1439800,87333127835,5237532,60753445562,26579682273
202604,202604,010,010,서울세관,83,1463,0,0,1463
202604,202604,017,010,서울세관,34,614,0,0,614
202604,202604,020,010,서울세관,4,155,0,0,155
202604,202604,040,010,서울세관,0,0,1,15607,-15607
202604,202604,130,010,서울세관,17,1942,0,0,1942
202604,202604,011,037,부산국제우편세관,2,6702,0,0,6702
202604,202604,014,037,부산국제우편세관,1,62975,0,0,62975
202604,202604,021,037,부산국제우편세관,24,5497,0,0,5497
202604,202604,023,037,부산국제우편세관,1,26569,0,0,26569
202604,202604,030,037,부산국제우편세관,15,42034,0,0,42034
202604,202604,033,037,부산국제우편세관,8,10711,0,0,10711
202604,202604,037,037,부산국제우편세관,2,6614,16,57378,-50764
202604,202604,039,037,부산국제우편세관,2,7256,0,0,7256
202604,202604,040,037,부산국제우편세관,0,0,1,674,-674
202604,202604,050,037,부산국제우편세관,3,3528,0,0,3528
202604,202604,062,037,부산국제우편세관,1,42483,0,0,42483
202604,202604,082,037,부산국제우편세관,65,7181,0,0,7181
202604,202604,130,037,부산국제우편세관,1,1440,0,0,1440
202604,202604,150,037,부산국제우편세관,2,436,0,0,436
202604,202604,040,040,인천공항세관,0,0,11,34201,-34201
202604,202604,150,CJJ,청주국제공항,1,1300,0,0,1300
202604,202604,151,CJJ,청주국제공항,1,1012,107,29524366,-29523354
202604,202604,090,CJU,제주국제공항,3,53597,312,2634261,-2580664
202604,202604,010,GMP,김포국제공항,32,828162,1,327,827835
202604,202604,011,GMP,김포국제공항,2,4331,0,0,4331
202604,202604,012,GMP,김포국제공항,12,381802,0,0,381802
202604,202604,014,GMP,김포국제공항,2,22762,0,0,22762
202604,202604,017,GMP,김포국제공항,5,209821,0,0,209821
202604,202604,020,GMP,김포국제공항,3614,320609,0,0,320609
202604,202604,023,GMP,김포국제공항,128,346941,0,0,346941
202604,202604,039,GMP,김포국제공항,2,2398,0,0,2398
202604,202604,040,GMP,김포국제공항,173,524487,5,209988,314499
202604,202604,041,GMP,김포국제공항,154,4057225,3150,64041804,-59984579
202604,202604,071,GMP,김포국제공항,10,7369,0,0,7369
202604,202604,082,GMP,김포국제공항,1,72,0,0,72
202604,202604,120,GMP,김포국제공항,8,1095321,0,0,1095321
202604,202604,130,GMP,김포국제공항,1783,85255,0,0,85255
202604,202604,131,GMP,김포국제공항,4,110053,0,0,110053
202604,202604,151,GMP,김포국제공항,5,83782,0,0,83782
202604,202604,056,HIN,진주(사천)공항,1,40537858,0,0,40537858
202604,202604,010,ICN,인천국제공항,32260,386486263,2025,158954859,227531404
202604,202604,011,ICN,인천국제공항,2226,7392928,2,5669,7387259
202604,202604,012,ICN,인천국제공항,13560,5072410432,1738,980810555,4091599877
202604,202604,014,ICN,인천국제공항,9940,202090462,255,43161227,158929235
202604,202604,016,ICN,인천국제공항,7475,5616781976,5928,675551027,4941230949
202604,202604,017,ICN,인천국제공항,36661,288015709,3362,200778495,87237214
202604,202604,020,ICN,인천국제공항,82459,1453095999,4015,1186366364,266729635
202604,202604,021,ICN,인천국제공항,19174,3458965195,9938,787346329,2671618866
202604,202604,023,ICN,인천국제공항,47371,308968071,1175,192991189,115976882
202604,202604,030,ICN,인천국제공항,9787,157854114,1250,83230018,74624096
202604,202604,033,ICN,인천국제공항,508,5473443,11,365465,5107978
202604,202604,037,ICN,인천국제공항,0,0,4,5288,-5288
202604,202604,039,ICN,인천국제공항,4146,17885765,284,15955677,1930088
202604,202604,040,ICN,인천국제공항,380797,13181369317,3818840,11984440295,1196929022
202604,202604,041,ICN,인천국제공항,15863,53219172,2606,247585217,-194366045
202604,202604,050,ICN,인천국제공항,650,9031531,81,2797993,6233538
202604,202604,051,ICN,인천국제공항,11,43187,185,7498728,-7455541
202604,202604,052,ICN,인천국제공항,1,1605,0,0,1605
202604,202604,053,ICN,인천국제공항,4634,92960808,2290,138092609,-45131801
202604,202604,054,ICN,인천국제공항,2,8335,3,71259,-62924
202604,202604,056,ICN,인천국제공항,2662,156404658,1324,106061082,50343576
202604,202604,060,ICN,인천국제공항,154,2271029,21,441598,1829431
202604,202604,062,ICN,인천국제공항,12,77366,18,194118,-116752
202604,202604,070,ICN,인천국제공항,79,606198,73,1971907,-1365709
202604,202604,071,ICN,인천국제공항,3542,329725837,2267,714177426,-384451589
202604,202604,080,ICN,인천국제공항,166,78881386,26,675864,78205522
202604,202604,081,ICN,인천국제공항,591,28855417,160,3451053,25404364
202604,202604,082,ICN,인천국제공항,1442,11145975,30,2757230,8388745
202604,202604,084,ICN,인천국제공항,25,253954,2,10800,243154
202604,202604,090,ICN,인천국제공항,114,145357,119,3712276,-3566919
202604,202604,100,ICN,인천국제공항,147,3301259,0,0,3301259
202604,202604,101,ICN,인천국제공항,3,32208,0,0,32208
202604,202604,102,ICN,인천국제공항,965,41031489,1,21468,41010021
202604,202604,110,ICN,인천국제공항,926,102614660,1098,66887035,35727625
202604,202604,120,ICN,인천국제공항,5500,143081333,293,37897568,105183765
202604,202604,121,ICN,인천국제공항,15712,2772061924,6124,1877448280,894613644
202604,202604,122,ICN,인천국제공항,223,6900354,27,1525957,5374397
202604,202604,130,ICN,인천국제공항,19036,139375916,405,21848020,117527896
202604,202604,131,ICN,인천국제공항,5719,86844768,132,3037871,83806897
202604,202604,140,ICN,인천국제공항,242,2512632,1177,31494826,-28982194
202604,202604,150,ICN,인천국제공항,3317,91172989,282,6751623,84421366
202604,202604,151,ICN,인천국제공항,8874,2683830185,1337,606016379,2077813806
202604,202604,152,ICN,인천국제공항,11016,7883261532,3213,1807689310,6075572222
202604,202604,153,ICN,인천국제공항,1752,39451373,96,6167687,33283686
202604,202604,154,ICN,인천국제공항,164,4297735,20,358889,3938846
202604,202604,011,KAG,강릉공항,19,133,0,0,133
202604,202604,010,KRBNP,부산신항,90,2072777,612,21092149,-19019372
202604,202604,011,KRBNP,부산신항,105,4139309,0,0,4139309
202604,202604,012,KRBNP,부산신항,322,18534798,5449,422726919,-404192121
202604,202604,014,KRBNP,부산신항,672,54014467,235,13824740,40189727
202604,202604,016,KRBNP,부산신항,629,63653323,2004,132963074,-69309751
202604,202604,017,KRBNP,부산신항,685,32635322,35,2258778,30376544
202604,202604,020,KRBNP,부산신항,703,43971188,683,30081021,13890167
202604,202604,021,KRBNP,부산신항,1127,76172318,4049,348096202,-271923884
202604,202604,023,KRBNP,부산신항,401,16698151,76,10023204,6674947
202604,202604,030,KRBNP,부산신항,22971,1949816752,47492,4947241623,-2997424871
202604,202604,033,KRBNP,부산신항,736,42062454,1614,91757566,-49695112
202604,202604,039,KRBNP,부산신항,258,29199005,231,20705607,8493398
202604,202604,040,KRBNP,부산신항,18,344390,499,31498766,-31154376
202604,202604,041,KRBNP,부산신항,15,850032,710,33748423,-32898391
202604,202604,050,KRBNP,부산신항,325,20611981,223,3541731,17070250
202604,202604,051,KRBNP,부산신항,1,186050,133,49105241,-48919191
202604,202604,052,KRBNP,부산신항,1,10590,2,81840,-71250
202604,202604,053,KRBNP,부산신항,11533,364453385,922,75406717,289046668
202604,202604,054,KRBNP,부산신항,15,864336,8,2452392,-1588056
202604,202604,056,KRBNP,부산신항,370,28152807,178,26007627,2145180
202604,202604,060,KRBNP,부산신항,2981,290302371,9,35174512,255127859
202604,202604,062,KRBNP,부산신항,491,44688073,28,10821067,33867006
202604,202604,070,KRBNP,부산신항,36,2302285,93,14108349,-11806064
202604,202604,071,KRBNP,부산신항,1545,57125239,31,1950491,55174748
202604,202604,080,KRBNP,부산신항,154,10603016,66,7317763,3285253
202604,202604,081,KRBNP,부산신항,102,4221260,31,10309846,-6088586
202604,202604,082,KRBNP,부산신항,108,6054572,79,4989976,1064596
202604,202604,084,KRBNP,부산신항,65,3504205,0,0,3504205
202604,202604,090,KRBNP,부산신항,4,40319,75,2001892,-1961573
202604,202604,100,KRBNP,부산신항,32,4991964,0,0,4991964
202604,202604,101,KRBNP,부산신항,8,291531,0,0,291531
202604,202604,102,KRBNP,부산신항,113,7909182,0,0,7909182
202604,202604,110,KRBNP,부산신항,2927,650534574,979,256070096,394464478
202604,202604,120,KRBNP,부산신항,1559,104678685,104,7816604,96862081
202604,202604,121,KRBNP,부산신항,1336,95408979,174,32642459,62766520
202604,202604,122,KRBNP,부산신항,510,40886104,91,21555219,19330885
202604,202604,130,KRBNP,부산신항,113,3611339,48,3976930,-365591
202604,202604,131,KRBNP,부산신항,445,18457727,992,116655020,-98197293
202604,202604,140,KRBNP,부산신항,196,24136774,23,1427013,22709761
202604,202604,150,KRBNP,부산신항,437,39667686,36,9278112,30389574
202604,202604,151,KRBNP,부산신항,351,33769695,359,42528948,-8759253
202604,202604,152,KRBNP,부산신항,1206,84957441,378,34609113,50348328
202604,202604,153,KRBNP,부산신항,458,33120244,56,4096564,29023680
202604,202604,154,KRBNP,부산신항,687,71233698,9,1392493,69841205
202604,202604,016,KRBOR,보령항,0,0,1,150,-150
202604,202604,084,KRBOR,보령항,0,0,22,314098561,-314098561
202604,202604,030,KRCHA,제주항,0,0,1,80007,-80007
202604,202604,090,KRCHA,제주항,10,229291,39,1380650,-1151359
202604,202604,020,KRCHF,진해항,11,207826,0,0,207826
202604,202604,030,KRCHF,진해항,2,60868531,0,0,60868531
202604,202604,053,KRCHF,진해항,10,7402443,14,6033991,1368452
202604,202604,054,KRCHF,진해항,1,8500000,0,0,8500000
202604,202604,152,KRCHF,진해항,2,20065,0,0,20065
202604,202604,080,KRCHG,장항항,2,1028510,7,12309730,-11281220
202604,202604,150,KRCHG,장항항,1,119810,0,0,119810
202604,202604,070,KRDBL,대불항,16,4526307,0,0,4526307
202604,202604,080,KRDBL,대불항,3,1646154,0,0,1646154
202604,202604,011,KRGIN,경인항,2,27199,0,0,27199
202604,202604,012,KRGIN,경인항,1,10959,3,39202,-28243
202604,202604,014,KRGIN,경인항,1,37593,0,0,37593
202604,202604,016,KRGIN,경인항,0,0,4,79845,-79845
202604,202604,020,KRGIN,경인항,1313,9238516,1179,40685900,-31447384
202604,202604,021,KRGIN,경인항,0,0,3,41397,-41397
202604,202604,040,KRGIN,경인항,0,0,5,142933,-142933
202604,202604,041,KRGIN,경인항,0,0,14,1194420,-1194420
202604,202604,053,KRGIN,경인항,0,0,23,395536,-395536
202604,202604,131,KRGIN,경인항,0,0,4,207707,-207707
202604,202604,152,KRGIN,경인항,3,88073,2,34000,54073
202604,202604,153,KRGIN,경인항,1,4004,0,0,4004
202604,202604,100,KRHSA,호산항,0,0,3,32161465,-32161465
202604,202604,010,KRINC,인천항,1636,26945513,584,7707362,19238151
202604,202604,011,KRINC,인천항,194,6541155,0,0,6541155
202604,202604,012,KRINC,인천항,937,50743086,776,45320680,5422406
202604,202604,014,KRINC,인천항,1992,131507029,170,19111255,112395774
202604,202604,016,KRINC,인천항,1161,130268946,502,26902379,103366567
202604,202604,017,KRINC,인천항,1630,180106192,214,11988507,168117685
202604,202604,020,KRINC,인천항,82347,2198365809,564757,6952600118,-4754234309
202604,202604,021,KRINC,인천항,2418,137288844,331,16996550,120292294
202604,202604,023,KRINC,인천항,2277,102647797,56,3719535,98928262
202604,202604,030,KRINC,인천항,223,12367399,34,4133613,8233786
202604,202604,033,KRINC,인천항,56,1531983,37,1453739,78244
202604,202604,039,KRINC,인천항,393,2390913,17,879227,1511686
202604,202604,040,KRINC,인천항,339,35717617,909,50265337,-14547720
202604,202604,041,KRINC,인천항,44,1040925,311,29269522,-28228597
202604,202604,050,KRINC,인천항,27,1599421,4,100651,1498770
202604,202604,051,KRINC,인천항,0,0,1,19731,-19731
202604,202604,053,KRINC,인천항,230,7029836,44,1909507,5120329
202604,202604,054,KRINC,인천항,1,36165,22,711513,-675348
202604,202604,056,KRINC,인천항,23,328284,0,0,328284
202604,202604,060,KRINC,인천항,62,1899859,0,0,1899859
202604,202604,062,KRINC,인천항,29,785883,0,0,785883
202604,202604,070,KRINC,인천항,16,897954,1,73704,824250
202604,202604,071,KRINC,인천항,83,6017201,28,1307849,4709352
202604,202604,080,KRINC,인천항,39,9779762,23,4501789,5277973
202604,202604,081,KRINC,인천항,81,5774143,67,1948501,3825642
202604,202604,082,KRINC,인천항,103,3387055,24,618271,2768784
202604,202604,084,KRINC,인천항,24,421569,0,0,421569
202604,202604,090,KRINC,인천항,2,27615,16,410866,-383251
202604,202604,100,KRINC,인천항,26,3375315,0,0,3375315
202604,202604,102,KRINC,인천항,109,7025131,0,0,7025131
202604,202604,110,KRINC,인천항,96,13877344,42,4565024,9312320
202604,202604,120,KRINC,인천항,502,116175120,37,1141693,115033427
202604,202604,121,KRINC,인천항,345,69849228,114,4024547,65824681
202604,202604,122,KRINC,인천항,78,14836734,0,0,14836734
202604,202604,130,KRINC,인천항,653,24658202,105,1866790,22791412
202604,202604,131,KRINC,인천항,615,26854648,122,8021311,18833337
202604,202604,150,KRINC,인천항,313,32116927,13,400927,31716000
202604,202604,151,KRINC,인천항,470,35155379,122,17719748,17435631
202604,202604,152,KRINC,인천항,1393,276115642,330,14775030,261340612
202604,202604,153,KRINC,인천항,233,21177555,12,489993,20687562
202604,202604,154,KRINC,인천항,1016,120853303,0,0,120853303
202604,202604,010,KRKAN,광양항,1,30237,1,1500,28737
202604,202604,011,KRKAN,광양항,3,203428,0,0,203428
202604,202604,012,KRKAN,광양항,12,200797,1,67027,133770
202604,202604,014,KRKAN,광양항,36,3588394,25,1968155,1620239
202604,202604,016,KRKAN,광양항,52,4024595,0,0,4024595
202604,202604,017,KRKAN,광양항,5,59143,0,0,59143
202604,202604,020,KRKAN,광양항,273,6772058,0,0,6772058
202604,202604,021,KRKAN,광양항,33,945005,0,0,945005
202604,202604,023,KRKAN,광양항,18,566247,0,0,566247
202604,202604,030,KRKAN,광양항,29,2207143,4,990,2206153
202604,202604,033,KRKAN,광양항,10,812009,0,0,812009
202604,202604,039,KRKAN,광양항,2,63485,0,0,63485
202604,202604,040,KRKAN,광양항,3,50625,0,0,50625
202604,202604,050,KRKAN,광양항,1,972393,0,0,972393
202604,202604,051,KRKAN,광양항,0,0,6,5824008,-5824008
202604,202604,052,KRKAN,광양항,0,0,7,408411,-408411
202604,202604,053,KRKAN,광양항,78,808058,1,733818,74240
202604,202604,056,KRKAN,광양항,15,1786986,0,0,1786986
202604,202604,060,KRKAN,광양항,4743,532441750,9,401677,532040073
202604,202604,062,KRKAN,광양항,7516,1173255799,7277,1152961393,20294406
202604,202604,070,KRKAN,광양항,198,14762460,9,674949,14087511
202604,202604,071,KRKAN,광양항,2063,100883804,2,121574,100762230
202604,202604,080,KRKAN,광양항,431,34969187,31,2223924,32745263
202604,202604,081,KRKAN,광양항,319,18964886,20,20222148,-1257262
202604,202604,082,KRKAN,광양항,566,51627368,47,2695049,48932319
202604,202604,084,KRKAN,광양항,19,1263314,0,0,1263314
202604,202604,102,KRKAN,광양항,10,408714,0,0,408714
202604,202604,110,KRKAN,광양항,10,1108577,0,0,1108577
202604,202604,120,KRKAN,광양항,64,3503672,0,0,3503672
202604,202604,121,KRKAN,광양항,238,9647915,0,0,9647915
202604,202604,122,KRKAN,광양항,81,6087760,0,0,6087760
202604,202604,130,KRKAN,광양항,4,281725,0,0,281725
202604,202604,131,KRKAN,광양항,1,1500,0,0,1500
202604,202604,150,KRKAN,광양항,125,5871900,0,0,5871900
202604,202604,151,KRKAN,광양항,28,2552198,0,0,2552198
202604,202604,152,KRKAN,광양항,87,10845206,0,0,10845206
202604,202604,153,KRKAN,광양항,9,681058,0,0,681058
202604,202604,154,KRKAN,광양항,315,38658164,4,118673,38539491
202604,202604,016,KRKCN,감천항,0,0,1,124228,-124228
202604,202604,020,KRKCN,감천항,568,14573709,0,0,14573709
202604,202604,021,KRKCN,감천항,1,32109,0,0,32109
202604,202604,030,KRKCN,감천항,240,4864338,976,190102453,-185238115
202604,202604,040,KRKCN,감천항,1,8128,0,0,8128
202604,202604,052,KRKCN,감천항,13,148240,0,0,148240
202604,202604,053,KRKCN,감천항,20,464809,5,21952,442857
202604,202604,056,KRKCN,감천항,0,0,9,5998373,-5998373
202604,202604,070,KRKCN,감천항,0,0,1,720086,-720086
202604,202604,110,KRKCN,감천항,4,55661,2,61858,-6197
202604,202604,120,KRKCN,감천항,0,0,7,5001170,-5001170
202604,202604,152,KRKCN,감천항,6,212007,0,0,212007
202604,202604,154,KRKCN,감천항,2,166452,0,0,166452
202604,202604,051,KRKHN,고현항,63,620522834,44,48835190,571687644
202604,202604,030,KRKPO,포항항,1,177598,5,155,177443
202604,202604,039,KRKPO,포항항,1,235219,0,0,235219
202604,202604,053,KRKPO,포항항,19,4435923,0,0,4435923
202604,202604,060,KRKPO,포항항,2,2136503,0,0,2136503
202604,202604,062,KRKPO,포항항,10,4825632,0,0,4825632
202604,202604,080,KRKPO,포항항,19,2508430,1,130497,2377933
202604,202604,120,KRKPO,포항항,2,566590,0,0,566590
202604,202604,122,KRKPO,포항항,1289,428334256,120,161893626,266440630
202604,202604,152,KRKPO,포항항,12,1984344,0,0,1984344
202604,202604,153,KRKPO,포항항,2,663411,0,0,663411
202604,202604,012,KRKUV,군산항,1,246819,0,0,246819
202604,202604,016,KRKUV,군산항,3,29598,0,0,29598
202604,202604,020,KRKUV,군산항,13,1815403,7530,46859095,-45043692
202604,202604,023,KRKUV,군산항,1,193793,0,0,193793
202604,202604,030,KRKUV,군산항,5,200709,0,0,200709
202604,202604,039,KRKUV,군산항,0,0,1,250,-250
202604,202604,040,KRKUV,군산항,0,0,1,13019,-13019
202604,202604,041,KRKUV,군산항,0,0,4,22590,-22590
202604,202604,053,KRKUV,군산항,59,1980581,0,0,1980581
202604,202604,054,KRKUV,군산항,15,380525,0,0,380525
202604,202604,060,KRKUV,군산항,1,24641,0,0,24641
202604,202604,070,KRKUV,군산항,15,994959,2,4919,990040
202604,202604,071,KRKUV,군산항,21,1808982,1,25422,1783560
202604,202604,080,KRKUV,군산항,418,69580637,151193,306489032,-236908395
202604,202604,081,KRKUV,군산항,4,402142,6,321372,80770
202604,202604,082,KRKUV,군산항,42,5723687,39,1487489,4236198
202604,202604,084,KRKUV,군산항,0,0,1,99,-99
202604,202604,102,KRKUV,군산항,2,6327,0,0,6327
202604,202604,110,KRKUV,군산항,8,3315038,0,0,3315038
202604,202604,121,KRKUV,군산항,34,836462,10,501120,335342
202604,202604,130,KRKUV,군산항,0,0,1,2376,-2376
202604,202604,150,KRKUV,군산항,4,283394,0,0,283394
202604,202604,152,KRKUV,군산항,2,1267537,0,0,1267537
202604,202604,010,KRMAS,마산항,1,11748,0,0,11748
202604,202604,011,KRMAS,마산항,1,40960,0,0,40960
202604,202604,014,KRMAS,마산항,9,3350679,0,0,3350679
202604,202604,016,KRMAS,마산항,4,56389,259,6457495,-6401106
202604,202604,017,KRMAS,마산항,17,329151,97,5152378,-4823227
202604,202604,020,KRMAS,마산항,188,7557221,0,0,7557221
202604,202604,021,KRMAS,마산항,8,5310174,0,0,5310174
202604,202604,023,KRMAS,마산항,24,861373,0,0,861373
202604,202604,030,KRMAS,마산항,98,15410499,3,678,15409821
202604,202604,033,KRMAS,마산항,7,395105,0,0,395105
202604,202604,039,KRMAS,마산항,4,64334,0,0,64334
202604,202604,050,KRMAS,마산항,332,760847256,243,131019160,629828096
202604,202604,051,KRMAS,마산항,0,0,31,110809993,-110809993
202604,202604,053,KRMAS,마산항,281,308936662,3,1897670,307038992
202604,202604,056,KRMAS,마산항,8,7831392,5,1592383,6239009
202604,202604,060,KRMAS,마산항,3,1518200,0,0,1518200
202604,202604,062,KRMAS,마산항,1,11890,0,0,11890
202604,202604,070,KRMAS,마산항,2,70390,1,1278705,-1208315
202604,202604,080,KRMAS,마산항,9,2859285,0,0,2859285
202604,202604,082,KRMAS,마산항,4,1593900,0,0,1593900
202604,202604,090,KRMAS,마산항,1,59900,0,0,59900
202604,202604,110,KRMAS,마산항,45,60065905,1,953511,59112394
202604,202604,120,KRMAS,마산항,23,3658021,0,0,3658021
202604,202604,121,KRMAS,마산항,2,3986505,0,0,3986505
202604,202604,122,KRMAS,마산항,5,982257,3,5748138,-4765881
202604,202604,151,KRMAS,마산항,3,2588605,0,0,2588605
202604,202604,152,KRMAS,마산항,38,8145032,0,0,8145032
202604,202604,153,KRMAS,마산항,4,1859333,0,0,1859333
202604,202604,154,KRMAS,마산항,8,13504671,0,0,13504671
202604,202604,110,KRMIP,미포항,35,1031090840,0,0,1031090840
202604,202604,016,KRMOK,목포항,0,0,14,376593,-376593
202604,202604,050,KRMOK,목포항,1,49495,0,0,49495
202604,202604,051,KRMOK,목포항,0,0,1,1793668,-1793668
202604,202604,070,KRMOK,목포항,171,1078688709,36,23334617,1055354092
202604,202604,020,KRMUK,묵호항,1,8672,0,0,8672
202604,202604,100,KRMUK,묵호항,4,481020,0,0,481020
202604,202604,100,KROKK,옥계항,3,4282777,41,2079262,2203515
202604,202604,051,KROKP,옥포항,16,765102309,25,25590440,739511869
202604,202604,110,KRONS,온산항,314,1145534253,6,1326554273,-181020020
202604,202604,010,KRPTK,평택항,14,97408,3,26336,71072
202604,202604,011,KRPTK,평택항,2,101598,0,0,101598
202604,202604,012,KRPTK,평택항,43,4066273,113,4218049,-151776
202604,202604,014,KRPTK,평택항,96,4675523,4,47306,4628217
202604,202604,016,KRPTK,평택항,6185,2094254993,191616,3526954726,-1432699733
202604,202604,017,KRPTK,평택항,45,6113276,5,609603,5503673
202604,202604,020,KRPTK,평택항,473,26110478,6251,43623524,-17513046
202604,202604,021,KRPTK,평택항,170,56715133,1693,62317393,-5602260
202604,202604,023,KRPTK,평택항,31,5073607,0,0,5073607
202604,202604,030,KRPTK,평택항,161,35354754,61,19233418,16121336
202604,202604,033,KRPTK,평택항,13,958636,0,0,958636
202604,202604,039,KRPTK,평택항,2,26120,19415,583896,-557776
202604,202604,040,KRPTK,평택항,2,3768,21,490407,-486639
202604,202604,050,KRPTK,평택항,23,554151,0,0,554151
202604,202604,053,KRPTK,평택항,95,5931021,6,3261164,2669857
202604,202604,054,KRPTK,평택항,3,82664,0,0,82664
202604,202604,056,KRPTK,평택항,12,4079848,3,309362,3770486
202604,202604,062,KRPTK,평택항,1,67636,0,0,67636
202604,202604,070,KRPTK,평택항,2,274011,0,0,274011
202604,202604,071,KRPTK,평택항,16,580194,3,741754,-161560
202604,202604,080,KRPTK,평택항,22,13149782,0,0,13149782
202604,202604,081,KRPTK,평택항,26,1945036,4,76566,1868470
202604,202604,082,KRPTK,평택항,20,1061035,0,0,1061035
202604,202604,102,KRPTK,평택항,13,2861150,0,0,2861150
202604,202604,110,KRPTK,평택항,13,1332036,1,522,1331514
202604,202604,120,KRPTK,평택항,159,59445148,0,0,59445148
202604,202604,121,KRPTK,평택항,127,32362792,9,507249,31855543
202604,202604,122,KRPTK,평택항,9,427737,0,0,427737
202604,202604,130,KRPTK,평택항,10,192483,0,0,192483
202604,202604,131,KRPTK,평택항,21,3413520,12,582341,2831179
202604,202604,150,KRPTK,평택항,70,3341567,3,114589,3226978
202604,202604,151,KRPTK,평택항,232,42152440,13,607811,41544629
202604,202604,152,KRPTK,평택항,1053,174842724,214,28426596,146416128
202604,202604,153,KRPTK,평택항,15,340089,3,77894,262195
202604,202604,154,KRPTK,평택항,366,67526576,2,83,67526493
202604,202604,010,KRPUS,부산항,3727,36291956,133,4834200,31457756
202604,202604,011,KRPUS,부산항,485,12683928,0,0,12683928
202604,202604,012,KRPUS,부산항,3032,195271772,673,99135832,96135940
202604,202604,014,KRPUS,부산항,4933,355297603,68,10904515,344393088
202604,202604,016,KRPUS,부산항,4904,428182341,839,265455191,162727150
202604,202604,017,KRPUS,부산항,3187,145260895,154,26455585,118805310
202604,202604,020,KRPUS,부산항,5782,349722980,452,27207255,322515725
202604,202604,021,KRPUS,부산항,5355,501644647,595,96464267,405180380
202604,202604,023,KRPUS,부산항,3379,218567162,10,779081,217788081
202604,202604,030,KRPUS,부산항,55531,4302908263,64404,4980232407,-677324144
202604,202604,033,KRPUS,부산항,4388,265685870,3803,106058658,159627212
202604,202604,037,KRPUS,부산항,0,0,4,2756,-2756
202604,202604,039,KRPUS,부산항,2557,142644907,120905,77218245,65426662
202604,202604,040,KRPUS,부산항,427,38075865,138,16297434,21778431
202604,202604,041,KRPUS,부산항,74,4748445,108,10012519,-5264074
202604,202604,050,KRPUS,부산항,1501,100985280,95,1694459,99290821
202604,202604,051,KRPUS,부산항,9,434399,129,16301955,-15867556
202604,202604,052,KRPUS,부산항,5,803643,0,0,803643
202604,202604,053,KRPUS,부산항,11593,554506516,885,36914213,517592303
202604,202604,054,KRPUS,부산항,39,3573336,3,60602,3512734
202604,202604,056,KRPUS,부산항,1560,141072538,125,12997153,128075385
202604,202604,060,KRPUS,부산항,2086,183853044,20,1980991,181872053
202604,202604,062,KRPUS,부산항,880,83971185,19,1246231,82724954
202604,202604,070,KRPUS,부산항,491,23514334,102,10338169,13176165
202604,202604,071,KRPUS,부산항,1259,106560371,133,11969900,94590471
202604,202604,080,KRPUS,부산항,1112,132588956,76,10139802,122449154
202604,202604,081,KRPUS,부산항,1049,132051873,73,3940590,128111283
202604,202604,082,KRPUS,부산항,1574,146311063,93,3445416,142865647
202604,202604,084,KRPUS,부산항,177,9440586,0,0,9440586
202604,202604,090,KRPUS,부산항,69,937080,47,1548424,-611344
202604,202604,100,KRPUS,부산항,61,2412512,11,867714,1544798
202604,202604,101,KRPUS,부산항,19,871973,26,734307,137666
202604,202604,102,KRPUS,부산항,766,46354568,0,0,46354568
202604,202604,110,KRPUS,부산항,10568,1391476953,677,56914411,1334562542
202604,202604,120,KRPUS,부산항,9759,619536851,234,10289419,609247432
202604,202604,121,KRPUS,부산항,7668,709147163,631,38081264,671065899
202604,202604,122,KRPUS,부산항,2242,251926433,120,24499581,227426852
202604,202604,130,KRPUS,부산항,841,31451475,6,1082749,30368726
202604,202604,131,KRPUS,부산항,1868,83066965,211,19927713,63139252
202604,202604,140,KRPUS,부산항,34,7026912,39,3539719,3487193
202604,202604,150,KRPUS,부산항,4041,324442923,84,144048450,180394473
202604,202604,151,KRPUS,부산항,4281,567558292,434,243337902,324220390
202604,202604,152,KRPUS,부산항,5411,444772962,533,40520862,404252100
202604,202604,153,KRPUS,부산항,2655,216295440,60,8048163,208247277
202604,202604,154,KRPUS,부산항,1628,160877787,18,1408097,159469690
202604,202604,052,KRSCP,삼천포항,0,0,11,70293379,-70293379
202604,202604,110,KRSHG,포항신항,0,0,10,9068219,-9068219
202604,202604,122,KRSHG,포항신항,50,14561170,74,366125895,-351564725
202604,202604,014,KRSHO,속초항,1,8577,0,0,8577
202604,202604,020,KRSHO,속초항,80,4089064,0,0,4089064
202604,202604,021,KRSHO,속초항,3,38076,0,0,38076
202604,202604,023,KRSHO,속초항,1,12337,0,0,12337
202604,202604,060,KRSHO,속초항,1,118837,0,0,118837
202604,202604,071,KRSHO,속초항,3,71913,0,0,71913
202604,202604,101,KRSHO,속초항,6,241950,2,93,241857
202604,202604,151,KRSHO,속초항,14,247502,0,0,247502
202604,202604,030,KRTAN,태안항,0,0,1,110,-110
202604,202604,152,KRTAN,태안항,0,0,1,110,-110
202604,202604,154,KRTAN,태안항,0,0,10,69219019,-69219019
202604,202604,010,KRTGH,동해항,27,281015,0,0,281015
202604,202604,012,KRTGH,동해항,13,302017,0,0,302017
202604,202604,014,KRTGH,동해항,13,348088,0,0,348088
202604,202604,017,KRTGH,동해항,10,123328,0,0,123328
202604,202604,020,KRTGH,동해항,677,17900017,0,0,17900017
202604,202604,021,KRTGH,동해항,10,199216,0,0,199216
202604,202604,023,KRTGH,동해항,47,2259755,0,0,2259755
202604,202604,030,KRTGH,동해항,11,102935,1,478,102457
202604,202604,039,KRTGH,동해항,1,24192,0,0,24192
202604,202604,041,KRTGH,동해항,1,16156,0,0,16156
202604,202604,100,KRTGH,동해항,181,13519980,170,126204123,-112684143
202604,202604,101,KRTGH,동해항,0,0,2,58100,-58100
202604,202604,130,KRTGH,동해항,1,11529,0,0,11529
202604,202604,131,KRTGH,동해항,8,507808,0,0,507808
202604,202604,140,KRTGH,동해항,0,0,1,150,-150
202604,202604,151,KRTGH,동해항,30,799110,0,0,799110
202604,202604,153,KRTGH,동해항,1,1030,0,0,1030
202604,202604,154,KRTGH,동해항,6,132014,0,0,132014
202604,202604,016,KRTJI,당진항,0,0,61,355417543,-355417543
202604,202604,020,KRTJI,당진항,59,8221874,0,0,8221874
202604,202604,023,KRTJI,당진항,1,143077,0,0,143077
202604,202604,030,KRTJI,당진항,1,101269,2,28,101241
202604,202604,039,KRTJI,당진항,15,2385924,0,0,2385924
202604,202604,060,KRTJI,당진항,29,5357672,0,0,5357672
202604,202604,070,KRTJI,당진항,2,66194,0,0,66194
202604,202604,080,KRTJI,당진항,1,87066,0,0,87066
202604,202604,110,KRTJI,당진항,6,3064656,0,0,3064656
202604,202604,122,KRTJI,당진항,16,1448061,0,0,1448061
202604,202604,152,KRTJI,당진항,590,219597461,2,46,219597415
202604,202604,154,KRTJI,당진항,0,0,10,79687837,-79687837
202604,202604,016,KRTSN,대산항,1,56169,0,0,56169
202604,202604,060,KRTSN,대산항,2,9287353,0,0,9287353
202604,202604,152,KRTSN,대산항,0,0,4,140,-140
202604,202604,154,KRTSN,대산항,377,1375413033,130,1659184373,-283771340
202604,202604,030,KRTYG,통영항,19,309232,0,0,309232
202604,202604,039,KRTYG,통영항,3,78859,0,0,78859
202604,202604,054,KRTYG,통영항,12,14804597,288,16159458,-1354861
202604,202604,110,KRTYG,통영항,10,109931,0,0,109931
202604,202604,140,KRTYG,통영항,0,0,1,200,-200
202604,202604,010,KRUSN,울산항,1,75650,0,0,75650
202604,202604,012,KRUSN,울산항,0,0,6,80301,-80301
202604,202604,014,KRUSN,울산항,4,171030,0,0,171030
202604,202604,016,KRUSN,울산항,1,451828,0,0,451828
202604,202604,020,KRUSN,울산항,3,1849922,1,1175004,674918
202604,202604,021,KRUSN,울산항,2,350892,0,0,350892
202604,202604,030,KRUSN,울산항,8,5853430,4,23525,5829905
202604,202604,039,KRUSN,울산항,3,5607276,0,0,5607276
202604,202604,053,KRUSN,울산항,1,879267,11,519649,359618
202604,202604,060,KRUSN,울산항,8,513922,0,0,513922
202604,202604,062,KRUSN,울산항,2,36870,0,0,36870
202604,202604,080,KRUSN,울산항,3,1129062,0,0,1129062
202604,202604,100,KRUSN,울산항,0,0,10,451014,-451014
202604,202604,102,KRUSN,울산항,2,134520,0,0,134520
202604,202604,110,KRUSN,울산항,5901,4031800267,2542,4391136327,-359336060
202604,202604,120,KRUSN,울산항,18,4829522,0,0,4829522
202604,202604,121,KRUSN,울산항,1,86296,0,0,86296
202604,202604,122,KRUSN,울산항,13,1051358,0,0,1051358
202604,202604,152,KRUSN,울산항,6,2118524,0,0,2118524
202604,202604,154,KRUSN,울산항,7,5254843,0,0,5254843
202604,202604,122,KRYMH,영일만항,0,0,76,8944917,-8944917
202604,202604,060,KRYOC,여천항,0,0,67,714611324,-714611324
202604,202604,030,KRYOS,여수항,0,0,9,1428,-1428
202604,202604,060,KRYOS,여수항,261,2096521619,228,2637074455,-540552836
202604,202604,152,KRYOS,여수항,5,936366,0,0,936366
202604,202604,154,KRYOS,여수항,1,6417660,0,0,6417660
202604,202604,010,KRZZZ,기타불개항,40,35532560,0,0,35532560
202604,202604,016,KRZZZ,기타불개항,0,0,3,600,-600
202604,202604,020,KRZZZ,기타불개항,0,0,29,624972,-624972
202604,202604,021,KRZZZ,기타불개항,1,660,0,0,660
202604,202604,051,KRZZZ,기타불개항,1,181783,14,587394915,-587213132
202604,202604,054,KRZZZ,기타불개항,4,13527,12,398095106,-398081579
202604,202604,062,KRZZZ,기타불개항,0,0,5,50102589,-50102589
202604,202604,070,KRZZZ,기타불개항,4,506675,5,1844406,-1337731
202604,202604,081,KRZZZ,기타불개항,5,8606,0,0,8606
202604,202604,082,KRZZZ,기타불개항,1,2683,0,0,2683
202604,202604,090,KRZZZ,기타불개항,5,432353,0,0,432353
202604,202604,100,KRZZZ,기타불개항,1,282,5,181121049,-181120767
202604,202604,121,KRZZZ,기타불개항,0,0,3,476052,-476052
202604,202604,080,KUV,군산공항,1,1214,0,0,1214
202604,202604,011,PUS,김해국제공항,2,53734,0,0,53734
202604,202604,016,PUS,김해국제공항,1,736,0,0,736
202604,202604,017,PUS,김해국제공항,0,0,3,119720,-119720
202604,202604,021,PUS,김해국제공항,4,33480,0,0,33480
202604,202604,030,PUS,김해국제공항,336,5417940,74,118591,5299349
202604,202604,033,PUS,김해국제공항,68,555512,0,0,555512
202604,202604,039,PUS,김해국제공항,49,214888,0,0,214888
202604,202604,040,PUS,김해국제공항,49,469338,6,397805,71533
202604,202604,050,PUS,김해국제공항,71,11019143,2,1777,11017366
202604,202604,051,PUS,김해국제공항,3,95235,1,13440,81795
202604,202604,052,PUS,김해국제공항,2,788,0,0,788
202604,202604,053,PUS,김해국제공항,81,1422709,1,253471,1169238
202604,202604,054,PUS,김해국제공항,2,297,0,0,297
202604,202604,056,PUS,김해국제공항,4,10901,29,1124375,-1113474
202604,202604,060,PUS,김해국제공항,6,371916,0,0,371916
202604,202604,110,PUS,김해국제공항,21,20483,3,5764,14719
202604,202604,120,PUS,김해국제공항,7,62910,0,0,62910
202604,202604,121,PUS,김해국제공항,4,1210210,16,10141388,-8931178
202604,202604,130,PUS,김해국제공항,41,1316,0,0,1316
202604,202604,131,PUS,김해국제공항,1,3632,0,0,3632
202604,202604,140,PUS,김해국제공항,165,1068726,1209,17532718,-16463992
202604,202604,150,PUS,김해국제공항,1,10590,0,0,10590
202604,202604,151,PUS,김해국제공항,1,383567,0,0,383567
202604,202604,152,PUS,김해국제공항,7,245690,0,0,245690
202604,202604,153,PUS,김해국제공항,1,13901,0,0,13901
202604,202604,012,SSN,성남공항,0,0,1,51548,-51548
202604,202604,120,TAE,대구국제공항,13,64872,51,322723,-257851
202604,202604,121,TAE,대구국제공항,1,3561,0,0,3561
202604,202604,010,ZZZZZ,기타항,2,2078,0,0,2078
202604,202604,017,ZZZZZ,기타항,1,379,0,0,379
202604,202604,023,ZZZZZ,기타항,4,1935,0,0,1935
202604,202604,120,ZZZZZ,기타항,5,26350,0,0,26350
202604,202604,150,ZZZZZ,기타항,1,1400,0,0,1400
202604,총계,,-,-,1130725,85751881779,5105811,62104907661,23646974118
202605,202605,010,010,서울세관,71,1462,0,0,1462
202605,202605,017,010,서울세관,23,8642,0,0,8642
202605,202605,020,010,서울세관,1,24,0,0,24
202605,202605,030,010,서울세관,2,27288,0,0,27288
202605,202605,033,010,서울세관,1,43188,0,0,43188
202605,202605,040,010,서울세관,1,26652,0,0,26652
202605,202605,011,037,부산국제우편세관,1,1874,0,0,1874
202605,202605,012,037,부산국제우편세관,2,907,0,0,907
202605,202605,021,037,부산국제우편세관,6,693,0,0,693
202605,202605,030,037,부산국제우편세관,16,152104,0,0,152104
202605,202605,033,037,부산국제우편세관,8,11062,0,0,11062
202605,202605,037,037,부산국제우편세관,2,18865,13,25984,-7119
202605,202605,039,037,부산국제우편세관,1,1932,0,0,1932
202605,202605,040,037,부산국제우편세관,0,0,2,7667,-7667
202605,202605,050,037,부산국제우편세관,1,707,0,0,707
202605,202605,082,037,부산국제우편세관,262,28371,0,0,28371
202605,202605,152,037,부산국제우편세관,1,81135,0,0,81135
202605,202605,040,040,인천공항세관,0,0,11,54182,-54182
202605,202605,071,CJJ,청주국제공항,1,360,0,0,360
202605,202605,150,CJJ,청주국제공항,1,1200,0,0,1200
202605,202605,151,CJJ,청주국제공항,1,4811,119,758283,-753472
202605,202605,152,CJJ,청주국제공항,1,6598,0,0,6598
202605,202605,090,CJU,제주국제공항,32,1252,319,2359134,-2357882
202605,202605,010,GMP,김포국제공항,33,1196362,2,2190,1194172
202605,202605,012,GMP,김포국제공항,1,2341,0,0,2341
202605,202605,017,GMP,김포국제공항,1,80,0,0,80
202605,202605,020,GMP,김포국제공항,4327,361547,0,0,361547
202605,202605,023,GMP,김포국제공항,147,279567,0,0,279567
202605,202605,039,GMP,김포국제공항,1,1216,0,0,1216
202605,202605,040,GMP,김포국제공항,130,404039,3,86149,317890
202605,202605,041,GMP,김포국제공항,117,449123,2411,104358159,-103909036
202605,202605,071,GMP,김포국제공항,10,7481,0,0,7481
202605,202605,120,GMP,김포국제공항,14,1126365,0,0,1126365
202605,202605,130,GMP,김포국제공항,1305,157393,0,0,157393
202605,202605,131,GMP,김포국제공항,4,63198,0,0,63198
202605,202605,150,GMP,김포국제공항,1,26754,0,0,26754
202605,202605,151,GMP,김포국제공항,3,53681,0,0,53681
202605,202605,010,ICN,인천국제공항,31361,355220995,1784,129458201,225762794
202605,202605,011,ICN,인천국제공항,2088,8214251,2,461,8213790
202605,202605,012,ICN,인천국제공항,12318,6299531854,1588,824437103,5475094751
202605,202605,014,ICN,인천국제공항,8992,186431336,192,27220884,159210452
202605,202605,016,ICN,인천국제공항,6240,6495945438,5148,598045755,5897899683
202605,202605,017,ICN,인천국제공항,28072,220098650,3055,171501394,48597256
202605,202605,020,ICN,인천국제공항,72629,1224726540,3719,1484034575,-259308035
202605,202605,021,ICN,인천국제공항,18620,3991899716,9470,740761125,3251138591
202605,202605,023,ICN,인천국제공항,47367,352677312,989,181394259,171283053
202605,202605,030,ICN,인천국제공항,8642,156190260,968,64928554,91261706
202605,202605,033,ICN,인천국제공항,426,5535038,10,113749,5421289
202605,202605,037,ICN,인천국제공항,2,21573,7,8634,12939
202605,202605,039,ICN,인천국제공항,3370,13562673,245,27134551,-13571878
202605,202605,040,ICN,인천국제공항,340938,14043088449,3707555,11440915971,2602172478
202605,202605,041,ICN,인천국제공항,12734,42297028,2259,178961885,-136664857
202605,202605,050,ICN,인천국제공항,610,11238056,86,2823072,8414984
202605,202605,051,ICN,인천국제공항,14,147637,192,21149730,-21002093
202605,202605,052,ICN,인천국제공항,1,1600,0,0,1600
202605,202605,053,ICN,인천국제공항,4076,96307463,1884,133339620,-37032157
202605,202605,054,ICN,인천국제공항,6,17707,23,4532428,-4514721
202605,202605,056,ICN,인천국제공항,1785,42771557,1255,71572426,-28800869
202605,202605,060,ICN,인천국제공항,168,2260058,16,3867838,-1607780
202605,202605,062,ICN,인천국제공항,13,68118,14,134091,-65973
202605,202605,070,ICN,인천국제공항,67,1462539,60,3901898,-2439359
202605,202605,071,ICN,인천국제공항,3271,305415727,2207,589321692,-283905965
202605,202605,080,ICN,인천국제공항,137,75322394,12,424370,74898024
202605,202605,081,ICN,인천국제공항,580,22490963,120,2628505,19862458
202605,202605,082,ICN,인천국제공항,882,12509620,55,5019203,7490417
202605,202605,084,ICN,인천국제공항,16,115728,1,8100,107628
202605,202605,090,ICN,인천국제공항,110,111984,136,4611366,-4499382
202605,202605,100,ICN,인천국제공항,127,2672490,0,0,2672490
202605,202605,101,ICN,인천국제공항,3,2636,3,48281,-45645
202605,202605,102,ICN,인천국제공항,868,44468350,0,0,44468350
202605,202605,110,ICN,인천국제공항,1024,93251976,881,35029098,58222878
202605,202605,120,ICN,인천국제공항,4902,139829917,276,30774227,109055690
202605,202605,121,ICN,인천국제공항,13965,3398895224,6486,1644358688,1754536536
202605,202605,122,ICN,인천국제공항,176,3332541,22,456634,2875907
202605,202605,130,ICN,인천국제공항,17522,103403616,371,13890353,89513263
202605,202605,131,ICN,인천국제공항,5550,79953624,95,1677841,78275783
202605,202605,140,ICN,인천국제공항,209,2495512,992,26002843,-23507331
202605,202605,150,ICN,인천국제공항,3199,103303862,250,6770840,96533022
202605,202605,151,ICN,인천국제공항,7724,2179363617,1252,431275349,1748088268
202605,202605,152,ICN,인천국제공항,10075,9630841322,2900,1915138083,7715703239
202605,202605,153,ICN,인천국제공항,1710,43725942,77,5170441,38555501
202605,202605,154,ICN,인천국제공항,124,1830091,22,739823,1090268
202605,202605,010,KRBNP,부산신항,62,1230640,484,34297047,-33066407
202605,202605,011,KRBNP,부산신항,80,3224461,0,0,3224461
202605,202605,012,KRBNP,부산신항,361,16904488,5288,409696301,-392791813
202605,202605,014,KRBNP,부산신항,521,39866886,219,11907935,27958951
202605,202605,016,KRBNP,부산신항,509,49388794,1824,123741383,-74352589
202605,202605,017,KRBNP,부산신항,520,22397708,23,848153,21549555
202605,202605,020,KRBNP,부산신항,653,42047328,609,26959102,15088226
202605,202605,021,KRBNP,부산신항,968,58529844,3678,325380098,-266850254
202605,202605,023,KRBNP,부산신항,379,21131773,47,4441498,16690275
202605,202605,030,KRBNP,부산신항,18869,1710394705,42206,4853315924,-3142921219
202605,202605,033,KRBNP,부산신항,632,31815063,1581,90005154,-58190091
202605,202605,039,KRBNP,부산신항,256,27074407,254,19997335,7077072
202605,202605,040,KRBNP,부산신항,16,1023777,481,30825697,-29801920
202605,202605,041,KRBNP,부산신항,9,255336,674,34140663,-33885327
202605,202605,050,KRBNP,부산신항,268,22129158,158,2485577,19643581
202605,202605,051,KRBNP,부산신항,0,0,103,35988731,-35988731
202605,202605,052,KRBNP,부산신항,0,0,1,42720,-42720
202605,202605,053,KRBNP,부산신항,9879,307857580,818,70584437,237273143
202605,202605,054,KRBNP,부산신항,13,727102,10,4613217,-3886115
202605,202605,056,KRBNP,부산신항,281,19409803,177,29725860,-10316057
202605,202605,060,KRBNP,부산신항,2448,261328665,7,1034612,260294053
202605,202605,062,KRBNP,부산신항,372,40861265,41,29621334,11239931
202605,202605,070,KRBNP,부산신항,52,2253101,101,17484274,-15231173
202605,202605,071,KRBNP,부산신항,1551,56438328,19,1891904,54546424
202605,202605,080,KRBNP,부산신항,138,9765809,36,2281446,7484363
202605,202605,081,KRBNP,부산신항,86,4341065,38,31979843,-27638778
202605,202605,082,KRBNP,부산신항,120,7841403,55,2847780,4993623
202605,202605,084,KRBNP,부산신항,61,3227635,0,0,3227635
202605,202605,090,KRBNP,부산신항,1,4026,79,1402740,-1398714
202605,202605,100,KRBNP,부산신항,28,5813327,0,0,5813327
202605,202605,101,KRBNP,부산신항,5,550121,0,0,550121
202605,202605,102,KRBNP,부산신항,74,6135413,0,0,6135413
202605,202605,110,KRBNP,부산신항,2750,504063511,773,281878010,222185501
202605,202605,120,KRBNP,부산신항,1257,81630001,85,7531963,74098038
202605,202605,121,KRBNP,부산신항,1035,83408561,173,37085676,46322885
202605,202605,122,KRBNP,부산신항,430,57526452,62,18211951,39314501
202605,202605,130,KRBNP,부산신항,105,3438597,43,3962223,-523626
202605,202605,131,KRBNP,부산신항,384,15234069,997,113594509,-98360440
202605,202605,140,KRBNP,부산신항,186,22344080,25,3243788,19100292
202605,202605,150,KRBNP,부산신항,388,33705303,29,13153002,20552301
202605,202605,151,KRBNP,부산신항,298,32090246,306,52735617,-20645371
202605,202605,152,KRBNP,부산신항,997,64896461,296,17111694,47784767
202605,202605,153,KRBNP,부산신항,404,25949208,48,2529571,23419637
202605,202605,154,KRBNP,부산신항,581,61870629,17,944580,60926049
202605,202605,030,KRBOR,보령항,0,0,1,300,-300
202605,202605,084,KRBOR,보령항,0,0,20,350671654,-350671654
202605,202605,090,KRCHA,제주항,7,369088,44,1366547,-997459
202605,202605,020,KRCHF,진해항,11,238727,0,0,238727
202605,202605,030,KRCHF,진해항,2,115415500,0,0,115415500
202605,202605,050,KRCHF,진해항,1,78455,0,0,78455
202605,202605,053,KRCHF,진해항,6,1222058,17,13503496,-12281438
202605,202605,080,KRCHG,장항항,0,0,14,13541824,-13541824
202605,202605,150,KRCHG,장항항,1,119310,0,0,119310
202605,202605,070,KRDBL,대불항,21,9495610,0,0,9495610
202605,202605,080,KRDBL,대불항,1,313509,0,0,313509
202605,202605,012,KRGIN,경인항,1,36814,8,84298,-47484
202605,202605,014,KRGIN,경인항,1,16800,0,0,16800
202605,202605,016,KRGIN,경인항,0,0,6,186920,-186920
202605,202605,020,KRGIN,경인항,1131,9347422,1010,39128439,-29781017
202605,202605,021,KRGIN,경인항,0,0,4,258994,-258994
202605,202605,030,KRGIN,경인항,1,8130,0,0,8130
202605,202605,033,KRGIN,경인항,1,59949,0,0,59949
202605,202605,040,KRGIN,경인항,0,0,3,153790,-153790
202605,202605,041,KRGIN,경인항,0,0,8,381640,-381640
202605,202605,053,KRGIN,경인항,0,0,5,69362,-69362
202605,202605,131,KRGIN,경인항,0,0,2,158255,-158255
202605,202605,152,KRGIN,경인항,2,596457,0,0,596457
202605,202605,100,KRHSA,호산항,0,0,3,29767885,-29767885
202605,202605,010,KRINC,인천항,1595,20151171,399,8082135,12069036
202605,202605,011,KRINC,인천항,170,6500309,0,0,6500309
202605,202605,012,KRINC,인천항,832,45084178,823,48810623,-3726445
202605,202605,014,KRINC,인천항,1602,113381387,132,16620801,96760586
202605,202605,016,KRINC,인천항,1058,141768110,487,26690357,115077753
202605,202605,017,KRINC,인천항,1554,173896302,165,7044500,166851802
202605,202605,020,KRINC,인천항,63740,2052445430,497788,6342123261,-4289677831
202605,202605,021,KRINC,인천항,1972,116875619,404,17475779,99399840
202605,202605,023,KRINC,인천항,1929,100425706,52,3261837,97163869
202605,202605,030,KRINC,인천항,214,20820366,16,2346816,18473550
202605,202605,033,KRINC,인천항,50,1313967,14,282331,1031636
202605,202605,039,KRINC,인천항,196,1518727,5,470282,1048445
202605,202605,040,KRINC,인천항,296,39395030,407,34667252,4727778
202605,202605,041,KRINC,인천항,34,1209534,286,33956975,-32747441
202605,202605,050,KRINC,인천항,24,1144830,4,97582,1047248
202605,202605,051,KRINC,인천항,0,0,4,142255,-142255
202605,202605,053,KRINC,인천항,258,7558316,26,263232,7295084
202605,202605,054,KRINC,인천항,1,91468,15,379802,-288334
202605,202605,056,KRINC,인천항,11,248991,0,0,248991
202605,202605,060,KRINC,인천항,34,1025084,0,0,1025084
202605,202605,062,KRINC,인천항,14,488159,0,0,488159
202605,202605,070,KRINC,인천항,11,408807,0,0,408807
202605,202605,071,KRINC,인천항,93,6859437,32,2702954,4156483
202605,202605,080,KRINC,인천항,39,6011030,11,1865566,4145464
202605,202605,081,KRINC,인천항,71,3467409,54,1620404,1847005
202605,202605,082,KRINC,인천항,101,2913995,17,251384,2662611
202605,202605,084,KRINC,인천항,19,494550,0,0,494550
202605,202605,090,KRINC,인천항,2,25442,7,205617,-180175
202605,202605,100,KRINC,인천항,12,2004194,0,0,2004194
202605,202605,102,KRINC,인천항,136,7817623,0,0,7817623
202605,202605,110,KRINC,인천항,84,7824326,35,3625728,4198598
202605,202605,120,KRINC,인천항,384,50337870,29,1133979,49203891
202605,202605,121,KRINC,인천항,323,60571089,90,6353171,54217918
202605,202605,122,KRINC,인천항,81,14569564,0,0,14569564
202605,202605,130,KRINC,인천항,505,19836678,72,1002620,18834058
202605,202605,131,KRINC,인천항,462,21846479,113,9140080,12706399
202605,202605,140,KRINC,인천항,2,6019,0,0,6019
202605,202605,150,KRINC,인천항,294,31796765,9,371063,31425702
202605,202605,151,KRINC,인천항,403,36116751,100,15351535,20765216
202605,202605,152,KRINC,인천항,1172,296250222,365,16296376,279953846
202605,202605,153,KRINC,인천항,229,19779484,15,319999,19459485
202605,202605,154,KRINC,인천항,816,107696339,0,0,107696339
202605,202605,010,KRKAN,광양항,2,31218,6,3800,27418
202605,202605,011,KRKAN,광양항,3,46457,0,0,46457
202605,202605,012,KRKAN,광양항,9,187982,0,0,187982
202605,202605,014,KRKAN,광양항,27,2569220,13,733422,1835798
202605,202605,016,KRKAN,광양항,39,17808846,17,741777,17067069
202605,202605,017,KRKAN,광양항,2,7000,0,0,7000
202605,202605,020,KRKAN,광양항,137,5180327,0,0,5180327
202605,202605,021,KRKAN,광양항,18,1025703,0,0,1025703
202605,202605,023,KRKAN,광양항,21,1475717,0,0,1475717
202605,202605,030,KRKAN,광양항,22,1670585,12,8103,1662482
202605,202605,033,KRKAN,광양항,2,73437,0,0,73437
202605,202605,039,KRKAN,광양항,1,11417,0,0,11417
202605,202605,050,KRKAN,광양항,2,5531815,0,0,5531815
202605,202605,051,KRKAN,광양항,0,0,2,1930522,-1930522
202605,202605,052,KRKAN,광양항,0,0,3,197668,-197668
202605,202605,053,KRKAN,광양항,13,2508320,0,0,2508320
202605,202605,056,KRKAN,광양항,17,1159355,0,0,1159355
202605,202605,060,KRKAN,광양항,3879,489524729,9,586176,488938553
202605,202605,062,KRKAN,광양항,6078,1088293190,6518,1241745683,-153452493
202605,202605,070,KRKAN,광양항,164,12908972,7,675527,12233445
202605,202605,071,KRKAN,광양항,1426,67127408,17,778711,66348697
202605,202605,080,KRKAN,광양항,398,37795115,18,1969416,35825699
202605,202605,081,KRKAN,광양항,274,17751917,12,24545502,-6793585
202605,202605,082,KRKAN,광양항,449,45259605,38,2329968,42929637
202605,202605,084,KRKAN,광양항,24,1800892,0,0,1800892
202605,202605,100,KRKAN,광양항,0,0,4,290035,-290035
202605,202605,102,KRKAN,광양항,5,287502,0,0,287502
202605,202605,110,KRKAN,광양항,24,83083243,0,0,83083243
202605,202605,120,KRKAN,광양항,57,4059207,0,0,4059207
202605,202605,121,KRKAN,광양항,148,6461336,1,28487,6432849
202605,202605,122,KRKAN,광양항,44,3387212,0,0,3387212
202605,202605,130,KRKAN,광양항,1,57615,0,0,57615
202605,202605,150,KRKAN,광양항,130,7111217,0,0,7111217
202605,202605,151,KRKAN,광양항,20,1542797,0,0,1542797
202605,202605,152,KRKAN,광양항,60,12475103,0,0,12475103
202605,202605,153,KRKAN,광양항,3,436338,1,78315,358023
202605,202605,154,KRKAN,광양항,272,34870619,0,0,34870619
202605,202605,016,KRKCN,감천항,0,0,1,55495,-55495
202605,202605,020,KRKCN,감천항,558,13885732,0,0,13885732
202605,202605,021,KRKCN,감천항,0,0,1,12259,-12259
202605,202605,030,KRKCN,감천항,231,5287784,854,172557442,-167269658
202605,202605,050,KRKCN,감천항,1,7979,0,0,7979
202605,202605,052,KRKCN,감천항,12,141385,0,0,141385
202605,202605,053,KRKCN,감천항,11,198976,0,0,198976
202605,202605,056,KRKCN,감천항,0,0,6,3224869,-3224869
202605,202605,080,KRKCN,감천항,0,0,2,248035,-248035
202605,202605,110,KRKCN,감천항,4,118047,2,38953,79094
202605,202605,120,KRKCN,감천항,0,0,3,573107,-573107
202605,202605,152,KRKCN,감천항,7,243526,0,0,243526
202605,202605,154,KRKCN,감천항,3,260580,0,0,260580
202605,202605,051,KRKHN,고현항,50,217684263,31,34160255,183524008
202605,202605,020,KRKPO,포항항,4,1449164,0,0,1449164
202605,202605,030,KRKPO,포항항,2,1817670,6,366,1817304
202605,202605,039,KRKPO,포항항,3,3919200,0,0,3919200
202605,202605,053,KRKPO,포항항,20,4595735,0,0,4595735
202605,202605,060,KRKPO,포항항,1,1801020,0,0,1801020
202605,202605,062,KRKPO,포항항,13,1051602,0,0,1051602
202605,202605,070,KRKPO,포항항,2,81272,0,0,81272
202605,202605,080,KRKPO,포항항,11,1827019,1,101611,1725408
202605,202605,110,KRKPO,포항항,2,5179961,0,0,5179961
202605,202605,120,KRKPO,포항항,1,32082,0,0,32082
202605,202605,122,KRKPO,포항항,1255,421571561,122,76504382,345067179
202605,202605,152,KRKPO,포항항,15,5013527,0,0,5013527
202605,202605,153,KRKPO,포항항,1,759118,0,0,759118
202605,202605,010,KRKUV,군산항,0,0,1,405,-405
202605,202605,016,KRKUV,군산항,3,32496,0,0,32496
202605,202605,020,KRKUV,군산항,15,15769189,7351,44901210,-29132021
202605,202605,023,KRKUV,군산항,2,1615105,0,0,1615105
202605,202605,030,KRKUV,군산항,13,1157020,2,142,1156878
202605,202605,041,KRKUV,군산항,0,0,3,21420,-21420
202605,202605,053,KRKUV,군산항,65,2016438,0,0,2016438
202605,202605,054,KRKUV,군산항,10,192147,1,47605,144542
202605,202605,060,KRKUV,군산항,4,164275,0,0,164275
202605,202605,070,KRKUV,군산항,1,566720,1,341,566379
202605,202605,071,KRKUV,군산항,14,1031582,1,13397,1018185
202605,202605,080,KRKUV,군산항,436,75983778,152336,312096470,-236112692
202605,202605,081,KRKUV,군산항,2,137474,3,114674,22800
202605,202605,082,KRKUV,군산항,44,10894555,28,1233642,9660913
202605,202605,110,KRKUV,군산항,10,3893819,0,0,3893819
202605,202605,120,KRKUV,군산항,1,778247,0,0,778247
202605,202605,121,KRKUV,군산항,24,624582,3,150336,474246
202605,202605,150,KRKUV,군산항,6,276605,0,0,276605
202605,202605,151,KRKUV,군산항,1,3155,0,0,3155
202605,202605,152,KRKUV,군산항,4,5692507,0,0,5692507
202605,202605,154,KRKUV,군산항,3,28614,0,0,28614
202605,202605,014,KRMAS,마산항,4,278899,0,0,278899
202605,202605,016,KRMAS,마산항,8,5487200,9,321531,5165669
202605,202605,017,KRMAS,마산항,15,332505,88,4023010,-3690505
202605,202605,020,KRMAS,마산항,195,6002777,0,0,6002777
202605,202605,021,KRMAS,마산항,2,4519914,0,0,4519914
202605,202605,023,KRMAS,마산항,9,551046,0,0,551046
202605,202605,030,KRMAS,마산항,37,39375894,4,15274,39360620
202605,202605,033,KRMAS,마산항,2,72841,0,0,72841
202605,202605,039,KRMAS,마산항,2,28168015,0,0,28168015
202605,202605,050,KRMAS,마산항,333,614532690,80,50144985,564387705
202605,202605,051,KRMAS,마산항,0,0,17,19386987,-19386987
202605,202605,053,KRMAS,마산항,225,225180364,2,1142333,224038031
202605,202605,054,KRMAS,마산항,2,2567945,0,0,2567945
202605,202605,056,KRMAS,마산항,8,2401839,2,893931,1507908
202605,202605,080,KRMAS,마산항,13,10054659,0,0,10054659
202605,202605,082,KRMAS,마산항,2,322000,0,0,322000
202605,202605,110,KRMAS,마산항,44,54308856,0,0,54308856
202605,202605,120,KRMAS,마산항,19,9150813,0,0,9150813
202605,202605,121,KRMAS,마산항,1,6365697,0,0,6365697
202605,202605,122,KRMAS,마산항,10,3251538,1,4678574,-1427036
202605,202605,150,KRMAS,마산항,2,52500,0,0,52500
202605,202605,151,KRMAS,마산항,4,1963043,0,0,1963043
202605,202605,152,KRMAS,마산항,16,5110627,0,0,5110627
202605,202605,153,KRMAS,마산항,5,1873944,0,0,1873944
202605,202605,154,KRMAS,마산항,3,3119547,0,0,3119547
202605,202605,110,KRMIP,미포항,29,629341990,0,0,629341990
202605,202605,016,KRMOK,목포항,0,0,1,39871,-39871
202605,202605,030,KRMOK,목포항,0,0,1,150,-150
202605,202605,070,KRMOK,목포항,169,1447800151,44,81586440,1366213711
202605,202605,070,KRMUK,묵호항,2,174360,0,0,174360
202605,202605,100,KRMUK,묵호항,3,169627,0,0,169627
202605,202605,100,KROKK,옥계항,2,2397975,34,2348895,49080
202605,202605,051,KROKP,옥포항,19,802622813,25,37036609,765586204
202605,202605,110,KRONS,온산항,251,1536578258,8,980268336,556309922
202605,202605,010,KRPTK,평택항,12,54244,5,112894,-58650
202605,202605,012,KRPTK,평택항,32,1867991,91,3340603,-1472612
202605,202605,014,KRPTK,평택항,79,3462483,1,7110,3455373
202605,202605,016,KRPTK,평택항,5158,1952357747,154704,3571164115,-1618806368
202605,202605,017,KRPTK,평택항,25,7643456,4,98189,7545267
202605,202605,020,KRPTK,평택항,432,11248869,6628,48240534,-36991665
202605,202605,021,KRPTK,평택항,156,26211367,1537,71821891,-45610524
202605,202605,023,KRPTK,평택항,28,3286099,0,0,3286099
202605,202605,030,KRPTK,평택항,131,26334008,62,16757441,9576567
202605,202605,033,KRPTK,평택항,11,879605,0,0,879605
202605,202605,039,KRPTK,평택항,6,1130626,12377,356649,773977
202605,202605,040,KRPTK,평택항,1,4829,12,402003,-397174
202605,202605,041,KRPTK,평택항,0,0,1,8045,-8045
202605,202605,050,KRPTK,평택항,24,988984,0,0,988984
202605,202605,053,KRPTK,평택항,63,3678829,2,1508819,2170010
202605,202605,056,KRPTK,평택항,13,4414379,5,780025,3634354
202605,202605,062,KRPTK,평택항,4,65794,0,0,65794
202605,202605,070,KRPTK,평택항,2,217817,0,0,217817
202605,202605,071,KRPTK,평택항,12,321995,0,0,321995
202605,202605,080,KRPTK,평택항,9,4178994,0,0,4178994
202605,202605,081,KRPTK,평택항,31,1806737,7,268186,1538551
202605,202605,082,KRPTK,평택항,29,3930312,1,12547,3917765
202605,202605,102,KRPTK,평택항,10,2819699,0,0,2819699
202605,202605,110,KRPTK,평택항,11,884852,0,0,884852
202605,202605,120,KRPTK,평택항,175,115496506,0,0,115496506
202605,202605,121,KRPTK,평택항,167,46370106,14,7541613,38828493
202605,202605,122,KRPTK,평택항,6,767432,0,0,767432
202605,202605,130,KRPTK,평택항,9,188362,0,0,188362
202605,202605,131,KRPTK,평택항,16,1618746,11,466148,1152598
202605,202605,150,KRPTK,평택항,42,2599381,1,25861,2573520
202605,202605,151,KRPTK,평택항,222,43153602,10,242705,42910897
202605,202605,152,KRPTK,평택항,1050,236456645,208,35361307,201095338
202605,202605,153,KRPTK,평택항,16,2054688,5,168022,1886666
202605,202605,154,KRPTK,평택항,337,63089377,0,0,63089377
202605,202605,010,KRPUS,부산항,4056,36366962,101,3032757,33334205
202605,202605,011,KRPUS,부산항,398,10207898,0,0,10207898
202605,202605,012,KRPUS,부산항,2607,175519164,559,77093005,98426159
202605,202605,014,KRPUS,부산항,4026,288551908,63,4396527,284155381
202605,202605,016,KRPUS,부산항,4289,382588175,710,257144059,125444116
202605,202605,017,KRPUS,부산항,2607,128147557,184,27552368,100595189
202605,202605,020,KRPUS,부산항,5509,306614910,331,22795141,283819769
202605,202605,021,KRPUS,부산항,4698,431941942,452,76576980,355364962
202605,202605,023,KRPUS,부산항,2898,193260792,11,1227502,192033290
202605,202605,030,KRPUS,부산항,47653,3821125149,55354,4386184072,-565058923
202605,202605,033,KRPUS,부산항,3924,260319079,3103,98206577,162112502
202605,202605,037,KRPUS,부산항,0,0,5,1457,-1457
202605,202605,039,KRPUS,부산항,2172,133773916,136426,74437764,59336152
202605,202605,040,KRPUS,부산항,384,32576821,80,11871329,20705492
202605,202605,041,KRPUS,부산항,60,4411234,85,5795908,-1384674
202605,202605,050,KRPUS,부산항,1229,115507545,151,2342538,113165007
202605,202605,051,KRPUS,부산항,10,671643,105,18387626,-17715983
202605,202605,052,KRPUS,부산항,8,463812,1,31195,432617
202605,202605,053,KRPUS,부산항,9620,478740041,699,29456968,449283073
202605,202605,054,KRPUS,부산항,37,4420787,7,1521751,2899036
202605,202605,056,KRPUS,부산항,1333,105467360,93,10640228,94827132
202605,202605,060,KRPUS,부산항,1691,157070466,10,1278125,155792341
202605,202605,062,KRPUS,부산항,709,72531781,26,4807207,67724574
202605,202605,070,KRPUS,부산항,423,22250228,69,5882313,16367915
202605,202605,071,KRPUS,부산항,1085,83752421,90,4394585,79357836
202605,202605,080,KRPUS,부산항,996,119833625,80,10828679,109004946
202605,202605,081,KRPUS,부산항,1045,117384150,56,21392481,95991669
202605,202605,082,KRPUS,부산항,1356,124117827,79,2746120,121371707
202605,202605,084,KRPUS,부산항,145,7740058,0,0,7740058
202605,202605,090,KRPUS,부산항,31,971173,42,1641882,-670709
202605,202605,100,KRPUS,부산항,65,2958877,5,550635,2408242
202605,202605,101,KRPUS,부산항,15,293833,24,599513,-305680
202605,202605,102,KRPUS,부산항,647,38569777,0,0,38569777
202605,202605,110,KRPUS,부산항,8800,1345897453,489,127847019,1218050434
202605,202605,120,KRPUS,부산항,8211,542693950,203,9582464,533111486
202605,202605,121,KRPUS,부산항,6512,646995134,640,43426850,603568284
202605,202605,122,KRPUS,부산항,2040,219157677,86,15405601,203752076
202605,202605,130,KRPUS,부산항,737,28285910,4,516533,27769377
202605,202605,131,KRPUS,부산항,1650,79901435,145,11448036,68453399
202605,202605,140,KRPUS,부산항,28,5685840,26,3592093,2093747
202605,202605,150,KRPUS,부산항,3335,268300979,54,2575623,265725356
202605,202605,151,KRPUS,부산항,3829,560226358,415,180752292,379474066
202605,202605,152,KRPUS,부산항,4608,410194521,394,65248164,344946357
202605,202605,153,KRPUS,부산항,2275,182198742,72,7712676,174486066
202605,202605,154,KRPUS,부산항,1390,146815499,14,1379587,145435912
202605,202605,030,KRSCP,삼천포항,0,0,2,117,-117
202605,202605,052,KRSCP,삼천포항,0,0,11,64322581,-64322581
202605,202605,030,KRSHG,포항신항,1,240668,0,0,240668
202605,202605,110,KRSHG,포항신항,0,0,13,10968106,-10968106
202605,202605,122,KRSHG,포항신항,42,14095719,90,399525627,-385429908
202605,202605,020,KRSHO,속초항,7,316481,0,0,316481
202605,202605,101,KRSHO,속초항,1,835000,17,822033,12967
202605,202605,030,KRTAN,태안항,0,0,1,7,-7
202605,202605,152,KRTAN,태안항,0,0,1,70,-70
202605,202605,154,KRTAN,태안항,0,0,11,121660844,-121660844
202605,202605,010,KRTGH,동해항,14,119440,0,0,119440
202605,202605,012,KRTGH,동해항,7,126763,0,0,126763
202605,202605,014,KRTGH,동해항,11,320467,0,0,320467
202605,202605,017,KRTGH,동해항,9,164184,0,0,164184
202605,202605,020,KRTGH,동해항,646,16280723,2,50322,16230401
202605,202605,021,KRTGH,동해항,12,267229,0,0,267229
202605,202605,023,KRTGH,동해항,38,1051829,0,0,1051829
202605,202605,030,KRTGH,동해항,1,400,0,0,400
202605,202605,041,KRTGH,동해항,1,37764,1,804,36960
202605,202605,100,KRTGH,동해항,142,13557800,122,95650222,-82092422
202605,202605,101,KRTGH,동해항,1,18710,3,147676,-128966
202605,202605,130,KRTGH,동해항,1,2571,0,0,2571
202605,202605,131,KRTGH,동해항,7,684578,0,0,684578
202605,202605,140,KRTGH,동해항,0,0,2,240,-240
202605,202605,151,KRTGH,동해항,50,888274,0,0,888274
202605,202605,154,KRTGH,동해항,9,200135,0,0,200135
202605,202605,016,KRTJI,당진항,2,5555455,44,161705940,-156150485
202605,202605,020,KRTJI,당진항,53,4827328,0,0,4827328
202605,202605,023,KRTJI,당진항,1,101128,0,0,101128
202605,202605,060,KRTJI,당진항,29,3305788,0,0,3305788
202605,202605,080,KRTJI,당진항,69,6708425,0,0,6708425
202605,202605,110,KRTJI,당진항,27,4646227,0,0,4646227
202605,202605,122,KRTJI,당진항,1,189977,0,0,189977
202605,202605,152,KRTJI,당진항,599,191315292,7,9818951,181496341
202605,202605,154,KRTJI,당진항,0,0,6,77736339,-77736339
202605,202605,016,KRTSN,대산항,0,0,2,35065,-35065
202605,202605,060,KRTSN,대산항,1,4550022,0,0,4550022
202605,202605,084,KRTSN,대산항,0,0,3,1210,-1210
202605,202605,152,KRTSN,대산항,0,0,1,10,-10
202605,202605,154,KRTSN,대산항,379,1291346734,171,3414818137,-2123471403
202605,202605,030,KRTYG,통영항,0,0,2,105,-105
202605,202605,054,KRTYG,통영항,9,17584100,287,70537717,-52953617
202605,202605,010,KRUSN,울산항,1,92480,0,0,92480
202605,202605,014,KRUSN,울산항,1,33343,0,0,33343
202605,202605,020,KRUSN,울산항,11,3948014,0,0,3948014
202605,202605,021,KRUSN,울산항,2,219598,0,0,219598
202605,202605,023,KRUSN,울산항,2,406905,0,0,406905
202605,202605,030,KRUSN,울산항,5,5768629,4,130975,5637654
202605,202605,039,KRUSN,울산항,34,3969267,0,0,3969267
202605,202605,053,KRUSN,울산항,3,260259,10,377306,-117047
202605,202605,060,KRUSN,울산항,6,13870162,0,0,13870162
202605,202605,070,KRUSN,울산항,4,110713,0,0,110713
202605,202605,080,KRUSN,울산항,12,8267342,0,0,8267342
202605,202605,100,KRUSN,울산항,0,0,7,349250,-349250
202605,202605,102,KRUSN,울산항,2,174493,0,0,174493
202605,202605,110,KRUSN,울산항,5666,3908697924,2316,4745774199,-837076275
202605,202605,120,KRUSN,울산항,17,3766861,0,0,3766861
202605,202605,122,KRUSN,울산항,9,1020855,0,0,1020855
202605,202605,140,KRUSN,울산항,0,0,1,180,-180
202605,202605,152,KRUSN,울산항,15,1939530,0,0,1939530
202605,202605,153,KRUSN,울산항,1,164311,0,0,164311
202605,202605,154,KRUSN,울산항,2,1985951,0,0,1985951
202605,202605,122,KRYMH,영일만항,0,0,73,7601592,-7601592
202605,202605,060,KRYOC,여천항,0,0,88,757299789,-757299789
202605,202605,030,KRYOS,여수항,0,0,6,446,-446
202605,202605,040,KRYOS,여수항,1,139,0,0,139
202605,202605,060,KRYOS,여수항,226,1765071609,227,3051700461,-1286628852
202605,202605,152,KRYOS,여수항,4,799022,0,0,799022
202605,202605,010,KRZZZ,기타불개항,35,25319812,0,0,25319812
202605,202605,016,KRZZZ,기타불개항,0,0,5,501,-501
202605,202605,017,KRZZZ,기타불개항,0,0,3,10195,-10195
202605,202605,020,KRZZZ,기타불개항,0,0,30,1694089,-1694089
202605,202605,030,KRZZZ,기타불개항,0,0,1,2111,-2111
202605,202605,051,KRZZZ,기타불개항,0,0,1,517174,-517174
202605,202605,054,KRZZZ,기타불개항,2,1731,6,219210829,-219209098
202605,202605,062,KRZZZ,기타불개항,0,0,6,49249973,-49249973
202605,202605,070,KRZZZ,기타불개항,2,257885,2,331200,-73315
202605,202605,080,KRZZZ,기타불개항,2,13246,0,0,13246
202605,202605,081,KRZZZ,기타불개항,1,5844,0,0,5844
202605,202605,090,KRZZZ,기타불개항,2,139242,0,0,139242
202605,202605,100,KRZZZ,기타불개항,1,1450,5,223137023,-223135573
202605,202605,121,KRZZZ,기타불개항,0,0,1,126247,-126247
202605,202605,080,KUV,군산공항,1,87247,0,0,87247
202605,202605,010,PUS,김해국제공항,1,877,0,0,877
202605,202605,017,PUS,김해국제공항,0,0,9,456554,-456554
202605,202605,021,PUS,김해국제공항,4,38502,0,0,38502
202605,202605,030,PUS,김해국제공항,333,7807811,65,193144,7614667
202605,202605,033,PUS,김해국제공항,47,694919,0,0,694919
202605,202605,039,PUS,김해국제공항,72,336279,1,400,335879
202605,202605,040,PUS,김해국제공항,36,314610,2,136121,178489
202605,202605,050,PUS,김해국제공항,47,5918788,2,1217,5917571
202605,202605,053,PUS,김해국제공항,61,1129282,0,0,1129282
202605,202605,056,PUS,김해국제공항,25,3031564,13,346652,2684912
202605,202605,060,PUS,김해국제공항,5,348832,0,0,348832
202605,202605,070,PUS,김해국제공항,0,0,1,300,-300
202605,202605,081,PUS,김해국제공항,1,262531,1,13668,248863
202605,202605,110,PUS,김해국제공항,11,14868,5,326139,-311271
202605,202605,120,PUS,김해국제공항,12,334060,0,0,334060
202605,202605,121,PUS,김해국제공항,4,544072,27,20102483,-19558411
202605,202605,130,PUS,김해국제공항,21,406,0,0,406
202605,202605,140,PUS,김해국제공항,175,908910,1009,12532440,-11623530
202605,202605,151,PUS,김해국제공항,1,3715,0,0,3715
202605,202605,021,TAE,대구국제공항,1,49771570,0,0,49771570
202605,202605,053,TAE,대구국제공항,2,19327530,0,0,19327530
202605,202605,056,TAE,대구국제공항,1,502,0,0,502
202605,202605,120,TAE,대구국제공항,8,11425,52,349865,-338440
202605,202605,121,TAE,대구국제공항,4,52902496,0,0,52902496
202605,202605,110,USN,울산공항,1,64,0,0,64
202605,202605,010,ZZZZZ,기타항,2,350,0,0,350
202605,202605,012,ZZZZZ,기타항,2,8990,0,0,8990
202605,202605,120,ZZZZZ,기타항,2,5186,0,0,5186
202605,202605,130,ZZZZZ,기타항,1,15116,0,0,15116
202605,202605,150,ZZZZZ,기타항,1,1401,0,0,1401
202605,총계,,-,-,993932,87576015928,4874305,60748338775,26827677153
202606,202606,010,010,서울세관,53,1161,0,0,1161
202606,202606,017,010,서울세관,91,2154,0,0,2154
202606,202606,040,010,서울세관,1,1080,0,0,1080
202606,202606,053,010,서울세관,1,43787,0,0,43787
202606,202606,130,010,서울세관,32,2596,0,0,2596
202606,202606,010,037,부산국제우편세관,5,123458,0,0,123458
202606,202606,014,037,부산국제우편세관,1,13965,0,0,13965
202606,202606,021,037,부산국제우편세관,12,1533,0,0,1533
202606,202606,023,037,부산국제우편세관,1,1145,0,0,1145
202606,202606,030,037,부산국제우편세관,23,76126,0,0,76126
202606,202606,033,037,부산국제우편세관,6,8692,0,0,8692
202606,202606,037,037,부산국제우편세관,1,589,22,44078,-43489
202606,202606,039,037,부산국제우편세관,2,3049,0,0,3049
202606,202606,040,037,부산국제우편세관,0,0,1,594,-594
202606,202606,050,037,부산국제우편세관,3,5183,0,0,5183
202606,202606,082,037,부산국제우편세관,67,7990,0,0,7990
202606,202606,016,040,인천공항세관,1,6000,0,0,6000
202606,202606,040,040,인천공항세관,0,0,10,53106,-53106
202606,202606,120,040,인천공항세관,1,1943,0,0,1943
202606,202606,071,CJJ,청주국제공항,1,74402,0,0,74402
202606,202606,150,CJJ,청주국제공항,1,6641,0,0,6641
202606,202606,151,CJJ,청주국제공항,2,3259,136,686303,-683044
202606,202606,090,CJU,제주국제공항,21,77645,342,2893319,-2815674
202606,202606,010,GMP,김포국제공항,77,1798308,0,0,1798308
202606,202606,012,GMP,김포국제공항,2,146680,0,0,146680
202606,202606,014,GMP,김포국제공항,2,5995,0,0,5995
202606,202606,016,GMP,김포국제공항,7,68973,0,0,68973
202606,202606,017,GMP,김포국제공항,1,2627,0,0,2627
202606,202606,020,GMP,김포국제공항,4780,412155,0,0,412155
202606,202606,021,GMP,김포국제공항,2,15877,0,0,15877
202606,202606,023,GMP,김포국제공항,326,723265,0,0,723265
202606,202606,039,GMP,김포국제공항,2,2334,0,0,2334
202606,202606,040,GMP,김포국제공항,146,380631,4,595844,-215213
202606,202606,041,GMP,김포국제공항,137,756669,2323,2392127,-1635458
202606,202606,071,GMP,김포국제공항,5,2805,0,0,2805
202606,202606,120,GMP,김포국제공항,26,538848,0,0,538848
202606,202606,130,GMP,김포국제공항,1818,211497,0,0,211497
202606,202606,131,GMP,김포국제공항,2,5564,0,0,5564
202606,202606,140,GMP,김포국제공항,1,3352,0,0,3352
202606,202606,151,GMP,김포국제공항,3,38576,0,0,38576
202606,202606,010,ICN,인천국제공항,54111,346259235,2143,142739739,203519496
202606,202606,011,ICN,인천국제공항,2399,9726258,0,0,9726258
202606,202606,012,ICN,인천국제공항,16091,8037698749,1846,1168695531,6869003218
202606,202606,014,ICN,인천국제공항,10766,199575754,245,26013024,173562730
202606,202606,016,ICN,인천국제공항,7445,6243131743,5606,734274244,5508857499
202606,202606,017,ICN,인천국제공항,33757,305029440,3660,178821620,126207820
202606,202606,020,ICN,인천국제공항,126371,1442202075,4198,1845979266,-403777191
202606,202606,021,ICN,인천국제공항,21922,4362742527,9830,750034440,3612708087
202606,202606,023,ICN,인천국제공항,54734,376198618,1341,202397544,173801074
202606,202606,030,ICN,인천국제공항,9621,181370752,1009,69782312,111588440
202606,202606,033,ICN,인천국제공항,538,6637809,20,449349,6188460
202606,202606,037,ICN,인천국제공항,0,0,4,9785,-9785
202606,202606,039,ICN,인천국제공항,3892,18592921,244,19499912,-906991
202606,202606,040,ICN,인천국제공항,423081,19986254626,3666036,12648133789,7338120837
202606,202606,041,ICN,인천국제공항,15810,23768746,2406,216179538,-192410792
202606,202606,050,ICN,인천국제공항,649,11623943,108,2452222,9171721
202606,202606,051,ICN,인천국제공항,21,97598,215,13225389,-13127791
202606,202606,052,ICN,인천국제공항,0,0,2,7058,-7058
202606,202606,053,ICN,인천국제공항,4299,103700263,2389,211472670,-107772407
202606,202606,054,ICN,인천국제공항,8,23537,16,471088,-447551
202606,202606,056,ICN,인천국제공항,1449,182130494,1401,89634811,92495683
202606,202606,060,ICN,인천국제공항,174,3105932,19,723943,2381989
202606,202606,062,ICN,인천국제공항,19,68570,13,105008,-36438
202606,202606,070,ICN,인천국제공항,83,1199614,64,681110,518504
202606,202606,071,ICN,인천국제공항,3509,347914567,2237,567736131,-219821564
202606,202606,080,ICN,인천국제공항,153,28701056,23,374780,28326276
202606,202606,081,ICN,인천국제공항,721,28270922,139,3187545,25083377
202606,202606,082,ICN,인천국제공항,716,11936014,61,8890548,3045466
202606,202606,084,ICN,인천국제공항,20,135611,0,0,135611
202606,202606,090,ICN,인천국제공항,221,90538,134,4474759,-4384221
202606,202606,100,ICN,인천국제공항,148,3181473,2,27854,3153619
202606,202606,101,ICN,인천국제공항,1,111,0,0,111
202606,202606,102,ICN,인천국제공항,1003,66850412,0,0,66850412
202606,202606,110,ICN,인천국제공항,1140,83421863,978,70537944,12883919
202606,202606,120,ICN,인천국제공항,5664,145453033,280,32697839,112755194
202606,202606,121,ICN,인천국제공항,15112,3465523812,6880,2001948087,1463575725
202606,202606,122,ICN,인천국제공항,226,4182644,25,591291,3591353
202606,202606,130,ICN,인천국제공항,20133,133361700,393,13084487,120277213
202606,202606,131,ICN,인천국제공항,6698,101823286,130,1691296,100131990
202606,202606,140,ICN,인천국제공항,237,1886261,1232,30101887,-28215626
202606,202606,150,ICN,인천국제공항,3529,100910478,256,7295754,93614724
202606,202606,151,ICN,인천국제공항,8664,3229190663,1399,554910911,2674279752
202606,202606,152,ICN,인천국제공항,12080,10236351646,3403,1695380744,8540970902
202606,202606,153,ICN,인천국제공항,1811,46355336,91,4016809,42338527
202606,202606,154,ICN,인천국제공항,132,1457214,12,826062,631152
202606,202606,010,KRBNP,부산신항,118,2526113,512,30421501,-27895388
202606,202606,011,KRBNP,부산신항,81,4007399,0,0,4007399
202606,202606,012,KRBNP,부산신항,411,11077265,6088,437847758,-426770493
202606,202606,014,KRBNP,부산신항,573,41231666,216,10117768,31113898
202606,202606,016,KRBNP,부산신항,588,62107486,2022,127512220,-65404734
202606,202606,017,KRBNP,부산신항,611,24702260,25,749291,23952969
202606,202606,020,KRBNP,부산신항,706,44804208,827,31050747,13753461
202606,202606,021,KRBNP,부산신항,1011,60729203,4228,359018818,-298289615
202606,202606,023,KRBNP,부산신항,466,23613056,76,6678337,16934719
202606,202606,030,KRBNP,부산신항,20796,2065380557,46150,5429889469,-3364508912
202606,202606,033,KRBNP,부산신항,718,38364935,1681,93811555,-55446620
202606,202606,039,KRBNP,부산신항,271,33014241,258,17543654,15470587
202606,202606,040,KRBNP,부산신항,17,2321972,454,20873596,-18551624
202606,202606,041,KRBNP,부산신항,16,1163826,766,34068902,-32905076
202606,202606,050,KRBNP,부산신항,247,21581397,157,2377117,19204280
202606,202606,051,KRBNP,부산신항,5,823635,135,34337675,-33514040
202606,202606,053,KRBNP,부산신항,10774,330391317,816,66685323,263705994
202606,202606,054,KRBNP,부산신항,24,1912775,10,3262714,-1349939
202606,202606,056,KRBNP,부산신항,327,26570787,230,30595570,-4024783
202606,202606,060,KRBNP,부산신항,2989,314492935,18,2864688,311628247
202606,202606,062,KRBNP,부산신항,376,37699058,26,15397044,22302014
202606,202606,070,KRBNP,부산신항,33,3043844,102,23035260,-19991416
202606,202606,071,KRBNP,부산신항,1449,51296130,37,2931610,48364520
202606,202606,080,KRBNP,부산신항,149,11964324,79,9548858,2415466
202606,202606,081,KRBNP,부산신항,100,4545082,37,27352661,-22807579
202606,202606,082,KRBNP,부산신항,136,7304153,56,2137858,5166295
202606,202606,084,KRBNP,부산신항,53,3251321,0,0,3251321
202606,202606,090,KRBNP,부산신항,0,0,71,925503,-925503
202606,202606,100,KRBNP,부산신항,24,4610882,1,47015,4563867
202606,202606,101,KRBNP,부산신항,6,683420,0,0,683420
202606,202606,102,KRBNP,부산신항,111,8293886,0,0,8293886
202606,202606,110,KRBNP,부산신항,2886,384102240,1049,247362079,136740161
202606,202606,120,KRBNP,부산신항,1390,84292016,105,10072288,74219728
202606,202606,121,KRBNP,부산신항,1364,123683304,196,23474086,100209218
202606,202606,122,KRBNP,부산신항,473,35666231,101,25901700,9764531
202606,202606,130,KRBNP,부산신항,112,2927849,37,1862494,1065355
202606,202606,131,KRBNP,부산신항,484,26261405,1094,113991242,-87729837
202606,202606,140,KRBNP,부산신항,193,23528500,27,2093260,21435240
202606,202606,150,KRBNP,부산신항,494,37712531,18,1906971,35805560
202606,202606,151,KRBNP,부산신항,375,40107776,372,71736820,-31629044
202606,202606,152,KRBNP,부산신항,1190,74824518,447,26884838,47939680
202606,202606,153,KRBNP,부산신항,391,21473202,60,3629707,17843495
202606,202606,154,KRBNP,부산신항,649,63232849,5,177837,63055012
202606,202606,030,KRBOR,보령항,0,0,1,7,-7
202606,202606,084,KRBOR,보령항,0,0,22,358577852,-358577852
202606,202606,090,KRCHA,제주항,6,670653,38,1798135,-1127482
202606,202606,017,KRCHF,진해항,2,119477,0,0,119477
202606,202606,020,KRCHF,진해항,3,34876,0,0,34876
202606,202606,030,KRCHF,진해항,1,1321605,0,0,1321605
202606,202606,050,KRCHF,진해항,2,34000,0,0,34000
202606,202606,053,KRCHF,진해항,12,4629442,26,14844650,-10215208
202606,202606,110,KRCHF,진해항,1,29000,0,0,29000
202606,202606,130,KRCHF,진해항,1,31223,0,0,31223
202606,202606,080,KRCHG,장항항,0,0,10,8231033,-8231033
202606,202606,152,KRDBL,대불항,1,37769,0,0,37769
202606,202606,011,KRGIN,경인항,1,24091,0,0,24091
202606,202606,012,KRGIN,경인항,0,0,3,55153,-55153
202606,202606,014,KRGIN,경인항,1,176605,0,0,176605
202606,202606,016,KRGIN,경인항,0,0,3,150410,-150410
202606,202606,017,KRGIN,경인항,1,59216,0,0,59216
202606,202606,020,KRGIN,경인항,1779,13305254,940,42489613,-29184359
202606,202606,021,KRGIN,경인항,0,0,4,79767,-79767
202606,202606,030,KRGIN,경인항,2,24368,0,0,24368
202606,202606,040,KRGIN,경인항,0,0,6,239143,-239143
202606,202606,041,KRGIN,경인항,0,0,14,995695,-995695
202606,202606,053,KRGIN,경인항,0,0,18,410506,-410506
202606,202606,131,KRGIN,경인항,0,0,3,57022,-57022
202606,202606,152,KRGIN,경인항,1,18870,3,27750,-8880
202606,202606,100,KRHSA,호산항,0,0,1,5876743,-5876743
202606,202606,010,KRINC,인천항,1604,24122718,589,18382083,5740635
202606,202606,011,KRINC,인천항,172,5416002,0,0,5416002
202606,202606,012,KRINC,인천항,910,48822628,942,50815307,-1992679
202606,202606,014,KRINC,인천항,1786,119275398,158,15864854,103410544
202606,202606,016,KRINC,인천항,1134,184792666,549,25991661,158801005
202606,202606,017,KRINC,인천항,1669,187729727,198,7756797,179972930
202606,202606,020,KRINC,인천항,65861,2193677534,548686,7168069641,-4974392107
202606,202606,021,KRINC,인천항,2156,142339348,376,20216271,122123077
202606,202606,023,KRINC,인천항,2100,109239486,64,2262151,106977335
202606,202606,030,KRINC,인천항,244,16666630,31,3765903,12900727
202606,202606,033,KRINC,인천항,49,1578351,17,268060,1310291
202606,202606,039,KRINC,인천항,337,1584850,3,185678,1399172
202606,202606,040,KRINC,인천항,379,45166998,717,65371560,-20204562
202606,202606,041,KRINC,인천항,37,923711,351,83964422,-83040711
202606,202606,050,KRINC,인천항,30,3298587,6,114582,3184005
202606,202606,053,KRINC,인천항,225,7859352,25,397155,7462197
202606,202606,054,KRINC,인천항,1,53088,3,49224,3864
202606,202606,056,KRINC,인천항,25,200873,0,0,200873
202606,202606,060,KRINC,인천항,43,1244290,0,0,1244290
202606,202606,062,KRINC,인천항,20,3526186,2,45728,3480458
202606,202606,070,KRINC,인천항,7,546897,0,0,546897
202606,202606,071,KRINC,인천항,114,8012882,24,630565,7382317
202606,202606,080,KRINC,인천항,61,12786450,16,2720972,10065478
202606,202606,081,KRINC,인천항,72,2403312,48,1655115,748197
202606,202606,082,KRINC,인천항,96,3746377,26,388481,3357896
202606,202606,084,KRINC,인천항,12,405060,0,0,405060
202606,202606,090,KRINC,인천항,3,43285,8,105317,-62032
202606,202606,100,KRINC,인천항,18,2508943,0,0,2508943
202606,202606,102,KRINC,인천항,146,8810274,0,0,8810274
202606,202606,110,KRINC,인천항,83,8047128,50,5707654,2339474
202606,202606,120,KRINC,인천항,398,49665961,39,1273681,48392280
202606,202606,121,KRINC,인천항,298,51446146,99,11376758,40069388
202606,202606,122,KRINC,인천항,96,21919165,0,0,21919165
202606,202606,130,KRINC,인천항,609,22314130,84,1924284,20389846
202606,202606,131,KRINC,인천항,526,27949585,118,10115822,17833763
202606,202606,140,KRINC,인천항,2,18026,0,0,18026
202606,202606,150,KRINC,인천항,322,32545581,10,400831,32144750
202606,202606,151,KRINC,인천항,483,41885528,76,10948579,30936949
202606,202606,152,KRINC,인천항,1197,313842915,408,23732223,290110692
202606,202606,153,KRINC,인천항,204,19846463,13,445577,19400886
202606,202606,154,KRINC,인천항,1041,124322354,0,0,124322354
202606,202606,010,KRKAN,광양항,2,16061,0,0,16061
202606,202606,011,KRKAN,광양항,1,30929,0,0,30929
202606,202606,012,KRKAN,광양항,19,300747,2,125981,174766
202606,202606,014,KRKAN,광양항,24,2798472,18,1126300,1672172
202606,202606,016,KRKAN,광양항,53,14052114,249,10424280,3627834
202606,202606,017,KRKAN,광양항,16,337651,0,0,337651
202606,202606,020,KRKAN,광양항,307,4404535,0,0,4404535
202606,202606,021,KRKAN,광양항,39,1731490,0,0,1731490
202606,202606,023,KRKAN,광양항,9,488130,0,0,488130
202606,202606,030,KRKAN,광양항,19,2598971,12,1316891,1282080
202606,202606,033,KRKAN,광양항,14,364354,0,0,364354
202606,202606,039,KRKAN,광양항,4,819770,0,0,819770
202606,202606,040,KRKAN,광양항,1,29100,0,0,29100
202606,202606,050,KRKAN,광양항,1,5719038,0,0,5719038
202606,202606,052,KRKAN,광양항,0,0,5,220771,-220771
202606,202606,053,KRKAN,광양항,16,714625,1,787292,-72667
202606,202606,056,KRKAN,광양항,26,3082787,0,0,3082787
202606,202606,060,KRKAN,광양항,4039,469788251,7,78964366,390823885
202606,202606,062,KRKAN,광양항,6814,1194351269,6997,1306347081,-111995812
202606,202606,070,KRKAN,광양항,180,19457259,9,564503,18892756
202606,202606,071,KRKAN,광양항,1641,70476883,5,482839,69994044
202606,202606,080,KRKAN,광양항,383,37334854,27,9469540,27865314
202606,202606,081,KRKAN,광양항,302,19172717,15,16214809,2957908
202606,202606,082,KRKAN,광양항,477,44221448,47,3029997,41191451
202606,202606,084,KRKAN,광양항,11,606858,0,0,606858
202606,202606,100,KRKAN,광양항,0,0,4,250039,-250039
202606,202606,102,KRKAN,광양항,4,119056,0,0,119056
202606,202606,110,KRKAN,광양항,15,37094206,0,0,37094206
202606,202606,120,KRKAN,광양항,115,8140680,0,0,8140680
202606,202606,121,KRKAN,광양항,197,7071638,3,130408,6941230
202606,202606,122,KRKAN,광양항,88,8198605,0,0,8198605
202606,202606,130,KRKAN,광양항,1,20067,0,0,20067
202606,202606,131,KRKAN,광양항,7,100320,1,6569,93751
202606,202606,150,KRKAN,광양항,115,5773398,0,0,5773398
202606,202606,151,KRKAN,광양항,39,2388451,0,0,2388451
202606,202606,152,KRKAN,광양항,84,16331235,0,0,16331235
202606,202606,153,KRKAN,광양항,4,765761,1,32588,733173
202606,202606,154,KRKAN,광양항,297,36274390,0,0,36274390
202606,202606,020,KRKCN,감천항,738,18308288,0,0,18308288
202606,202606,021,KRKCN,감천항,2,78432,1,19810,58622
202606,202606,023,KRKCN,감천항,11,235424,0,0,235424
202606,202606,030,KRKCN,감천항,276,6418550,815,164023415,-157604865
202606,202606,051,KRKCN,감천항,0,0,1,59665,-59665
202606,202606,052,KRKCN,감천항,13,135838,0,0,135838
202606,202606,053,KRKCN,감천항,20,461503,0,0,461503
202606,202606,056,KRKCN,감천항,0,0,8,3031310,-3031310
202606,202606,062,KRKCN,감천항,0,0,2,269768,-269768
202606,202606,080,KRKCN,감천항,0,0,1,1763336,-1763336
202606,202606,110,KRKCN,감천항,5,76815,1,13952,62863
202606,202606,120,KRKCN,감천항,0,0,18,3901998,-3901998
202606,202606,122,KRKCN,감천항,0,0,1,10120,-10120
202606,202606,152,KRKCN,감천항,10,769333,0,0,769333
202606,202606,154,KRKCN,감천항,4,304969,0,0,304969
202606,202606,051,KRKHN,고현항,56,416247813,38,40901879,375345934
202606,202606,020,KRKPO,포항항,26,2778312,0,0,2778312
202606,202606,030,KRKPO,포항항,0,0,10,164,-164
202606,202606,039,KRKPO,포항항,1,256943,0,0,256943
202606,202606,053,KRKPO,포항항,20,3059488,0,0,3059488
202606,202606,060,KRKPO,포항항,7,420015,0,0,420015
202606,202606,062,KRKPO,포항항,10,3086928,0,0,3086928
202606,202606,080,KRKPO,포항항,3,624799,1,107644,517155
202606,202606,120,KRKPO,포항항,2,246903,0,0,246903
202606,202606,122,KRKPO,포항항,1190,380140497,134,43618168,336522329
202606,202606,152,KRKPO,포항항,15,1674385,0,0,1674385
202606,202606,012,KRKUV,군산항,0,0,1,52,-52
202606,202606,014,KRKUV,군산항,3,56093,0,0,56093
202606,202606,016,KRKUV,군산항,1,9507,0,0,9507
202606,202606,020,KRKUV,군산항,16,14036551,9006,53649000,-39612449
202606,202606,021,KRKUV,군산항,1,2158016,0,0,2158016
202606,202606,023,KRKUV,군산항,1,1265100,0,0,1265100
202606,202606,030,KRKUV,군산항,15,1485324,2,222,1485102
202606,202606,033,KRKUV,군산항,2,26029,0,0,26029
202606,202606,041,KRKUV,군산항,0,0,5,35876,-35876
202606,202606,053,KRKUV,군산항,32,764470,0,0,764470
202606,202606,054,KRKUV,군산항,9,190889,0,0,190889
202606,202606,060,KRKUV,군산항,1,7070,0,0,7070
202606,202606,070,KRKUV,군산항,1,566720,1,7125,559595
202606,202606,071,KRKUV,군산항,16,1874186,1,67840,1806346
202606,202606,080,KRKUV,군산항,417,76628655,203960,298382023,-221753368
202606,202606,081,KRKUV,군산항,2,104822,3,151107,-46285
202606,202606,082,KRKUV,군산항,37,5768209,27,1083426,4684783
202606,202606,084,KRKUV,군산항,0,0,1,159,-159
202606,202606,110,KRKUV,군산항,5,2134145,0,0,2134145
202606,202606,121,KRKUV,군산항,40,1249294,5,250560,998734
202606,202606,150,KRKUV,군산항,8,388879,0,0,388879
202606,202606,152,KRKUV,군산항,3,5895839,0,0,5895839
202606,202606,154,KRKUV,군산항,8,968517,0,0,968517
202606,202606,010,KRMAS,마산항,1,322800,0,0,322800
202606,202606,011,KRMAS,마산항,2,725565,0,0,725565
202606,202606,014,KRMAS,마산항,2,1470162,0,0,1470162
202606,202606,016,KRMAS,마산항,17,14493185,242,6277289,8215896
202606,202606,017,KRMAS,마산항,18,552945,149,7806257,-7253312
202606,202606,020,KRMAS,마산항,354,9955726,0,0,9955726
202606,202606,021,KRMAS,마산항,10,2602136,0,0,2602136
202606,202606,023,KRMAS,마산항,24,2981602,0,0,2981602
202606,202606,030,KRMAS,마산항,48,29575920,6,498605,29077315
202606,202606,033,KRMAS,마산항,9,1770439,0,0,1770439
202606,202606,039,KRMAS,마산항,4,1883865,0,0,1883865
202606,202606,050,KRMAS,마산항,389,496312126,86,75506610,420805516
202606,202606,051,KRMAS,마산항,1,1858,30,48967935,-48966077
202606,202606,053,KRMAS,마산항,247,703988274,1,1152023,702836251
202606,202606,054,KRMAS,마산항,1,140950,0,0,140950
202606,202606,056,KRMAS,마산항,22,25148415,4,1093701,24054714
202606,202606,060,KRMAS,마산항,2,25350508,0,0,25350508
202606,202606,062,KRMAS,마산항,2,303383,0,0,303383
202606,202606,070,KRMAS,마산항,0,0,1,1546365,-1546365
202606,202606,071,KRMAS,마산항,3,3704052,0,0,3704052
202606,202606,080,KRMAS,마산항,12,5718499,0,0,5718499
202606,202606,082,KRMAS,마산항,1,84500,0,0,84500
202606,202606,110,KRMAS,마산항,63,116163899,0,0,116163899
202606,202606,120,KRMAS,마산항,34,2698084,0,0,2698084
202606,202606,121,KRMAS,마산항,11,31248942,0,0,31248942
202606,202606,122,KRMAS,마산항,9,68287492,0,0,68287492
202606,202606,131,KRMAS,마산항,1,1358,0,0,1358
202606,202606,150,KRMAS,마산항,2,296701,0,0,296701
202606,202606,151,KRMAS,마산항,8,2928993,0,0,2928993
202606,202606,152,KRMAS,마산항,22,6567158,0,0,6567158
202606,202606,153,KRMAS,마산항,6,2392221,0,0,2392221
202606,202606,154,KRMAS,마산항,1,306000,0,0,306000
202606,202606,110,KRMIP,미포항,25,821508247,0,0,821508247
202606,202606,016,KRMOK,목포항,0,0,2,78070,-78070
202606,202606,070,KRMOK,목포항,168,1984166790,25,60419139,1923747651
202606,202606,100,KRMUK,묵호항,4,400820,0,0,400820
202606,202606,100,KROKK,옥계항,1,1349247,31,7187620,-5838373
202606,202606,051,KROKP,옥포항,18,131767894,23,64954617,66813277
202606,202606,110,KRONS,온산항,263,1440806854,6,750445574,690361280
202606,202606,010,KRPTK,평택항,8,80850,0,0,80850
202606,202606,011,KRPTK,평택항,3,4641277,0,0,4641277
202606,202606,012,KRPTK,평택항,36,2990792,108,4306845,-1316053
202606,202606,014,KRPTK,평택항,77,4127572,0,0,4127572
202606,202606,016,KRPTK,평택항,6312,2381419363,213827,3973248004,-1591828641
202606,202606,017,KRPTK,평택항,48,9758337,3,37424,9720913
202606,202606,020,KRPTK,평택항,416,8314132,6226,45599236,-37285104
202606,202606,021,KRPTK,평택항,183,62389834,4168,204310658,-141920824
202606,202606,023,KRPTK,평택항,42,3629939,0,0,3629939
202606,202606,030,KRPTK,평택항,145,28943354,69,11337586,17605768
202606,202606,033,KRPTK,평택항,9,695270,0,0,695270
202606,202606,039,KRPTK,평택항,2,24946,15937,414934,-389988
202606,202606,040,KRPTK,평택항,3,49813,12,261458,-211645
202606,202606,041,KRPTK,평택항,0,0,1,524,-524
202606,202606,050,KRPTK,평택항,28,1033456,0,0,1033456
202606,202606,053,KRPTK,평택항,110,5403069,2,244950,5158119
202606,202606,056,KRPTK,평택항,12,4015620,8,1264648,2750972
202606,202606,060,KRPTK,평택항,2,496000,0,0,496000
202606,202606,062,KRPTK,평택항,4,100647,1,35512,65135
202606,202606,070,KRPTK,평택항,4,792515,0,0,792515
202606,202606,071,KRPTK,평택항,24,3255666,5,302226,2953440
202606,202606,080,KRPTK,평택항,44,6227440,0,0,6227440
202606,202606,081,KRPTK,평택항,18,806017,3,97752,708265
202606,202606,082,KRPTK,평택항,22,977176,0,0,977176
202606,202606,102,KRPTK,평택항,2,40768,0,0,40768
202606,202606,110,KRPTK,평택항,13,300726,1,16331,284395
202606,202606,120,KRPTK,평택항,172,131525616,0,0,131525616
202606,202606,121,KRPTK,평택항,216,50040240,10,4041446,45998794
202606,202606,122,KRPTK,평택항,14,4459086,0,0,4459086
202606,202606,130,KRPTK,평택항,7,1023505,0,0,1023505
202606,202606,131,KRPTK,평택항,25,2371830,4,88331,2283499
202606,202606,150,KRPTK,평택항,50,2754232,3,291068,2463164
202606,202606,151,KRPTK,평택항,262,47353150,19,760089,46593061
202606,202606,152,KRPTK,평택항,1125,244528370,250,42957242,201571128
202606,202606,153,KRPTK,평택항,32,1307641,10,491893,815748
202606,202606,154,KRPTK,평택항,456,86647158,4,77,86647081
202606,202606,010,KRPUS,부산항,24703,36528673,129,5007108,31521565
202606,202606,011,KRPUS,부산항,496,12882078,0,0,12882078
202606,202606,012,KRPUS,부산항,3673,203147605,699,100999884,102147721
202606,202606,014,KRPUS,부산항,4739,345485480,53,7654072,337831408
202606,202606,016,KRPUS,부산항,4725,461295968,948,314921094,146374874
202606,202606,017,KRPUS,부산항,3080,157138267,144,17275029,139863238
202606,202606,020,KRPUS,부산항,6566,387642709,387,20980696,366662013
202606,202606,021,KRPUS,부산항,5241,494587730,534,83828882,410758848
202606,202606,023,KRPUS,부산항,3328,201677216,17,807320,200869896
202606,202606,030,KRPUS,부산항,53758,4119953893,62956,5228986594,-1109032701
202606,202606,033,KRPUS,부산항,4467,271957322,3535,105523986,166433336
202606,202606,037,KRPUS,부산항,0,0,6,19668,-19668
202606,202606,039,KRPUS,부산항,2344,148878186,155495,98255987,50622199
202606,202606,040,KRPUS,부산항,415,40180106,146,5744585,34435521
202606,202606,041,KRPUS,부산항,60,4484854,111,10840748,-6355894
202606,202606,050,KRPUS,부산항,1254,81422118,175,2836929,78585189
202606,202606,051,KRPUS,부산항,8,756859,124,15167991,-14411132
202606,202606,052,KRPUS,부산항,10,2458354,0,0,2458354
202606,202606,053,KRPUS,부산항,10910,538310291,770,33658799,504651492
202606,202606,054,KRPUS,부산항,36,2357396,5,290533,2066863
202606,202606,056,KRPUS,부산항,1505,135539058,118,13066051,122473007
202606,202606,060,KRPUS,부산항,1796,169333025,14,1276468,168056557
202606,202606,062,KRPUS,부산항,812,71700066,21,17256708,54443358
202606,202606,070,KRPUS,부산항,494,44924962,86,10691675,34233287
202606,202606,071,KRPUS,부산항,1142,101235887,134,8955728,92280159
202606,202606,080,KRPUS,부산항,985,107022785,95,25670991,81351794
202606,202606,081,KRPUS,부산항,1027,128897497,72,16382632,112514865
202606,202606,082,KRPUS,부산항,1525,142271611,103,4047878,138223733
202606,202606,084,KRPUS,부산항,159,9538155,0,0,9538155
202606,202606,090,KRPUS,부산항,24,928671,47,1709716,-781045
202606,202606,100,KRPUS,부산항,65,3643416,3,131272,3512144
202606,202606,101,KRPUS,부산항,15,782078,35,1070955,-288877
202606,202606,102,KRPUS,부산항,778,50608596,0,0,50608596
202606,202606,110,KRPUS,부산항,9384,1438072317,612,78212597,1359859720
202606,202606,120,KRPUS,부산항,9247,588160128,237,8968201,579191927
202606,202606,121,KRPUS,부산항,7294,776769950,654,40573433,736196517
202606,202606,122,KRPUS,부산항,2272,264937721,99,20062594,244875127
202606,202606,130,KRPUS,부산항,794,33080835,7,1201282,31879553
202606,202606,131,KRPUS,부산항,2258,103144962,166,14806192,88338770
202606,202606,140,KRPUS,부산항,31,5290431,30,1245655,4044776
202606,202606,150,KRPUS,부산항,3843,465486997,76,5639706,459847291
202606,202606,151,KRPUS,부산항,4171,601007676,407,140113302,460894374
202606,202606,152,KRPUS,부산항,5353,467653693,382,90207885,377445808
202606,202606,153,KRPUS,부산항,2573,201334190,68,8953144,192381046
202606,202606,154,KRPUS,부산항,1623,182137293,12,307153,181830140
202606,202606,052,KRSCP,삼천포항,0,0,9,60605737,-60605737
202606,202606,110,KRSHG,포항신항,0,0,5,4927068,-4927068
202606,202606,122,KRSHG,포항신항,40,14631906,108,460748333,-446116427
202606,202606,020,KRSHO,속초항,30,987336,0,0,987336
202606,202606,023,KRSHO,속초항,1,12544,0,0,12544
202606,202606,100,KRSHO,속초항,7,202111,0,0,202111
202606,202606,101,KRSHO,속초항,1,18562,7,565275,-546713
202606,202606,154,KRTAN,태안항,1,9000000,14,129187013,-120187013
202606,202606,010,KRTGH,동해항,12,157022,0,0,157022
202606,202606,012,KRTGH,동해항,7,131502,0,0,131502
202606,202606,014,KRTGH,동해항,10,319972,0,0,319972
202606,202606,016,KRTGH,동해항,1,7999,0,0,7999
202606,202606,017,KRTGH,동해항,13,175144,0,0,175144
202606,202606,020,KRTGH,동해항,629,17279706,0,0,17279706
202606,202606,021,KRTGH,동해항,6,178990,0,0,178990
202606,202606,023,KRTGH,동해항,39,1190230,0,0,1190230
202606,202606,030,KRTGH,동해항,9,109165,2,40,109125
202606,202606,060,KRTGH,동해항,1,40933,0,0,40933
202606,202606,100,KRTGH,동해항,161,21217252,190,119314860,-98097608
202606,202606,101,KRTGH,동해항,0,0,4,68794,-68794
202606,202606,110,KRTGH,동해항,2,645157,0,0,645157
202606,202606,130,KRTGH,동해항,2,27413,0,0,27413
202606,202606,131,KRTGH,동해항,8,723458,0,0,723458
202606,202606,140,KRTGH,동해항,0,0,1,900,-900
202606,202606,151,KRTGH,동해항,63,1588822,0,0,1588822
202606,202606,153,KRTGH,동해항,1,19537,0,0,19537
202606,202606,016,KRTJI,당진항,3,6581654,67,310364075,-303782421
202606,202606,020,KRTJI,당진항,66,6991313,0,0,6991313
202606,202606,030,KRTJI,당진항,0,0,2,31,-31
202606,202606,039,KRTJI,당진항,2,114095,0,0,114095
202606,202606,053,KRTJI,당진항,3,1167674,0,0,1167674
202606,202606,060,KRTJI,당진항,39,4437291,0,0,4437291
202606,202606,080,KRTJI,당진항,51,3271528,0,0,3271528
202606,202606,110,KRTJI,당진항,22,4639243,0,0,4639243
202606,202606,121,KRTJI,당진항,2,300395,0,0,300395
202606,202606,122,KRTJI,당진항,1,14118,0,0,14118
202606,202606,152,KRTJI,당진항,728,247142400,5,2687864,244454536
202606,202606,154,KRTJI,당진항,0,0,12,146985997,-146985997
202606,202606,016,KRTSN,대산항,1,56565,0,0,56565
202606,202606,154,KRTSN,대산항,487,1536240427,149,2309085797,-772845370
202606,202606,053,KRTYG,통영항,0,0,1,40679,-40679
202606,202606,054,KRTYG,통영항,11,51842080,331,13532729,38309351
202606,202606,014,KRUSN,울산항,2,101663,0,0,101663
202606,202606,020,KRUSN,울산항,10,2923664,0,0,2923664
202606,202606,023,KRUSN,울산항,1,43298,0,0,43298
202606,202606,030,KRUSN,울산항,10,919049,3,29688,889361
202606,202606,039,KRUSN,울산항,8,8309076,0,0,8309076
202606,202606,053,KRUSN,울산항,12,2010466,6,127453,1883013
202606,202606,054,KRUSN,울산항,0,0,1,20,-20
202606,202606,060,KRUSN,울산항,3,4441916,0,0,4441916
202606,202606,070,KRUSN,울산항,5,407691,0,0,407691
202606,202606,071,KRUSN,울산항,1,1114500,0,0,1114500
202606,202606,080,KRUSN,울산항,17,12644857,0,0,12644857
202606,202606,082,KRUSN,울산항,3,345117,0,0,345117
202606,202606,100,KRUSN,울산항,0,0,3,72734,-72734
202606,202606,102,KRUSN,울산항,1,60823,0,0,60823
202606,202606,110,KRUSN,울산항,6424,4375961943,2344,5282235935,-906273992
202606,202606,120,KRUSN,울산항,21,4828315,0,0,4828315
202606,202606,122,KRUSN,울산항,25,1358510,0,0,1358510
202606,202606,151,KRUSN,울산항,2,1158830,0,0,1158830
202606,202606,152,KRUSN,울산항,17,2113877,0,0,2113877
202606,202606,154,KRUSN,울산항,5,7770208,0,0,7770208
202606,202606,122,KRYMH,영일만항,0,0,94,10205140,-10205140
202606,202606,060,KRYOC,여천항,0,0,93,820371557,-820371557
202606,202606,030,KRYOS,여수항,0,0,5,224,-224
202606,202606,039,KRYOS,여수항,0,0,1,450,-450
202606,202606,060,KRYOS,여수항,263,2019618753,222,3072780422,-1053161669
202606,202606,152,KRYOS,여수항,4,539551,0,0,539551
202606,202606,010,KRZZZ,기타불개항,17,21341338,0,0,21341338
202606,202606,016,KRZZZ,기타불개항,0,0,5,1077,-1077
202606,202606,017,KRZZZ,기타불개항,0,0,4,40880,-40880
202606,202606,020,KRZZZ,기타불개항,0,0,39,3871874,-3871874
202606,202606,040,KRZZZ,기타불개항,0,0,1,976,-976
202606,202606,050,KRZZZ,기타불개항,0,0,1,858,-858
202606,202606,051,KRZZZ,기타불개항,0,0,5,116271302,-116271302
202606,202606,054,KRZZZ,기타불개항,4,12182,11,299584617,-299572435
202606,202606,056,KRZZZ,기타불개항,0,0,1,54044101,-54044101
202606,202606,062,KRZZZ,기타불개항,0,0,8,107833766,-107833766
202606,202606,070,KRZZZ,기타불개항,4,488350,6,1690378,-1202028
202606,202606,080,KRZZZ,기타불개항,2,800,0,0,800
202606,202606,081,KRZZZ,기타불개항,4,4856,0,0,4856
202606,202606,082,KRZZZ,기타불개항,1,70,0,0,70
202606,202606,090,KRZZZ,기타불개항,2,108197,1,98644,9553
202606,202606,100,KRZZZ,기타불개항,0,0,3,110574548,-110574548
202606,202606,121,KRZZZ,기타불개항,0,0,4,360637,-360637
202606,202606,010,PUS,김해국제공항,1,3837,0,0,3837
202606,202606,012,PUS,김해국제공항,1,7337,0,0,7337
202606,202606,017,PUS,김해국제공항,2,4936,4,588023,-583087
202606,202606,021,PUS,김해국제공항,4,36828,0,0,36828
202606,202606,030,PUS,김해국제공항,390,12779554,71,80668,12698886
202606,202606,033,PUS,김해국제공항,51,794566,0,0,794566
202606,202606,039,PUS,김해국제공항,80,354350,0,0,354350
202606,202606,040,PUS,김해국제공항,39,541721,14,11636647,-11094926
202606,202606,050,PUS,김해국제공항,72,7888530,2,20558,7867972
202606,202606,051,PUS,김해국제공항,2,1479,4,13686,-12207
202606,202606,053,PUS,김해국제공항,80,1255348,1,17,1255331
202606,202606,054,PUS,김해국제공항,4,4820,1,40617,-35797
202606,202606,056,PUS,김해국제공항,35,2371378,20,469681,1901697
202606,202606,060,PUS,김해국제공항,5,232047,0,0,232047
202606,202606,102,PUS,김해국제공항,1,2456,0,0,2456
202606,202606,110,PUS,김해국제공항,14,24235,2,292113,-267878
202606,202606,120,PUS,김해국제공항,9,279654,0,0,279654
202606,202606,121,PUS,김해국제공항,3,468206,23,19497476,-19029270
202606,202606,130,PUS,김해국제공항,1,330,0,0,330
202606,202606,140,PUS,김해국제공항,213,1206119,1051,14958724,-13752605
202606,202606,012,SSN,성남공항,0,0,1,26586,-26586
202606,202606,010,TAE,대구국제공항,1,3420,0,0,3420
202606,202606,053,TAE,대구국제공항,1,199988,0,0,199988
202606,202606,056,TAE,대구국제공항,3,1213,0,0,1213
202606,202606,120,TAE,대구국제공항,13,51624,37,210508,-158884
202606,202606,053,USN,울산공항,1,126630,0,0,126630
202606,202606,101,YNY,양양국제공항,0,0,3,22306,-22306
202606,202606,010,ZZZZZ,기타항,3,4236,0,0,4236
202606,202606,012,ZZZZZ,기타항,2,7800,0,0,7800
202606,202606,020,ZZZZZ,기타항,1,7275,0,0,7275
202606,202606,070,ZZZZZ,기타항,2,180,0,0,180
202606,202606,120,ZZZZZ,기타항,5,37754,0,0,37754
202606,202606,130,ZZZZZ,기타항,1,2820,0,0,2820
202606,총계,,-,-,1245865,101956159193,5044182,66051585858,35904573335
202607,202607,010,010,서울세관,41,745,0,0,745
202607,202607,017,010,서울세관,5,97,0,0,97
202607,202607,020,010,서울세관,1,1680,0,0,1680
202607,202607,040,010,서울세관,1,41,0,0,41
202607,202607,130,010,서울세관,15,1434,0,0,1434
202607,202607,010,037,부산국제우편세관,1,224,0,0,224
202607,202607,011,037,부산국제우편세관,1,5172,0,0,5172
202607,202607,021,037,부산국제우편세관,21,1755,0,0,1755
202607,202607,023,037,부산국제우편세관,1,1063,0,0,1063
202607,202607,030,037,부산국제우편세관,18,38272,0,0,38272
202607,202607,033,037,부산국제우편세관,10,16780,0,0,16780
202607,202607,037,037,부산국제우편세관,4,23140,18,30446,-7306
202607,202607,039,037,부산국제우편세관,1,2601,0,0,2601
202607,202607,050,037,부산국제우편세관,2,1762,0,0,1762
202607,202607,082,037,부산국제우편세관,606,36323,0,0,36323
202607,202607,110,037,부산국제우편세관,1,180,0,0,180
202607,202607,120,037,부산국제우편세관,1,408,0,0,408
202607,202607,040,040,인천공항세관,0,0,11,61860,-61860
202607,202607,120,040,인천공항세관,1,10614,0,0,10614
202607,202607,012,CJJ,청주국제공항,1,30,0,0,30
202607,202607,071,CJJ,청주국제공항,2,74762,0,0,74762
202607,202607,150,CJJ,청주국제공항,2,4693,0,0,4693
202607,202607,151,CJJ,청주국제공항,0,0,109,487694,-487694
202607,202607,090,CJU,제주국제공항,13,59261,303,2095604,-2036343
202607,202607,010,GMP,김포국제공항,74,2284120,0,0,2284120
202607,202607,012,GMP,김포국제공항,1,6995,0,0,6995
202607,202607,014,GMP,김포국제공항,1,3300,0,0,3300
202607,202607,016,GMP,김포국제공항,1,180,0,0,180
202607,202607,017,GMP,김포국제공항,5,44522,0,0,44522
202607,202607,020,GMP,김포국제공항,3384,386133,0,0,386133
202607,202607,021,GMP,김포국제공항,1,7744,7,747134,-739390
202607,202607,023,GMP,김포국제공항,198,128517,0,0,128517
202607,202607,039,GMP,김포국제공항,10,2276,0,0,2276
202607,202607,040,GMP,김포국제공항,181,434702,8,1158826,-724124
202607,202607,041,GMP,김포국제공항,171,535872,1967,192817839,-192281967
202607,202607,120,GMP,김포국제공항,26,766385,0,0,766385
202607,202607,121,GMP,김포국제공항,1,6034,0,0,6034
202607,202607,130,GMP,김포국제공항,1672,138900,0,0,138900
202607,202607,131,GMP,김포국제공항,3,28972,0,0,28972
202607,202607,140,GMP,김포국제공항,1,1928,0,0,1928
202607,202607,151,GMP,김포국제공항,2,15083,0,0,15083
202607,202607,152,GMP,김포국제공항,2,795,0,0,795
202607,202607,056,HIN,진주(사천)공항,1,54334623,0,0,54334623
202607,202607,010,ICN,인천국제공항,31464,190670984,2190,148740463,41930521
202607,202607,011,ICN,인천국제공항,2757,11617207,1,253,11616954
202607,202607,012,ICN,인천국제공항,15966,7156402846,1855,985909683,6170493163
202607,202607,014,ICN,인천국제공항,11262,231230677,228,27214872,204015805
202607,202607,016,ICN,인천국제공항,7671,7622684577,6049,802279549,6820405028
202607,202607,017,ICN,인천국제공항,36146,453588868,3654,190031772,263557096
202607,202607,020,ICN,인천국제공항,79756,1254513140,4470,1822099466,-567586326
202607,202607,021,ICN,인천국제공항,23922,4851902359,10273,724283674,4127618685
202607,202607,023,ICN,인천국제공항,64554,333778152,1536,182961986,150816166
202607,202607,030,ICN,인천국제공항,11116,203313105,1114,81424640,121888465
202607,202607,033,ICN,인천국제공항,585,7938435,37,1928870,6009565
202607,202607,037,ICN,인천국제공항,0,0,5,138627,-138627
202607,202607,039,ICN,인천국제공항,3851,13835207,270,18615030,-4779823
202607,202607,040,ICN,인천국제공항,342730,15971575248,3814314,13731845398,2239729850
202607,202607,041,ICN,인천국제공항,18178,19246019,2571,225776541,-206530522
202607,202607,050,ICN,인천국제공항,656,11259025,109,3779105,7479920
202607,202607,051,ICN,인천국제공항,15,275528,237,16166501,-15890973
202607,202607,052,ICN,인천국제공항,2,8300,0,0,8300
202607,202607,053,ICN,인천국제공항,4591,108067008,2069,108221321,-154313
202607,202607,054,ICN,인천국제공항,12,31812,21,874405,-842593
202607,202607,056,ICN,인천국제공항,1421,108422757,1394,110565889,-2143132
202607,202607,060,ICN,인천국제공항,144,7112626,18,482808,6629818
202607,202607,062,ICN,인천국제공항,18,61737,17,623885,-562148
202607,202607,070,ICN,인천국제공항,82,881835,65,3501222,-2619387
202607,202607,071,ICN,인천국제공항,3633,349488219,2166,699797957,-350309738
202607,202607,080,ICN,인천국제공항,173,9425418,25,798756,8626662
202607,202607,081,ICN,인천국제공항,698,29151890,156,3711109,25440781
202607,202607,082,ICN,인천국제공항,650,13588595,48,10299431,3289164
202607,202607,084,ICN,인천국제공항,14,132967,1,2465795,-2332828
202607,202607,090,ICN,인천국제공항,164,95554,115,4308841,-4213287
202607,202607,100,ICN,인천국제공항,166,2179595,1,19018,2160577
202607,202607,101,ICN,인천국제공항,2,21652,0,0,21652
202607,202607,102,ICN,인천국제공항,907,60667904,0,0,60667904
202607,202607,110,ICN,인천국제공항,1363,72857173,951,33931875,38925298
202607,202607,120,ICN,인천국제공항,6397,151611586,316,30137941,121473645
202607,202607,121,ICN,인천국제공항,18528,3908338025,6544,1525204273,2383133752
202607,202607,122,ICN,인천국제공항,273,9489636,33,534894,8954742
202607,202607,130,ICN,인천국제공항,20104,132390657,397,15146138,117244519
202607,202607,131,ICN,인천국제공항,6414,99530031,139,1553070,97976961
202607,202607,140,ICN,인천국제공항,253,2968665,1339,38068279,-35099614
202607,202607,150,ICN,인천국제공항,3453,90494115,275,8333013,82161102
202607,202607,151,ICN,인천국제공항,9507,2666514591,1542,584107510,2082407081
202607,202607,152,ICN,인천국제공항,13057,9023779065,3475,1752770473,7271008592
202607,202607,153,ICN,인천국제공항,1996,43066024,102,8813966,34252058
202607,202607,154,ICN,인천국제공항,138,2386176,14,1075447,1310729
202607,202607,010,KRBNP,부산신항,107,4562146,582,19998451,-15436305
202607,202607,011,KRBNP,부산신항,82,3656892,0,0,3656892
202607,202607,012,KRBNP,부산신항,470,18255177,5695,434866999,-416611822
202607,202607,014,KRBNP,부산신항,641,48526177,241,12732510,35793667
202607,202607,016,KRBNP,부산신항,599,60662315,2223,147118934,-86456619
202607,202607,017,KRBNP,부산신항,621,26466508,32,1601715,24864793
202607,202607,020,KRBNP,부산신항,727,48266627,799,32457079,15809548
202607,202607,021,KRBNP,부산신항,1013,75797651,4037,361391893,-285594242
202607,202607,023,KRBNP,부산신항,505,23602876,80,11123462,12479414
202607,202607,030,KRBNP,부산신항,22804,2252095296,42871,5057984777,-2805889481
202607,202607,033,KRBNP,부산신항,796,37974715,1712,94225645,-56250930
202607,202607,039,KRBNP,부산신항,298,30506244,241,13235819,17270425
202607,202607,040,KRBNP,부산신항,14,943859,495,20678980,-19735121
202607,202607,041,KRBNP,부산신항,11,234138,723,33845097,-33610959
202607,202607,050,KRBNP,부산신항,300,27525765,162,2470267,25055498
202607,202607,051,KRBNP,부산신항,1,153300,132,51375819,-51222519
202607,202607,053,KRBNP,부산신항,12028,364172389,835,67411370,296761019
202607,202607,054,KRBNP,부산신항,13,1221156,18,6086792,-4865636
202607,202607,056,KRBNP,부산신항,387,29633229,241,44798186,-15164957
202607,202607,060,KRBNP,부산신항,3470,341944937,20,4171130,337773807
202607,202607,062,KRBNP,부산신항,345,39333574,18,5208351,34125223
202607,202607,070,KRBNP,부산신항,26,2461994,76,19518581,-17056587
202607,202607,071,KRBNP,부산신항,2082,71658828,40,3974093,67684735
202607,202607,080,KRBNP,부산신항,162,11549398,61,5380509,6168889
202607,202607,081,KRBNP,부산신항,87,6713750,19,7133234,-419484
202607,202607,082,KRBNP,부산신항,113,6593571,67,4059272,2534299
202607,202607,084,KRBNP,부산신항,79,4047039,0,0,4047039
202607,202607,090,KRBNP,부산신항,1,51111,67,1002791,-951680
202607,202607,100,KRBNP,부산신항,19,2704421,2,94265,2610156
202607,202607,101,KRBNP,부산신항,7,813616,2,163800,649816
202607,202607,102,KRBNP,부산신항,113,8583678,0,0,8583678
202607,202607,110,KRBNP,부산신항,3026,563093624,1008,274093608,289000016
202607,202607,120,KRBNP,부산신항,1437,84675626,92,9804059,74871567
202607,202607,121,KRBNP,부산신항,1388,121466102,163,21543343,99922759
202607,202607,122,KRBNP,부산신항,586,50940173,98,24934558,26005615
202607,202607,130,KRBNP,부산신항,89,3390543,45,2474883,915660
202607,202607,131,KRBNP,부산신항,561,34424584,1028,91413763,-56989179
202607,202607,140,KRBNP,부산신항,192,22563935,53,2810208,19753727
202607,202607,150,KRBNP,부산신항,531,43504460,28,9359505,34144955
202607,202607,151,KRBNP,부산신항,340,39251946,379,49140107,-9888161
202607,202607,152,KRBNP,부산신항,1181,81449706,339,27803702,53646004
202607,202607,153,KRBNP,부산신항,382,17590512,56,4538232,13052280
202607,202607,154,KRBNP,부산신항,716,63555816,7,206571,63349245
202607,202607,016,KRBOR,보령항,0,0,2,450,-450
202607,202607,030,KRBOR,보령항,0,0,3,166,-166
202607,202607,084,KRBOR,보령항,0,0,33,601639599,-601639599
202607,202607,140,KRBOR,보령항,0,0,1,250,-250
202607,202607,152,KRBOR,보령항,0,0,1,80,-80
202607,202607,080,KRCHA,제주항,1,30780,0,0,30780
202607,202607,090,KRCHA,제주항,10,183274,41,1642967,-1459693
202607,202607,014,KRCHF,진해항,1,1869,0,0,1869
202607,202607,017,KRCHF,진해항,1,64444,0,0,64444
202607,202607,020,KRCHF,진해항,3,32018,0,0,32018
202607,202607,030,KRCHF,진해항,7,127017736,1,70961,126946775
202607,202607,053,KRCHF,진해항,3,254540,16,7729329,-7474789
202607,202607,080,KRCHG,장항항,0,0,11,11563333,-11563333
202607,202607,150,KRCHG,장항항,1,119961,0,0,119961
202607,202607,070,KRDBL,대불항,42,15721666,0,0,15721666
202607,202607,080,KRDBL,대불항,1,876603,0,0,876603
202607,202607,152,KRDBL,대불항,5,546548,0,0,546548
202607,202607,012,KRGIN,경인항,1,62450,7,94702,-32252
202607,202607,016,KRGIN,경인항,4,32838,6,231782,-198944
202607,202607,020,KRGIN,경인항,994,6738791,935,36035313,-29296522
202607,202607,021,KRGIN,경인항,0,0,2,418353,-418353
202607,202607,030,KRGIN,경인항,2,47879,0,0,47879
202607,202607,040,KRGIN,경인항,0,0,8,191640,-191640
202607,202607,041,KRGIN,경인항,0,0,19,2712138,-2712138
202607,202607,053,KRGIN,경인항,0,0,17,363986,-363986
202607,202607,081,KRGIN,경인항,0,0,1,4001,-4001
202607,202607,151,KRGIN,경인항,0,0,1,18777,-18777
202607,202607,152,KRGIN,경인항,0,0,6,216877,-216877
202607,202607,100,KRHSA,호산항,0,0,1,35281970,-35281970
202607,202607,010,KRINC,인천항,1519,20198633,974,5950340,14248293
202607,202607,011,KRINC,인천항,185,6136964,0,0,6136964
202607,202607,012,KRINC,인천항,913,56069833,979,51635174,4434659
202607,202607,014,KRINC,인천항,1961,135838159,125,12619500,123218659
202607,202607,016,KRINC,인천항,1136,180523596,468,27377134,153146462
202607,202607,017,KRINC,인천항,1636,162615696,205,17973703,144641993
202607,202607,020,KRINC,인천항,63796,2153757348,537897,7600398388,-5446641040
202607,202607,021,KRINC,인천항,2225,147842317,347,14700338,133141979
202607,202607,023,KRINC,인천항,2246,112799722,60,3680577,109119145
202607,202607,030,KRINC,인천항,253,18329188,32,2961239,15367949
202607,202607,033,KRINC,인천항,40,1341500,10,101073,1240427
202607,202607,039,KRINC,인천항,291,4044767,8,1138201,2906566
202607,202607,040,KRINC,인천항,371,32031255,819,68894421,-36863166
202607,202607,041,KRINC,인천항,31,941152,318,27509053,-26567901
202607,202607,050,KRINC,인천항,33,2993112,6,104049,2889063
202607,202607,053,KRINC,인천항,270,11297515,20,352310,10945205
202607,202607,054,KRINC,인천항,1,49356,0,0,49356
202607,202607,056,KRINC,인천항,24,838506,0,0,838506
202607,202607,060,KRINC,인천항,38,1455949,0,0,1455949
202607,202607,062,KRINC,인천항,13,4869487,0,0,4869487
202607,202607,070,KRINC,인천항,13,228781,1,321,228460
202607,202607,071,KRINC,인천항,104,5617008,25,509714,5107294
202607,202607,080,KRINC,인천항,57,5860589,11,2619340,3241249
202607,202607,081,KRINC,인천항,74,3226883,44,1416024,1810859
202607,202607,082,KRINC,인천항,106,3880930,22,738696,3142234
202607,202607,084,KRINC,인천항,21,621670,0,0,621670
202607,202607,090,KRINC,인천항,6,113898,4,131836,-17938
202607,202607,100,KRINC,인천항,13,1938460,0,0,1938460
202607,202607,102,KRINC,인천항,121,4966457,0,0,4966457
202607,202607,110,KRINC,인천항,89,17974453,48,3943913,14030540
202607,202607,120,KRINC,인천항,398,46627217,30,1252719,45374498
202607,202607,121,KRINC,인천항,252,31358282,100,7310584,24047698
202607,202607,122,KRINC,인천항,88,17904717,1,35121,17869596
202607,202607,130,KRINC,인천항,634,21854924,83,1565808,20289116
202607,202607,131,KRINC,인천항,572,24810732,119,11568159,13242573
202607,202607,150,KRINC,인천항,307,28032457,9,260348,27772109
202607,202607,151,KRINC,인천항,439,35127637,78,8339922,26787715
202607,202607,152,KRINC,인천항,1299,380368448,518,31040279,349328169
202607,202607,153,KRINC,인천항,211,14765331,12,358032,14407299
202607,202607,154,KRINC,인천항,1241,130962276,0,0,130962276
202607,202607,051,KRJSP,장승포항,0,0,1,128,-128
202607,202607,010,KRKAN,광양항,1,30268,10,9660,20608
202607,202607,011,KRKAN,광양항,3,112158,0,0,112158
202607,202607,012,KRKAN,광양항,14,287898,11,101775,186123
202607,202607,014,KRKAN,광양항,24,2744471,20,1577852,1166619
202607,202607,016,KRKAN,광양항,59,13810106,0,0,13810106
202607,202607,017,KRKAN,광양항,1,61253,0,0,61253
202607,202607,020,KRKAN,광양항,202,2815714,0,0,2815714
202607,202607,021,KRKAN,광양항,14,631146,1,43412,587734
202607,202607,023,KRKAN,광양항,16,432149,0,0,432149
202607,202607,030,KRKAN,광양항,30,1636654,6,16329,1620325
202607,202607,033,KRKAN,광양항,20,903727,0,0,903727
202607,202607,040,KRKAN,광양항,1,214674,0,0,214674
202607,202607,050,KRKAN,광양항,3,12620978,0,0,12620978
202607,202607,052,KRKAN,광양항,0,0,3,130982,-130982
202607,202607,053,KRKAN,광양항,13,7695172,2,179746,7515426
202607,202607,056,KRKAN,광양항,12,1200245,0,0,1200245
202607,202607,060,KRKAN,광양항,4552,491764616,8,532994,491231622
202607,202607,062,KRKAN,광양항,7198,1284939911,6411,1383914690,-98974779
202607,202607,070,KRKAN,광양항,154,11318169,5,846328,10471841
202607,202607,071,KRKAN,광양항,1641,76462415,7,1378721,75083694
202607,202607,080,KRKAN,광양항,417,52283897,20,5014632,47269265
202607,202607,081,KRKAN,광양항,292,17231086,15,30520919,-13289833
202607,202607,082,KRKAN,광양항,490,43162544,49,3403991,39758553
202607,202607,084,KRKAN,광양항,15,943210,0,0,943210
202607,202607,102,KRKAN,광양항,6,526839,0,0,526839
202607,202607,110,KRKAN,광양항,29,26720651,0,0,26720651
202607,202607,120,KRKAN,광양항,62,3537794,0,0,3537794
202607,202607,121,KRKAN,광양항,144,7603686,2,56607,7547079
202607,202607,122,KRKAN,광양항,107,7807865,0,0,7807865
202607,202607,131,KRKAN,광양항,2,13000,2,89435,-76435
202607,202607,140,KRKAN,광양항,0,0,2,650,-650
202607,202607,150,KRKAN,광양항,137,5341512,0,0,5341512
202607,202607,151,KRKAN,광양항,51,10533340,0,0,10533340
202607,202607,152,KRKAN,광양항,82,14294444,0,0,14294444
202607,202607,153,KRKAN,광양항,14,3547904,1,79814,3468090
202607,202607,154,KRKAN,광양항,368,38060797,0,0,38060797
202607,202607,017,KRKCN,감천항,1,816,0,0,816
202607,202607,020,KRKCN,감천항,839,17542634,0,0,17542634
202607,202607,023,KRKCN,감천항,5,87343,0,0,87343
202607,202607,030,KRKCN,감천항,257,3766502,680,210985655,-207219153
202607,202607,039,KRKCN,감천항,0,0,2,283146,-283146
202607,202607,051,KRKCN,감천항,0,0,3,1019589,-1019589
202607,202607,052,KRKCN,감천항,13,119471,0,0,119471
202607,202607,053,KRKCN,감천항,11,8964871,0,0,8964871
202607,202607,056,KRKCN,감천항,0,0,1,327656,-327656
202607,202607,080,KRKCN,감천항,0,0,4,1537617,-1537617
202607,202607,110,KRKCN,감천항,11,218123,2,2987,215136
202607,202607,122,KRKCN,감천항,0,0,2,928394,-928394
202607,202607,152,KRKCN,감천항,3,102456,0,0,102456
202607,202607,154,KRKCN,감천항,2,150520,0,0,150520
202607,202607,051,KRKHN,고현항,58,578074111,44,42892298,535181813
202607,202607,020,KRKPO,포항항,7,857173,0,0,857173
202607,202607,030,KRKPO,포항항,7,1386787,4,163,1386624
202607,202607,053,KRKPO,포항항,12,2946740,0,0,2946740
202607,202607,060,KRKPO,포항항,1,417500,0,0,417500
202607,202607,062,KRKPO,포항항,7,1724044,0,0,1724044
202607,202607,080,KRKPO,포항항,9,3012577,0,0,3012577
202607,202607,110,KRKPO,포항항,3,2331887,0,0,2331887
202607,202607,120,KRKPO,포항항,2,448121,0,0,448121
202607,202607,122,KRKPO,포항항,1514,522413401,118,95174399,427239002
202607,202607,140,KRKPO,포항항,0,0,1,300,-300
202607,202607,152,KRKPO,포항항,15,1586746,0,0,1586746
202607,202607,153,KRKPO,포항항,1,165836,0,0,165836
202607,202607,010,KRKUV,군산항,0,0,1,7961,-7961
202607,202607,014,KRKUV,군산항,1,72052,0,0,72052
202607,202607,020,KRKUV,군산항,18,14044144,8882,50790498,-36746354
202607,202607,023,KRKUV,군산항,3,385080,0,0,385080
202607,202607,030,KRKUV,군산항,36,1183087,0,0,1183087
202607,202607,033,KRKUV,군산항,1,24883,0,0,24883
202607,202607,041,KRKUV,군산항,0,0,6,45600,-45600
202607,202607,053,KRKUV,군산항,29,447474,0,0,447474
202607,202607,060,KRKUV,군산항,1,7070,0,0,7070
202607,202607,062,KRKUV,군산항,2,409370,0,0,409370
202607,202607,070,KRKUV,군산항,1,566720,0,0,566720
202607,202607,071,KRKUV,군산항,16,1569297,0,0,1569297
202607,202607,080,KRKUV,군산항,469,72484270,231793,331359352,-258875082
202607,202607,081,KRKUV,군산항,1,73425,4,117673,-44248
202607,202607,082,KRKUV,군산항,25,4007258,29,1170565,2836693
202607,202607,084,KRKUV,군산항,0,0,1,157,-157
202607,202607,110,KRKUV,군산항,8,4153400,0,0,4153400
202607,202607,120,KRKUV,군산항,1,875073,0,0,875073
202607,202607,121,KRKUV,군산항,53,1577980,0,0,1577980
202607,202607,122,KRKUV,군산항,2,68082,0,0,68082
202607,202607,150,KRKUV,군산항,4,303042,0,0,303042
202607,202607,152,KRKUV,군산항,7,8534890,0,0,8534890
202607,202607,153,KRKUV,군산항,1,217260,0,0,217260
202607,202607,011,KRMAS,마산항,1,696850,0,0,696850
202607,202607,012,KRMAS,마산항,3,46011,0,0,46011
202607,202607,014,KRMAS,마산항,4,202211,0,0,202211
202607,202607,016,KRMAS,마산항,17,2071004,0,0,2071004
202607,202607,017,KRMAS,마산항,36,839269,134,7137668,-6298399
202607,202607,020,KRMAS,마산항,545,14267792,0,0,14267792
202607,202607,021,KRMAS,마산항,9,8207551,0,0,8207551
202607,202607,023,KRMAS,마산항,9,207228,0,0,207228
202607,202607,030,KRMAS,마산항,25,21769125,3,3014025,18755100
202607,202607,033,KRMAS,마산항,12,692627,0,0,692627
202607,202607,039,KRMAS,마산항,1,246773,0,0,246773
202607,202607,050,KRMAS,마산항,383,633738810,99,176771630,456967180
202607,202607,051,KRMAS,마산항,0,0,48,179342448,-179342448
202607,202607,053,KRMAS,마산항,304,617844252,0,0,617844252
202607,202607,054,KRMAS,마산항,2,3564610,0,0,3564610
202607,202607,056,KRMAS,마산항,11,8641073,3,685835,7955238
202607,202607,060,KRMAS,마산항,4,52233829,0,0,52233829
202607,202607,062,KRMAS,마산항,1,62700,0,0,62700
202607,202607,071,KRMAS,마산항,2,163368,0,0,163368
202607,202607,080,KRMAS,마산항,18,5401159,0,0,5401159
202607,202607,082,KRMAS,마산항,4,80270,0,0,80270
202607,202607,110,KRMAS,마산항,68,107515763,0,0,107515763
202607,202607,120,KRMAS,마산항,33,2739191,0,0,2739191
202607,202607,121,KRMAS,마산항,11,65215268,0,0,65215268
202607,202607,122,KRMAS,마산항,7,707257,0,0,707257
202607,202607,150,KRMAS,마산항,2,2038813,0,0,2038813
202607,202607,151,KRMAS,마산항,10,7501859,0,0,7501859
202607,202607,152,KRMAS,마산항,27,9239385,0,0,9239385
202607,202607,153,KRMAS,마산항,2,1138182,0,0,1138182
202607,202607,154,KRMAS,마산항,3,5240012,0,0,5240012
202607,202607,110,KRMIP,미포항,46,1138608522,0,0,1138608522
202607,202607,016,KRMOK,목포항,0,0,13,328943,-328943
202607,202607,020,KRMOK,목포항,1,1426741,0,0,1426741
202607,202607,030,KRMOK,목포항,0,0,1,30,-30
202607,202607,070,KRMOK,목포항,199,1284023087,63,118616505,1165406582
202607,202607,100,KRMUK,묵호항,5,539262,0,0,539262
202607,202607,100,KROKK,옥계항,1,1149500,13,12015708,-10866208
202607,202607,051,KROKP,옥포항,20,708809363,35,61278182,647531181
202607,202607,030,KRONS,온산항,1,676536,0,0,676536
202607,202607,060,KRONS,온산항,1,5251982,0,0,5251982
202607,202607,110,KRONS,온산항,288,1358481136,6,533727934,824753202
202607,202607,010,KRPTK,평택항,5,31137,2,8496,22641
202607,202607,011,KRPTK,평택항,2,216405,0,0,216405
202607,202607,012,KRPTK,평택항,30,2493218,109,3634265,-1141047
202607,202607,014,KRPTK,평택항,76,6278839,3,35857,6242982
202607,202607,016,KRPTK,평택항,6433,2459952612,184543,3599338709,-1139386097
202607,202607,017,KRPTK,평택항,54,22604885,4,56274,22548611
202607,202607,020,KRPTK,평택항,413,12502531,5513,35945753,-23443222
202607,202607,021,KRPTK,평택항,190,50722755,736,43397953,7324802
202607,202607,023,KRPTK,평택항,36,2038748,1,61326,1977422
202607,202607,030,KRPTK,평택항,168,28404112,76,15712820,12691292
202607,202607,033,KRPTK,평택항,6,465941,1,500,465441
202607,202607,039,KRPTK,평택항,4,94532,12906,351584,-257052
202607,202607,040,KRPTK,평택항,4,448790,21,388746,60044
202607,202607,041,KRPTK,평택항,3,146959,0,0,146959
202607,202607,050,KRPTK,평택항,25,856595,0,0,856595
202607,202607,051,KRPTK,평택항,0,0,1,3980222,-3980222
202607,202607,053,KRPTK,평택항,90,5176264,1,114517,5061747
202607,202607,056,KRPTK,평택항,12,5013366,8,1271934,3741432
202607,202607,060,KRPTK,평택항,4,496000,0,0,496000
202607,202607,062,KRPTK,평택항,7,495124,0,0,495124
202607,202607,070,KRPTK,평택항,1,179369,0,0,179369
202607,202607,071,KRPTK,평택항,16,567842,3,432468,135374
202607,202607,080,KRPTK,평택항,22,10316800,4,1263656,9053144
202607,202607,081,KRPTK,평택항,27,1183501,11,396490,787011
202607,202607,082,KRPTK,평택항,19,960356,0,0,960356
202607,202607,102,KRPTK,평택항,12,3708204,0,0,3708204
202607,202607,110,KRPTK,평택항,15,739279,4,94684,644595
202607,202607,120,KRPTK,평택항,167,139780289,0,0,139780289
202607,202607,121,KRPTK,평택항,285,69850706,15,9170362,60680344
202607,202607,122,KRPTK,평택항,7,1452707,0,0,1452707
202607,202607,130,KRPTK,평택항,7,46206,0,0,46206
202607,202607,131,KRPTK,평택항,23,1468090,6,185800,1282290
202607,202607,150,KRPTK,평택항,50,2555710,2,56731,2498979
202607,202607,151,KRPTK,평택항,307,57184038,25,1391169,55792869
202607,202607,152,KRPTK,평택항,1160,273117537,225,33757879,239359658
202607,202607,153,KRPTK,평택항,20,1705403,4,242396,1463007
202607,202607,154,KRPTK,평택항,506,84369623,3,63,84369560
202607,202607,010,KRPUS,부산항,4826,32460502,133,5807421,26653081
202607,202607,011,KRPUS,부산항,516,15228872,0,0,15228872
202607,202607,012,KRPUS,부산항,2954,192901944,696,92310703,100591241
202607,202607,014,KRPUS,부산항,5037,363435607,45,6813220,356622387
202607,202607,016,KRPUS,부산항,5097,491408271,910,302116233,189292038
202607,202607,017,KRPUS,부산항,3365,163014875,148,8198646,154816229
202607,202607,020,KRPUS,부산항,6186,358814902,401,24339445,334475457
202607,202607,021,KRPUS,부산항,5499,501132712,548,81470569,419662143
202607,202607,023,KRPUS,부산항,3417,247440135,16,572860,246867275
202607,202607,030,KRPUS,부산항,56571,4313960063,60664,5104925099,-790965036
202607,202607,033,KRPUS,부산항,4606,290280152,3495,107095218,183184934
202607,202607,037,KRPUS,부산항,0,0,4,3290,-3290
202607,202607,039,KRPUS,부산항,2499,147383210,146978,94560394,52822816
202607,202607,040,KRPUS,부산항,442,45623600,178,32557325,13066275
202607,202607,041,KRPUS,부산항,72,5340304,96,8608174,-3267870
202607,202607,050,KRPUS,부산항,1382,91096223,131,2044848,89051375
202607,202607,051,KRPUS,부산항,11,1346300,107,18502676,-17156376
202607,202607,052,KRPUS,부산항,6,933671,0,0,933671
202607,202607,053,KRPUS,부산항,11890,553801348,787,41060293,512741055
202607,202607,054,KRPUS,부산항,41,2792973,3,959345,1833628
202607,202607,056,KRPUS,부산항,1642,140866705,89,11113887,129752818
202607,202607,060,KRPUS,부산항,1865,162642654,9,1105908,161536746
202607,202607,062,KRPUS,부산항,844,75914128,17,1453476,74460652
202607,202607,070,KRPUS,부산항,510,25212057,97,13660169,11551888
202607,202607,071,KRPUS,부산항,1239,130931748,151,9912092,121019656
202607,202607,080,KRPUS,부산항,1050,119337567,96,17105253,102232314
202607,202607,081,KRPUS,부산항,1009,122101799,64,4560852,117540947
202607,202607,082,KRPUS,부산항,1651,163529723,77,2537100,160992623
202607,202607,084,KRPUS,부산항,192,11647640,0,0,11647640
202607,202607,090,KRPUS,부산항,22,790546,50,2342361,-1551815
202607,202607,100,KRPUS,부산항,93,3992753,9,534917,3457836
202607,202607,101,KRPUS,부산항,9,505322,45,1481558,-976236
202607,202607,102,KRPUS,부산항,740,47731734,0,0,47731734
202607,202607,110,KRPUS,부산항,9879,1328012010,602,76961346,1251050664
202607,202607,120,KRPUS,부산항,9722,648894500,215,10504701,638389799
202607,202607,121,KRPUS,부산항,7706,674165732,686,44539303,629626429
202607,202607,122,KRPUS,부산항,2397,270187908,112,23962448,246225460
202607,202607,130,KRPUS,부산항,810,29624706,7,769618,28855088
202607,202607,131,KRPUS,부산항,1882,87952335,167,14072312,73880023
202607,202607,140,KRPUS,부산항,37,9293988,32,3503733,5790255
202607,202607,150,KRPUS,부산항,4422,348292069,82,3161557,345130512
202607,202607,151,KRPUS,부산항,4157,593037902,449,204300530,388737372
202607,202607,152,KRPUS,부산항,5637,516586379,339,48088370,468498009
202607,202607,153,KRPUS,부산항,2578,212891250,69,11802811,201088439
202607,202607,154,KRPUS,부산항,1803,193548979,8,220415,193328564
202607,202607,030,KRSCP,삼천포항,0,0,3,58,-58
202607,202607,052,KRSCP,삼천포항,0,0,16,113272078,-113272078
202607,202607,110,KRSHG,포항신항,0,0,11,12061055,-12061055
202607,202607,122,KRSHG,포항신항,41,21615446,96,469387417,-447771971
202607,202607,152,KRSHG,포항신항,4,981855,0,0,981855
202607,202607,020,KRSHO,속초항,13,351545,0,0,351545
202607,202607,100,KRSHO,속초항,2,78910,0,0,78910
202607,202607,101,KRSHO,속초항,2,63156,7,1490016,-1426860
202607,202607,151,KRSHO,속초항,4,131084,0,0,131084
202607,202607,030,KRTAN,태안항,0,0,2,108,-108
202607,202607,154,KRTAN,태안항,0,0,14,148813273,-148813273
202607,202607,010,KRTGH,동해항,12,158411,0,0,158411
202607,202607,012,KRTGH,동해항,7,186576,0,0,186576
202607,202607,014,KRTGH,동해항,17,479988,0,0,479988
202607,202607,017,KRTGH,동해항,13,226143,0,0,226143
202607,202607,020,KRTGH,동해항,581,14167177,0,0,14167177
202607,202607,021,KRTGH,동해항,5,143279,0,0,143279
202607,202607,023,KRTGH,동해항,44,1486701,0,0,1486701
202607,202607,030,KRTGH,동해항,9,49190,0,0,49190
202607,202607,054,KRTGH,동해항,1,15145,0,0,15145
202607,202607,100,KRTGH,동해항,158,19242162,169,270546970,-251304808
202607,202607,101,KRTGH,동해항,0,0,1,63942,-63942
202607,202607,130,KRTGH,동해항,2,16508,0,0,16508
202607,202607,131,KRTGH,동해항,11,1311897,0,0,1311897
202607,202607,140,KRTGH,동해항,0,0,1,300,-300
202607,202607,151,KRTGH,동해항,52,1586822,0,0,1586822
202607,202607,153,KRTGH,동해항,1,28738,0,0,28738
202607,202607,154,KRTGH,동해항,1,25003,0,0,25003
202607,202607,016,KRTJI,당진항,4,6447558,66,320245019,-313797461
202607,202607,020,KRTJI,당진항,82,11226950,0,0,11226950
202607,202607,030,KRTJI,당진항,0,0,2,20,-20
202607,202607,039,KRTJI,당진항,1,432328,0,0,432328
202607,202607,060,KRTJI,당진항,31,2977853,0,0,2977853
202607,202607,062,KRTJI,당진항,2,2438692,0,0,2438692
202607,202607,080,KRTJI,당진항,26,4570892,0,0,4570892
202607,202607,110,KRTJI,당진항,4,1960062,0,0,1960062
202607,202607,152,KRTJI,당진항,640,205266566,15,10551336,194715230
202607,202607,153,KRTJI,당진항,1,179817,0,0,179817
202607,202607,154,KRTJI,당진항,0,0,14,136208174,-136208174
202607,202607,016,KRTSN,대산항,1,56558,0,0,56558
202607,202607,030,KRTSN,대산항,0,0,1,34,-34
202607,202607,060,KRTSN,대산항,1,3018558,0,0,3018558
202607,202607,152,KRTSN,대산항,0,0,1,80,-80
202607,202607,154,KRTSN,대산항,529,1475901508,156,2573678533,-1097777025
202607,202607,030,KRTYG,통영항,10,302414,0,0,302414
202607,202607,039,KRTYG,통영항,1,15585,0,0,15585
202607,202607,054,KRTYG,통영항,10,51498436,360,14252307,37246129
202607,202607,110,KRTYG,통영항,1,61258,0,0,61258
202607,202607,120,KRTYG,통영항,0,0,2,1255652,-1255652
202607,202607,140,KRTYG,통영항,0,0,3,2000,-2000
202607,202607,014,KRUSN,울산항,1,119390,0,0,119390
202607,202607,020,KRUSN,울산항,8,4528885,0,0,4528885
202607,202607,021,KRUSN,울산항,1,74926,0,0,74926
202607,202607,023,KRUSN,울산항,4,803433,0,0,803433
202607,202607,030,KRUSN,울산항,7,779479,6,147148,632331
202607,202607,033,KRUSN,울산항,0,0,1,525,-525
202607,202607,039,KRUSN,울산항,9,10487419,0,0,10487419
202607,202607,053,KRUSN,울산항,0,0,16,683827,-683827
202607,202607,056,KRUSN,울산항,2,394863,0,0,394863
202607,202607,060,KRUSN,울산항,10,7690664,0,0,7690664
202607,202607,062,KRUSN,울산항,1,20765,0,0,20765
202607,202607,080,KRUSN,울산항,5,2420038,0,0,2420038
202607,202607,082,KRUSN,울산항,9,1088246,0,0,1088246
202607,202607,102,KRUSN,울산항,1,246564,0,0,246564
202607,202607,110,KRUSN,울산항,6020,4419847040,2549,6618494639,-2198647599
202607,202607,120,KRUSN,울산항,19,3540384,0,0,3540384
202607,202607,122,KRUSN,울산항,11,1375565,0,0,1375565
202607,202607,151,KRUSN,울산항,1,3780,0,0,3780
202607,202607,152,KRUSN,울산항,11,4298690,0,0,4298690
202607,202607,154,KRUSN,울산항,4,3186669,0,0,3186669
202607,202607,122,KRYMH,영일만항,0,0,95,5261733,-5261733
202607,202607,060,KRYOC,여천항,0,0,103,879354774,-879354774
202607,202607,030,KRYOS,여수항,0,0,6,1283,-1283
202607,202607,033,KRYOS,여수항,0,0,3,1500,-1500
202607,202607,060,KRYOS,여수항,304,2214863634,275,3064348732,-849485098
202607,202607,110,KRYOS,여수항,1,2818,0,0,2818
202607,202607,152,KRYOS,여수항,6,1650269,0,0,1650269
202607,202607,010,KRZZZ,기타불개항,29,27454815,0,0,27454815
202607,202607,016,KRZZZ,기타불개항,0,0,6,4612,-4612
202607,202607,017,KRZZZ,기타불개항,0,0,2,4015,-4015
202607,202607,020,KRZZZ,기타불개항,0,0,44,3850888,-3850888
202607,202607,040,KRZZZ,기타불개항,0,0,1,200,-200
202607,202607,051,KRZZZ,기타불개항,0,0,1,511320,-511320
202607,202607,052,KRZZZ,기타불개항,0,0,1,46,-46
202607,202607,054,KRZZZ,기타불개항,4,20014,11,451383728,-451363714
202607,202607,062,KRZZZ,기타불개항,0,0,10,132169150,-132169150
202607,202607,070,KRZZZ,기타불개항,3,356810,1,462000,-105190
202607,202607,081,KRZZZ,기타불개항,10,513977,0,0,513977
202607,202607,082,KRZZZ,기타불개항,2,1384,0,0,1384
202607,202607,100,KRZZZ,기타불개항,1,1450,3,146986394,-146984944
202607,202607,121,KRZZZ,기타불개항,0,0,3,495989,-495989
202607,202607,080,KUV,군산공항,1,236,2,240,-4
202607,202607,014,PUS,김해국제공항,1,4518,0,0,4518
202607,202607,017,PUS,김해국제공항,0,0,4,174042,-174042
202607,202607,021,PUS,김해국제공항,5,56247,0,0,56247
202607,202607,030,PUS,김해국제공항,472,7596159,48,199519,7396640
202607,202607,033,PUS,김해국제공항,58,941428,2,21214,920214
202607,202607,039,PUS,김해국제공항,85,473231,2,9460,463771
202607,202607,040,PUS,김해국제공항,38,215952,10,4192351,-3976399
202607,202607,050,PUS,김해국제공항,74,11847280,1,1759,11845521
202607,202607,051,PUS,김해국제공항,1,7955,2,3287,4668
202607,202607,053,PUS,김해국제공항,115,1813490,1,3140,1810350
202607,202607,054,PUS,김해국제공항,0,0,5,493363,-493363
202607,202607,056,PUS,김해국제공항,8,629670,12,224884,404786
202607,202607,060,PUS,김해국제공항,5,555831,0,0,555831
202607,202607,071,PUS,김해국제공항,1,4901,0,0,4901
202607,202607,110,PUS,김해국제공항,5,21327,1,23357,-2030
202607,202607,120,PUS,김해국제공항,18,113420,0,0,113420
202607,202607,121,PUS,김해국제공항,2,571422,41,23577326,-23005904
202607,202607,140,PUS,김해국제공항,210,1517139,1134,20917654,-19400515
202607,202607,151,PUS,김해국제공항,1,2772,0,0,2772
202607,202607,012,SSN,성남공항,0,0,1,33061,-33061
202607,202607,120,TAE,대구국제공항,7,8553,57,289413,-280860
202607,202607,121,TAE,대구국제공항,3,26708,0,0,26708
202607,202607,110,USN,울산공항,1,1510,0,0,1510
202607,202607,101,YNY,양양국제공항,0,0,7,47263,-47263
202607,202607,010,ZZZZZ,기타항,1,203,0,0,203
202607,202607,012,ZZZZZ,기타항,2,36000,0,0,36000
202607,202607,030,ZZZZZ,기타항,1,2112,0,0,2112
202607,202607,040,ZZZZZ,기타항,17,2093,0,0,2093
202607,202607,120,ZZZZZ,기타항,1,2954,0,0,2954
202607,202607,150,ZZZZZ,기타항,1,1400,0,0,1400
202607,총계,,-,-,1111934,98959098818,5158848,68567473420,30391625398
